txn_id,rules,reason,user_id,timestamp,amount,merchant_name,device_id,related_txn_ids
t_7918e4346e1a43ae,CARD_TESTING_BURST,Card-testing burst: 10 charges under $5 at 6 different merchants within 17 min ($27.28 so far). The burst ran to 15 charges and $42.64 by 07:40 UTC; its other charges are listed in related_txn_ids.,u_01677,2026-05-03T07:33:16Z,0.8,WEBSERVICES PRO,d_002344,t_60aad19b69324879;t_0301935522ad027e;t_0297aba40e9c85e4;t_4078b5aa084c22e1;t_478d50b72a938400;t_26655d06ee8e1feb;t_193c29a7cbed7890;t_4a89608c4d843b93;t_35f5224ad52d7212;t_0c78388e0699164b;t_1fb75d856d47586b;t_4fa3e85f7dee80af;t_78d4892488fa0490;t_4531490f665264b1
t_09671d78565377ac,CARD_TESTING_BURST,Card-testing burst: 10 charges under $5 at 7 different merchants within 14 min ($27.96 so far). The burst ran to 20 charges and $55.57 by 09:03 UTC; its other charges are listed in related_txn_ids.,u_01678,2026-05-03T08:46:26Z,4.52,APPSTORE-MICRO,d_002346,t_0c9c24fbaa5e4a75;t_5b960a988d78686f;t_46974935a2858501;t_224d95f4b9ef7b60;t_61e1f3e30dd42d17;t_28aae40d4d786671;t_13371070d3982c20;t_727f9ca941ab6831;t_0144f64170feb4a2;t_73915879fa638159;t_3d08c8c6774e66bc;t_6518e566570a68b1;t_258f42d5d8d56971;t_18c09eb3f9186fa2;t_0ac26f0d533ebb63;t_0c450cd821fcb723;t_4652d1f3645e7393;t_2967fd681d8287d5;t_456210f72f4b6a9a
t_3d01c08eda4888da,CARD_TESTING_BURST,Card-testing burst: 10 charges under $5 at 8 different merchants within 15 min ($22.43 so far). The burst ran to 20 charges and $49.41 by 01:16 UTC; its other charges are listed in related_txn_ids.,u_01255,2026-05-05T01:02:27Z,3.42,EBOOKS DIRECT,d_001757,t_5a495e22824fd4b3;t_6f48319332c35ed7;t_1bd601a25526684a;t_7b876f55f06a9469;t_137087b12bff0002;t_4e608dc030dc1e54;t_17ffeea880dbf7c5;t_6147b38ea54e92f6;t_286d02fd6b9fcc87;t_42c304829ab02f45;t_7933c1d18f1410ab;t_5fcb30d89036fdf5;t_75dc515f02a2dbdc;t_4d58563cf3842d30;t_578cd396bc4de556;t_298d520cb6139453;t_6274ba107d191a9a;t_7cb9346ab5cbd413;t_20b7a1367d28cb7b
t_02cad7b90911cef3,CARD_TESTING_BURST,Card-testing burst: 10 charges under $5 at 8 different merchants within 24 min ($23.52 so far). The burst ran to 22 charges and $62.53 by 07:45 UTC; its other charges are listed in related_txn_ids.,u_01419,2026-05-06T07:24:16Z,1.9,EBOOKS DIRECT,d_001984,t_76d112ef652d2f9f;t_489c04cea78fcdd2;t_06ebc713229427e7;t_0b74d3be79a1f0b8;t_0a86ae7eb5d9e7ed;t_7428cf385b4f4b5b;t_3f3b5b6cd84319f8;t_290afb710f1c39e0;t_49341c630619bc04;t_77fa15ddd65bfca5;t_4f5f348a5a6d7ca9;t_0df3da73125fb8a1;t_29a83cd0b7de914d;t_449472b44835a04d;t_483d99a79ee08e80;t_70560bcde9041dd3;t_31298bf8e0a21809;t_6b38d0d9c0c67fd0;t_1c6a4478f05c5751;t_4834850226b7c97b;t_1d576bc5197a37a5
t_591acc3c55b7edcd,CARD_TESTING_BURST,Card-testing burst: 10 charges under $5 at 6 different merchants within 13 min ($28.17 so far). The burst ran to 25 charges and $66.32 by 12:19 UTC; its other charges are listed in related_txn_ids.,u_01889,2026-05-07T11:54:35Z,2.28,QUICKSUB.IO,d_002649,t_5e9a097b422d26dd;t_1ca5d6a8210fdfcb;t_682e419ca8e632d0;t_055466c633567209;t_79e933b06151f039;t_1ba60e7da2748669;t_5e8bde03b58a1de3;t_4b8c71d6cb022e03;t_64f3bc05794e9e3b;t_52a72f20a95447e5;t_531718e6922e5a3b;t_37beb0a5fd59c827;t_4ad440e550eb9c69;t_05a905adf9a4cc10;t_66fd1738d3fa81fe;t_6ab7258bb797c2cd;t_6460e1b2c6f09bd6;t_332334dd94d7789f;t_37224a62f646a9ee;t_325e0dfa0d46263d;t_7b2a3911f9b0ef06;t_12dc600603a3dd5a;t_4f08d492f4afa436;t_2a887876c3942533
t_4519c1ee926b20ca,CARD_TESTING_BURST,Card-testing burst: 10 charges under $5 at 8 different merchants within 16 min ($24.69 so far). The burst ran to 13 charges and $31.05 by 17:06 UTC; its other charges are listed in related_txn_ids.,u_00522,2026-05-07T17:01:30Z,2.68,EBOOKS DIRECT,d_000731,t_1bde18a07d3d17f0;t_3cb6bc657a109a08;t_5184c6599f58452a;t_1d4ae955f4aea042;t_2d2a7c610da97df9;t_1ce240dea6a0aaa4;t_1620f2760714a0bf;t_1ac329d473ac7993;t_4e6b695640938720;t_564c07753687bd32;t_27d93b013ec0385e;t_55ad8ec4491008bc
t_10fa8874d6a55789,LARGE_PURCHASE_ON_NEW_DEVICE,"Large purchase on new device: $109.21 at STEAM on device d_002667, its first transaction on this account (2026-05-10 19:43 UTC). That is 4x the account's median purchase of $28.68 over its 18 earlier purchases.",u_01904,2026-05-10T19:43:27Z,109.21,STEAM,d_002667,
t_0f7cf540499a53d4,CARD_TESTING_BURST,Card-testing burst: 10 charges under $5 at 7 different merchants within 14 min ($25.21 so far). The burst ran to 16 charges and $37.84 by 14:40 UTC; its other charges are listed in related_txn_ids.,u_01169,2026-05-11T14:32:10Z,1.9,DONATENOW ORG,d_001642,t_765c21837853f74b;t_5db9e96207088610;t_340a749bc4c778c0;t_4ed24444689fcce3;t_18cbe7d43a443520;t_7a62b46303c6acdc;t_3cb731880a8a8820;t_021c6c0ddcf73cb2;t_14e1c385317a3ffe;t_277414f3a1d239ef;t_2d56e635188d836a;t_69065acfa2cd0ef2;t_6bdbb0ac25cf0fd0;t_793eb073b709958e;t_513978d64d763304
t_3f02f91d8929103e,CARD_TESTING_BURST,Card-testing burst: 10 charges under $5 at 8 different merchants within 14 min ($25.78 so far). The burst ran to 20 charges and $49.16 by 17:10 UTC; its other charges are listed in related_txn_ids.,u_01144,2026-05-12T16:51:08Z,3.56,GAMETOP CREDITS,d_001607,t_0ba29ea98237355d;t_62632d89ba3236ba;t_67d97e139c1d3873;t_0e1006a24882e816;t_65715a51d1a20678;t_1be448a21a7669dd;t_4c11206a4db585e9;t_7f261850b3b52ea1;t_5d1f95a55dcd33c7;t_7436c7bc3e01fbe7;t_382a9ff9cfe913c8;t_7620e053df30e87f;t_0d6d29eece10e4d8;t_059d0a789b23ba18;t_416306378046f30d;t_427e2e2da7576658;t_75f61955a947ce53;t_203f81fce47648b2;t_392dc166d0d178d2
t_4daa2939321b3dd6,CARD_TESTING_BURST,Card-testing burst: 10 charges under $5 at 7 different merchants within 16 min ($30.43 so far). The burst ran to 16 charges and $38.59 by 09:14 UTC; its other charges are listed in related_txn_ids.,u_00680,2026-05-15T09:03:10Z,4.33,GAMETOP CREDITS,d_000958,t_067be3ec451ac1a0;t_767894b22c9700e5;t_2e0dcc6ff7270137;t_64adfa36cdefdbc2;t_1bfa7e482dd09e70;t_04b69acd7dc6ce40;t_39c94fc47b728efd;t_1b9c5b5ca3807a7a;t_5c9a4f70b0bc95fc;t_3e1cfdab6f039060;t_674a60386c2a9092;t_2edab1890b9a42ab;t_38dd8d9aa775aed0;t_4d93a28a1e08e587;t_4b5607d36a26d420
t_27ce02fdd1379bb4,LARGE_PURCHASE_ON_NEW_DEVICE,"Large purchase on new device: $335.55 at GIFTCARDS EXPRESS on device d_772146, 1.9h after it first appeared on this account (2026-05-15 09:06 UTC). That is 7x the account's median purchase of $46.70 over its 34 earlier purchases.",u_01032,2026-05-15T11:01:20Z,335.55,GIFTCARDS EXPRESS,d_772146,
t_39e5ea5deb636c3f,LARGE_PURCHASE_ON_NEW_DEVICE,"Large purchase on new device: $154.13 at JEWELRY WHOLESALE CO on device d_772146, 10.9h after it first appeared on this account (2026-05-15 09:06 UTC). That is 3x the account's median purchase of $46.70 over its 34 earlier purchases.",u_01032,2026-05-15T20:02:43Z,154.13,JEWELRY WHOLESALE CO,d_772146,
t_27d20598dd9ca4a5,LARGE_PURCHASE_ON_NEW_DEVICE,"Large purchase on new device: $415.17 at JEWELRY WHOLESALE CO on device d_772146, 12.6h after it first appeared on this account (2026-05-15 09:06 UTC). That is 9x the account's median purchase of $46.70 over its 34 earlier purchases.",u_01032,2026-05-15T21:43:02Z,415.17,JEWELRY WHOLESALE CO,d_772146,
t_159c1f17efc3e7fc,CARD_TESTING_BURST,Card-testing burst: 10 charges under $5 at 7 different merchants within 14 min ($29.00 so far). The burst ran to 24 charges and $70.31 by 04:07 UTC; its other charges are listed in related_txn_ids.,u_01026,2026-05-16T03:42:21Z,1.69,GAMETOP CREDITS,d_001435,t_4957d15f7252352d;t_514a9d559f48d628;t_4a929091c3e1b796;t_63dbf04ab6429402;t_1572c53e28312c5b;t_09a3f6f0ceabd4f9;t_330e5eb33e1126e2;t_7ece6ef0d0186419;t_5c70fa01c53eb539;t_29131ec1a354f8fa;t_654b99195574b08c;t_5295d57d6dc51a95;t_5814f4f1a280b5cc;t_3821bb3a7ae6a01c;t_06be2016ab6119eb;t_4a93d38df0541c21;t_7010e8ed52654af6;t_5ed1b474497f0755;t_58649079b66e1b9f;t_28a545d8c06ae3d5;t_2718f695b5681d17;t_727f944d01125e22;t_56e15711898e8eb2
t_1b4b4593dccd882a,DEVICE_NEW_TO_MULTIPLE_ACCOUNTS;LARGE_PURCHASE_ON_NEW_DEVICE,"Device new to multiple accounts: device d_772146 has been used by 2 accounts that had never used it before, starting 2026-05-15. One device operating several accounts points to an account-takeover ring or mule farm. This transaction: $386.23 at GIFTCARDS EXPRESS. | Large purchase on new device: $386.23 at GIFTCARDS EXPRESS on device d_772146, its first transaction on this account (2026-05-17 14:38 UTC). That is 23x the account's median purchase of $16.99 over its 35 earlier purchases.",u_01943,2026-05-17T14:38:51Z,386.23,GIFTCARDS EXPRESS,d_772146,
t_5ccc6e5b628bb50e,CARD_TESTING_BURST,Card-testing burst: 11 charges under $5 at 5 different merchants within 14 min ($28.68 so far). The burst ran to 15 charges and $40.81 by 17:30 UTC; its other charges are listed in related_txn_ids.,u_00626,2026-05-17T17:26:46Z,0.75,GAMETOP CREDITS,d_000880,t_796456905005d808;t_4afc54b23e4bbaeb;t_073085a8ab445f56;t_29373f4133505a6a;t_4b71afb0e150ed57;t_2b5dbabdaf7b1d52;t_09ed11ce18b4e9d6;t_0632d8deda833e41;t_0dc8e4ac38c322b1;t_79da72b2eb45663d;t_688d9e8889c357b9;t_2d1ce99d27dfb3cb;t_63de15ecd54b6791;t_7afd6f36d23d3a90
t_3f0137bd06c266dd,DEVICE_NEW_TO_MULTIPLE_ACCOUNTS;LARGE_PURCHASE_ON_NEW_DEVICE,"Device new to multiple accounts: device d_772146 has been used by 2 accounts that had never used it before, starting 2026-05-15. One device operating several accounts points to an account-takeover ring or mule farm. This transaction: $406.96 at RESELL MARKET 24. | Large purchase on new device: $406.96 at RESELL MARKET 24 on device d_772146, 12.2h after it first appeared on this account (2026-05-17 14:38 UTC). That is 24x the account's median purchase of $16.99 over its 35 earlier purchases.",u_01943,2026-05-18T02:49:38Z,406.96,RESELL MARKET 24,d_772146,
t_70826bc44e8f84e6,DEVICE_NEW_TO_MULTIPLE_ACCOUNTS,"Device new to multiple accounts: device d_772146 has been used by 2 accounts that had never used it before, starting 2026-05-15. One device operating several accounts points to an account-takeover ring or mule farm. This transaction: $371.53 at LUXE ELECTRONICS OUTLET.",u_01943,2026-05-18T17:39:17Z,371.53,LUXE ELECTRONICS OUTLET,d_772146,
t_463e195141e1acc1,DEVICE_NEW_TO_MULTIPLE_ACCOUNTS,"Device new to multiple accounts: device d_772146 has been used by 2 accounts that had never used it before, starting 2026-05-15. One device operating several accounts points to an account-takeover ring or mule farm. This transaction: $377.70 at GIFTCARDS EXPRESS.",u_01943,2026-05-18T20:01:10Z,377.7,GIFTCARDS EXPRESS,d_772146,
t_07bb52a50e4296eb,CARD_TESTING_BURST,Card-testing burst: 10 charges under $5 at 7 different merchants within 17 min ($21.19 so far). The burst ran to 19 charges and $42.04 by 01:04 UTC; its other charges are listed in related_txn_ids.,u_00794,2026-05-19T00:53:11Z,2.91,QUICKSUB.IO,d_001110,t_17dedc9452a3fa60;t_22201fc5374dcbd8;t_4680bc8e2bead10f;t_115cb94b3f0ecd71;t_6e59a7de9d1d43af;t_58af19f9e6cc8f37;t_34da3410d89309b4;t_2c0d3900be45e6b0;t_4727ee8e883d5361;t_4d4b502ddecfe7a5;t_60636f89da900805;t_30da3a542021ac33;t_573e6bf845072307;t_0f44ac5c0bf06efb;t_7f71ea3d61da17b2;t_4f798b45db5dd79e;t_06c4598502f6deca;t_3acd95f3ad07715f
t_42740d31b627069a,CARD_TESTING_BURST,Card-testing burst: 10 charges under $5 at 8 different merchants within 18 min ($32.39 so far). The burst ran to 20 charges and $62.97 by 06:19 UTC; its other charges are listed in related_txn_ids.,u_01477,2026-05-19T06:02:47Z,0.84,DONATENOW ORG,d_002061,t_33e8cff6514cc39b;t_2d48d8bf139a8a28;t_11e185cefaca38b2;t_7acb5ee0eef98be7;t_58c768e0a2368296;t_4fa6dcf098b2ef45;t_546aecb478029fef;t_71756bf95f154668;t_6e1c54a24b473957;t_6e24b28f7cf541fc;t_440e82c1b7d6febd;t_7287fbeeb7373bb9;t_6e87fff112e051da;t_75a16e24b9afda10;t_3e788b0c4daf7fee;t_2781ba6fc047d405;t_37153de9ee8e2aac;t_4d7115c86b14f29b;t_10dcf9b083066e31
t_1d555b940fab77d4,DEVICE_NEW_TO_MULTIPLE_ACCOUNTS,"Device new to multiple accounts: device d_772146 has been used by 2 accounts that had never used it before, starting 2026-05-15. One device operating several accounts points to an account-takeover ring or mule farm. This transaction: $294.77 at JEWELRY WHOLESALE CO.",u_01943,2026-05-19T15:11:43Z,294.77,JEWELRY WHOLESALE CO,d_772146,
t_099091ef011127ab,CARD_TESTING_BURST,Card-testing burst: 10 charges under $5 at 8 different merchants within 12 min ($30.76 so far). The burst ran to 22 charges and $59.99 by 17:40 UTC; its other charges are listed in related_txn_ids.,u_01584,2026-05-19T17:21:17Z,4.36,QUICKSUB.IO,d_002212,t_1884acf119ccf78c;t_5e5113e1dd67f4e3;t_41e8bc4d347b77af;t_268658754380bb9a;t_79c0b4e984b08cc1;t_4ce40d64c157a87d;t_363eb5bf9a631c05;t_35958685036c8a7b;t_48a9f08f778351b9;t_702e6248ce413a6c;t_225d256b8bf25bed;t_321e078e5b87bae2;t_67ecf572c99521f9;t_247e1cbbd776c210;t_2c48919c158f1fc3;t_24b75954f136d52a;t_0b934366f9d6e4a5;t_32bc5e5fa83860da;t_5b7c26099d229f23;t_4ef05051d3b6e360;t_71f28fa8d90c187d
t_7add65f205e5194a,DEVICE_NEW_TO_MULTIPLE_ACCOUNTS;LARGE_PURCHASE_ON_NEW_DEVICE,"Device new to multiple accounts: device d_772146 has been used by 3 accounts that had never used it before, starting 2026-05-15. One device operating several accounts points to an account-takeover ring or mule farm. This transaction: $339.48 at PREPAID DEPOT. | Large purchase on new device: $339.48 at PREPAID DEPOT on device d_772146, its first transaction on this account (2026-05-20 00:16 UTC). That is 14x the account's median purchase of $24.52 over its 30 earlier purchases.",u_01810,2026-05-20T00:16:41Z,339.48,PREPAID DEPOT,d_772146,
t_28a771a1f45d241b,DEVICE_NEW_TO_MULTIPLE_ACCOUNTS;LARGE_PURCHASE_ON_NEW_DEVICE,"Device new to multiple accounts: device d_772146 has been used by 3 accounts that had never used it before, starting 2026-05-15. One device operating several accounts points to an account-takeover ring or mule farm. This transaction: $164.09 at RESELL MARKET 24. | Large purchase on new device: $164.09 at RESELL MARKET 24 on device d_772146, 18.5h after it first appeared on this account (2026-05-20 00:16 UTC). That is 7x the account's median purchase of $24.52 over its 30 earlier purchases.",u_01810,2026-05-20T18:46:25Z,164.09,RESELL MARKET 24,d_772146,
t_5738aa6e8eaac932,DEVICE_NEW_TO_MULTIPLE_ACCOUNTS;LARGE_PURCHASE_ON_NEW_DEVICE,"Device new to multiple accounts: device d_772146 has been used by 3 accounts that had never used it before, starting 2026-05-15. One device operating several accounts points to an account-takeover ring or mule farm. This transaction: $309.07 at PREPAID DEPOT. | Large purchase on new device: $309.07 at PREPAID DEPOT on device d_772146, 19.8h after it first appeared on this account (2026-05-20 00:16 UTC). That is 13x the account's median purchase of $24.52 over its 30 earlier purchases.",u_01810,2026-05-20T20:06:27Z,309.07,PREPAID DEPOT,d_772146,
t_685ecd7895be3d88,CARD_TESTING_BURST,Card-testing burst: 10 charges under $5 at 7 different merchants within 16 min ($33.57 so far). The burst ran to 18 charges and $60.28 by 03:43 UTC; its other charges are listed in related_txn_ids.,u_01458,2026-05-21T03:33:59Z,3.24,GLOBALPAY NET,d_002037,t_04485b158dc67b4d;t_41439b2442546f56;t_3f3350bfec1739bc;t_5e927f3eea1a55f3;t_08f68a3455e19efa;t_4f4dd056070daf95;t_6ab7e6a682384930;t_61f39d7fcc381056;t_4eec4bd8c43962b8;t_471886a85195dd5a;t_26fd2298720061bd;t_0fd9adfcf03d8baf;t_5fd00697aff69840;t_10a2eb8d264448a9;t_5c4ec822d1b3bf6b;t_4e0da55055de3f37;t_430f04220efea827
t_216f1e2c40916c1b,DEVICE_NEW_TO_MULTIPLE_ACCOUNTS,"Device new to multiple accounts: device d_772146 has been used by 3 accounts that had never used it before, starting 2026-05-15. One device operating several accounts points to an account-takeover ring or mule farm. This transaction: $227.10 at PREPAID DEPOT.",u_01810,2026-05-21T13:32:05Z,227.1,PREPAID DEPOT,d_772146,
t_39dfe879d6f35693,DEVICE_NEW_TO_MULTIPLE_ACCOUNTS,"Device new to multiple accounts: device d_772146 has been used by 3 accounts that had never used it before, starting 2026-05-15. One device operating several accounts points to an account-takeover ring or mule farm. This transaction: $265.62 at LUXE ELECTRONICS OUTLET.",u_01810,2026-05-22T08:23:44Z,265.62,LUXE ELECTRONICS OUTLET,d_772146,
t_347ea3322fda3fbe,DEVICE_NEW_TO_MULTIPLE_ACCOUNTS;LARGE_PURCHASE_ON_NEW_DEVICE,"Device new to multiple accounts: device d_772146 has been used by 4 accounts that had never used it before, starting 2026-05-15. One device operating several accounts points to an account-takeover ring or mule farm. This transaction: $231.01 at GIFTCARDS EXPRESS. | Large purchase on new device: $231.01 at GIFTCARDS EXPRESS on device d_772146, its first transaction on this account (2026-05-22 16:06 UTC). That is 4x the account's median purchase of $58.12 over its 55 earlier purchases.",u_01855,2026-05-22T16:06:55Z,231.01,GIFTCARDS EXPRESS,d_772146,
t_5c46198242f7c65a,CARD_TESTING_BURST,Card-testing burst: 10 charges under $5 at 8 different merchants within 11 min ($21.09 so far). The burst ran to 25 charges and $62.66 by 18:17 UTC; its other charges are listed in related_txn_ids.,u_00915,2026-05-22T17:55:11Z,0.54,QUICKSUB.IO,d_001281,t_6f7492be62d34151;t_2828163c2e76b8b3;t_0b43bafc9814a8be;t_11383523b5ebcd65;t_2635126ff22a39cf;t_1bb25dbc01161f32;t_0ff0616e338aefad;t_02c7f6fd24c0d1d5;t_01fb8ab8a2e32577;t_7a7ab6f3e229fb5e;t_3ea4ae7b0a2737a2;t_130dd4d4dfe356d9;t_2722eaf524187617;t_72e921477a52f36c;t_233f8c7d5ed90efb;t_21700256dda49bf2;t_7867915b0d515e50;t_4c8badd839062e6d;t_3faaf2c0b344fd0f;t_6286197c26713ec2;t_0598cd85afc8a98d;t_773b186ae7ff50b8;t_3a1456f9a56c28d9;t_1e16649d15e82935
t_493a46c019d3cca4,DEVICE_NEW_TO_MULTIPLE_ACCOUNTS;LARGE_PURCHASE_ON_NEW_DEVICE,"Device new to multiple accounts: device d_772146 has been used by 4 accounts that had never used it before, starting 2026-05-15. One device operating several accounts points to an account-takeover ring or mule farm. This transaction: $299.10 at JEWELRY WHOLESALE CO. | Large purchase on new device: $299.10 at JEWELRY WHOLESALE CO on device d_772146, 3.2h after it first appeared on this account (2026-05-22 16:06 UTC). That is 5x the account's median purchase of $58.12 over its 55 earlier purchases.",u_01855,2026-05-22T19:20:37Z,299.1,JEWELRY WHOLESALE CO,d_772146,
t_06723105f6781457,DEVICE_NEW_TO_MULTIPLE_ACCOUNTS;LARGE_PURCHASE_ON_NEW_DEVICE,"Device new to multiple accounts: device d_772146 has been used by 4 accounts that had never used it before, starting 2026-05-15. One device operating several accounts points to an account-takeover ring or mule farm. This transaction: $305.99 at JEWELRY WHOLESALE CO. | Large purchase on new device: $305.99 at JEWELRY WHOLESALE CO on device d_772146, 16.5h after it first appeared on this account (2026-05-22 16:06 UTC). That is 5x the account's median purchase of $58.12 over its 55 earlier purchases.",u_01855,2026-05-23T08:39:01Z,305.99,JEWELRY WHOLESALE CO,d_772146,
t_5c8a907dfa1989fd,DEVICE_NEW_TO_MULTIPLE_ACCOUNTS,"Device new to multiple accounts: device d_772146 has been used by 4 accounts that had never used it before, starting 2026-05-15. One device operating several accounts points to an account-takeover ring or mule farm. This transaction: $141.26 at GIFTCARDS EXPRESS.",u_01855,2026-05-23T09:58:02Z,141.26,GIFTCARDS EXPRESS,d_772146,
t_41a262247fb8ea92,DEVICE_NEW_TO_MULTIPLE_ACCOUNTS;LARGE_PURCHASE_ON_NEW_DEVICE,"Device new to multiple accounts: device d_772146 has been used by 4 accounts that had never used it before, starting 2026-05-15. One device operating several accounts points to an account-takeover ring or mule farm. This transaction: $352.13 at LUXE ELECTRONICS OUTLET. | Large purchase on new device: $352.13 at LUXE ELECTRONICS OUTLET on device d_772146, 20.7h after it first appeared on this account (2026-05-22 16:06 UTC). That is 6x the account's median purchase of $58.12 over its 55 earlier purchases.",u_01855,2026-05-23T12:49:42Z,352.13,LUXE ELECTRONICS OUTLET,d_772146,
t_771a68b32e9623a6,DEVICE_NEW_TO_MULTIPLE_ACCOUNTS,"Device new to multiple accounts: device d_772146 has been used by 4 accounts that had never used it before, starting 2026-05-15. One device operating several accounts points to an account-takeover ring or mule farm. This transaction: $146.00 at RESELL MARKET 24.",u_01855,2026-05-23T16:06:39Z,146.0,RESELL MARKET 24,d_772146,
t_7ce85bafbf78a05e,LARGE_PURCHASE_ON_NEW_DEVICE,"Large purchase on new device: $96.37 at LUXE ELECTRONICS OUTLET on device d_985129, its first transaction on this account (2026-05-23 18:26 UTC). That is 4x the account's median purchase of $25.31 over its 63 earlier purchases.",u_00881,2026-05-23T18:26:56Z,96.37,LUXE ELECTRONICS OUTLET,d_985129,
t_7c88a11ee667f7ac,DEVICE_NEW_TO_MULTIPLE_ACCOUNTS;LARGE_PURCHASE_ON_NEW_DEVICE,"Device new to multiple accounts: device d_772146 has been used by 5 accounts that had never used it before, starting 2026-05-15. One device operating several accounts points to an account-takeover ring or mule farm. This transaction: $268.11 at PREPAID DEPOT. | Large purchase on new device: $268.11 at PREPAID DEPOT on device d_772146, its first transaction on this account (2026-05-23 19:21 UTC). That is 17x the account's median purchase of $15.66 over its 44 earlier purchases.",u_01719,2026-05-23T19:21:31Z,268.11,PREPAID DEPOT,d_772146,
t_27e37fe017c1b398,DEVICE_NEW_TO_MULTIPLE_ACCOUNTS;LARGE_PURCHASE_ON_NEW_DEVICE,"Device new to multiple accounts: device d_772146 has been used by 5 accounts that had never used it before, starting 2026-05-15. One device operating several accounts points to an account-takeover ring or mule farm. This transaction: $380.41 at LUXE ELECTRONICS OUTLET. | Large purchase on new device: $380.41 at LUXE ELECTRONICS OUTLET on device d_772146, 13.3h after it first appeared on this account (2026-05-23 19:21 UTC). That is 24x the account's median purchase of $15.66 over its 44 earlier purchases.",u_01719,2026-05-24T08:37:22Z,380.41,LUXE ELECTRONICS OUTLET,d_772146,
t_20de5bcb620ded2e,LARGE_PURCHASE_ON_NEW_DEVICE,"Large purchase on new device: $435.88 at JEWELRY WHOLESALE CO on device d_985129, 16.8h after it first appeared on this account (2026-05-23 18:26 UTC). That is 17x the account's median purchase of $25.31 over its 63 earlier purchases.",u_00881,2026-05-24T11:13:06Z,435.88,JEWELRY WHOLESALE CO,d_985129,
t_110eeb7bcf5912cb,DEVICE_NEW_TO_MULTIPLE_ACCOUNTS;LARGE_PURCHASE_ON_NEW_DEVICE,"Device new to multiple accounts: device d_772146 has been used by 5 accounts that had never used it before, starting 2026-05-15. One device operating several accounts points to an account-takeover ring or mule farm. This transaction: $366.32 at GIFTCARDS EXPRESS. | Large purchase on new device: $366.32 at GIFTCARDS EXPRESS on device d_772146, 16.7h after it first appeared on this account (2026-05-23 19:21 UTC). That is 23x the account's median purchase of $15.66 over its 44 earlier purchases.",u_01719,2026-05-24T12:03:56Z,366.32,GIFTCARDS EXPRESS,d_772146,
t_1fd6723db2d9bc7f,DEVICE_NEW_TO_MULTIPLE_ACCOUNTS;LARGE_PURCHASE_ON_NEW_DEVICE,"Device new to multiple accounts: device d_772146 has been used by 5 accounts that had never used it before, starting 2026-05-15. One device operating several accounts points to an account-takeover ring or mule farm. This transaction: $109.49 at JEWELRY WHOLESALE CO. | Large purchase on new device: $109.49 at JEWELRY WHOLESALE CO on device d_772146, 23.6h after it first appeared on this account (2026-05-23 19:21 UTC). That is 7x the account's median purchase of $15.66 over its 44 earlier purchases.",u_01719,2026-05-24T19:00:05Z,109.49,JEWELRY WHOLESALE CO,d_772146,
t_4cd7b3b290d5915d,DEVICE_NEW_TO_MULTIPLE_ACCOUNTS,"Device new to multiple accounts: device d_772146 has been used by 5 accounts that had never used it before, starting 2026-05-15. One device operating several accounts points to an account-takeover ring or mule farm. This transaction: $408.27 at RESELL MARKET 24.",u_01719,2026-05-24T22:57:51Z,408.27,RESELL MARKET 24,d_772146,
t_259d248a0f3d53a0,DEVICE_NEW_TO_MULTIPLE_ACCOUNTS,"Device new to multiple accounts: device d_772146 has been used by 5 accounts that had never used it before, starting 2026-05-15. One device operating several accounts points to an account-takeover ring or mule farm. This transaction: $273.64 at LUXE ELECTRONICS OUTLET.",u_01719,2026-05-25T07:07:18Z,273.64,LUXE ELECTRONICS OUTLET,d_772146,
t_6da534d609c51b5f,DEVICE_NEW_TO_MULTIPLE_ACCOUNTS,"Device new to multiple accounts: device d_772146 has been used by 5 accounts that had never used it before, starting 2026-05-15. One device operating several accounts points to an account-takeover ring or mule farm. This transaction: $320.17 at PREPAID DEPOT.",u_01719,2026-05-25T22:43:36Z,320.17,PREPAID DEPOT,d_772146,
t_0494ec5ab68d8ff8,DEVICE_NEW_TO_MULTIPLE_ACCOUNTS,"Device new to multiple accounts: device d_772146 has been used by 6 accounts that had never used it before, starting 2026-05-15. One device operating several accounts points to an account-takeover ring or mule farm. This transaction: $115.71 at JEWELRY WHOLESALE CO.",u_01380,2026-05-26T01:11:01Z,115.71,JEWELRY WHOLESALE CO,d_772146,
t_39804abd26658174,DEVICE_NEW_TO_MULTIPLE_ACCOUNTS;LARGE_PURCHASE_ON_NEW_DEVICE,"Device new to multiple accounts: device d_772146 has been used by 6 accounts that had never used it before, starting 2026-05-15. One device operating several accounts points to an account-takeover ring or mule farm. This transaction: $188.54 at PREPAID DEPOT. | Large purchase on new device: $188.54 at PREPAID DEPOT on device d_772146, 5.7h after it first appeared on this account (2026-05-26 01:11 UTC). That is 4x the account's median purchase of $48.63 over its 185 earlier purchases.",u_01380,2026-05-26T06:54:04Z,188.54,PREPAID DEPOT,d_772146,
t_406af559b5bace75,DEVICE_NEW_TO_MULTIPLE_ACCOUNTS;LARGE_PURCHASE_ON_NEW_DEVICE,"Device new to multiple accounts: device d_772146 has been used by 6 accounts that had never used it before, starting 2026-05-15. One device operating several accounts points to an account-takeover ring or mule farm. This transaction: $356.42 at GIFTCARDS EXPRESS. | Large purchase on new device: $356.42 at GIFTCARDS EXPRESS on device d_772146, 20.4h after it first appeared on this account (2026-05-26 01:11 UTC). That is 7x the account's median purchase of $48.63 over its 185 earlier purchases.",u_01380,2026-05-26T21:32:06Z,356.42,GIFTCARDS EXPRESS,d_772146,
t_2567a761b7579d8b,DEVICE_NEW_TO_MULTIPLE_ACCOUNTS;LARGE_PURCHASE_ON_NEW_DEVICE,"Device new to multiple accounts: device d_772146 has been used by 6 accounts that had never used it before, starting 2026-05-15. One device operating several accounts points to an account-takeover ring or mule farm. This transaction: $447.75 at JEWELRY WHOLESALE CO. | Large purchase on new device: $447.75 at JEWELRY WHOLESALE CO on device d_772146, 22.5h after it first appeared on this account (2026-05-26 01:11 UTC). That is 9x the account's median purchase of $48.63 over its 185 earlier purchases.",u_01380,2026-05-26T23:42:30Z,447.75,JEWELRY WHOLESALE CO,d_772146,
t_0df3b2bb58f96640,DEVICE_NEW_TO_MULTIPLE_ACCOUNTS,"Device new to multiple accounts: device d_772146 has been used by 6 accounts that had never used it before, starting 2026-05-15. One device operating several accounts points to an account-takeover ring or mule farm. This transaction: $353.90 at RESELL MARKET 24.",u_01380,2026-05-27T01:44:33Z,353.9,RESELL MARKET 24,d_772146,
t_3c70b697d1ab72e3,DEVICE_NEW_TO_MULTIPLE_ACCOUNTS;LARGE_PURCHASE_ON_NEW_DEVICE,"Device new to multiple accounts: device d_985129 has been used by 2 accounts that had never used it before, starting 2026-05-23. One device operating several accounts points to an account-takeover ring or mule farm. This transaction: $101.18 at PREPAID DEPOT. | Large purchase on new device: $101.18 at PREPAID DEPOT on device d_985129, its first transaction on this account (2026-05-27 05:18 UTC). That is 16x the account's median purchase of $6.31 over its 120 earlier purchases.",u_00371,2026-05-27T05:18:59Z,101.18,PREPAID DEPOT,d_985129,
t_7f0dece1eaa229a9,LARGE_PURCHASE_ON_NEW_DEVICE,"Large purchase on new device: $252.60 at PREPAID DEPOT on device d_904876, its first transaction on this account (2026-05-27 13:20 UTC). That is 4x the account's median purchase of $65.34 over its 52 earlier purchases.",u_01839,2026-05-27T13:20:43Z,252.6,PREPAID DEPOT,d_904876,
t_289e406f2f2b9942,DEVICE_NEW_TO_MULTIPLE_ACCOUNTS;LARGE_PURCHASE_ON_NEW_DEVICE,"Device new to multiple accounts: device d_772146 has been used by 7 accounts that had never used it before, starting 2026-05-15. One device operating several accounts points to an account-takeover ring or mule farm. This transaction: $360.14 at RESELL MARKET 24. | Large purchase on new device: $360.14 at RESELL MARKET 24 on device d_772146, its first transaction on this account (2026-05-27 13:59 UTC). That is 9x the account's median purchase of $41.30 over its 69 earlier purchases.",u_00452,2026-05-27T13:59:09Z,360.14,RESELL MARKET 24,d_772146,
t_660af677ebc28079,DEVICE_NEW_TO_MULTIPLE_ACCOUNTS;LARGE_PURCHASE_ON_NEW_DEVICE,"Device new to multiple accounts: device d_985129 has been used by 2 accounts that had never used it before, starting 2026-05-23. One device operating several accounts points to an account-takeover ring or mule farm. This transaction: $99.84 at GIFTCARDS EXPRESS. | Large purchase on new device: $99.84 at GIFTCARDS EXPRESS on device d_985129, 9.1h after it first appeared on this account (2026-05-27 05:18 UTC). That is 16x the account's median purchase of $6.31 over its 120 earlier purchases.",u_00371,2026-05-27T14:23:53Z,99.84,GIFTCARDS EXPRESS,d_985129,
t_3661567368603218,DEVICE_NEW_TO_MULTIPLE_ACCOUNTS;LARGE_PURCHASE_ON_NEW_DEVICE,"Device new to multiple accounts: device d_985129 has been used by 2 accounts that had never used it before, starting 2026-05-23. One device operating several accounts points to an account-takeover ring or mule farm. This transaction: $94.95 at RESELL MARKET 24. | Large purchase on new device: $94.95 at RESELL MARKET 24 on device d_985129, 18.0h after it first appeared on this account (2026-05-27 05:18 UTC). That is 15x the account's median purchase of $6.31 over its 120 earlier purchases.",u_00371,2026-05-27T23:20:50Z,94.95,RESELL MARKET 24,d_985129,
t_21683e8e6e8a4f8c,DEVICE_NEW_TO_MULTIPLE_ACCOUNTS;LARGE_PURCHASE_ON_NEW_DEVICE,"Device new to multiple accounts: device d_985129 has been used by 2 accounts that had never used it before, starting 2026-05-23. One device operating several accounts points to an account-takeover ring or mule farm. This transaction: $138.28 at LUXE ELECTRONICS OUTLET. | Large purchase on new device: $138.28 at LUXE ELECTRONICS OUTLET on device d_985129, 21.8h after it first appeared on this account (2026-05-27 05:18 UTC). That is 22x the account's median purchase of $6.31 over its 120 earlier purchases.",u_00371,2026-05-28T03:08:02Z,138.28,LUXE ELECTRONICS OUTLET,d_985129,
t_25f5c9b97772c9af,DEVICE_NEW_TO_MULTIPLE_ACCOUNTS;LARGE_PURCHASE_ON_NEW_DEVICE,"Device new to multiple accounts: device d_772146 has been used by 7 accounts that had never used it before, starting 2026-05-15. One device operating several accounts points to an account-takeover ring or mule farm. This transaction: $130.76 at PREPAID DEPOT. | Large purchase on new device: $130.76 at PREPAID DEPOT on device d_772146, 15.1h after it first appeared on this account (2026-05-27 13:59 UTC). That is 3x the account's median purchase of $41.30 over its 69 earlier purchases.",u_00452,2026-05-28T05:02:35Z,130.76,PREPAID DEPOT,d_772146,
t_6f90082dd1c36bbd,LARGE_PURCHASE_ON_NEW_DEVICE,"Large purchase on new device: $449.26 at RESELL MARKET 24 on device d_904876, 18.7h after it first appeared on this account (2026-05-27 13:20 UTC). That is 7x the account's median purchase of $65.34 over its 52 earlier purchases.",u_01839,2026-05-28T08:04:36Z,449.26,RESELL MARKET 24,d_904876,
t_3822a8b610bcda40,DEVICE_NEW_TO_MULTIPLE_ACCOUNTS,"Device new to multiple accounts: device d_985129 has been used by 2 accounts that had never used it before, starting 2026-05-23. One device operating several accounts points to an account-takeover ring or mule farm. This transaction: $421.41 at PREPAID DEPOT.",u_00371,2026-05-28T13:59:24Z,421.41,PREPAID DEPOT,d_985129,
t_3d0adc95faf94ad3,DEVICE_NEW_TO_MULTIPLE_ACCOUNTS,"Device new to multiple accounts: device d_985129 has been used by 2 accounts that had never used it before, starting 2026-05-23. One device operating several accounts points to an account-takeover ring or mule farm. This transaction: $385.35 at JEWELRY WHOLESALE CO.",u_00371,2026-05-28T18:47:52Z,385.35,JEWELRY WHOLESALE CO,d_985129,
t_503d961ae6e31ad1,DEVICE_NEW_TO_MULTIPLE_ACCOUNTS,"Device new to multiple accounts: device d_772146 has been used by 7 accounts that had never used it before, starting 2026-05-15. One device operating several accounts points to an account-takeover ring or mule farm. This transaction: $265.20 at RESELL MARKET 24.",u_00452,2026-05-28T21:06:11Z,265.2,RESELL MARKET 24,d_772146,
t_2c72a637fbcfc6b6,DEVICE_NEW_TO_MULTIPLE_ACCOUNTS,"Device new to multiple accounts: device d_985129 has been used by 2 accounts that had never used it before, starting 2026-05-23. One device operating several accounts points to an account-takeover ring or mule farm. This transaction: $406.57 at LUXE ELECTRONICS OUTLET.",u_00371,2026-05-29T04:32:35Z,406.57,LUXE ELECTRONICS OUTLET,d_985129,
t_0c344407aef606b5,DEVICE_NEW_TO_MULTIPLE_ACCOUNTS,"Device new to multiple accounts: device d_772146 has been used by 7 accounts that had never used it before, starting 2026-05-15. One device operating several accounts points to an account-takeover ring or mule farm. This transaction: $384.02 at LUXE ELECTRONICS OUTLET.",u_00452,2026-05-29T10:21:35Z,384.02,LUXE ELECTRONICS OUTLET,d_772146,
t_0e7374647316f336,DEVICE_NEW_TO_MULTIPLE_ACCOUNTS,"Device new to multiple accounts: device d_985129 has been used by 2 accounts that had never used it before, starting 2026-05-23. One device operating several accounts points to an account-takeover ring or mule farm. This transaction: $421.63 at PREPAID DEPOT.",u_00371,2026-05-29T11:21:34Z,421.63,PREPAID DEPOT,d_985129,
t_78de779cab132170,DEVICE_NEW_TO_MULTIPLE_ACCOUNTS;LARGE_PURCHASE_ON_NEW_DEVICE,"Device new to multiple accounts: device d_985129 has been used by 3 accounts that had never used it before, starting 2026-05-23. One device operating several accounts points to an account-takeover ring or mule farm. This transaction: $313.66 at LUXE ELECTRONICS OUTLET. | Large purchase on new device: $313.66 at LUXE ELECTRONICS OUTLET on device d_985129, its first transaction on this account (2026-05-29 15:37 UTC). That is 15x the account's median purchase of $21.63 over its 102 earlier purchases.",u_01859,2026-05-29T15:37:18Z,313.66,LUXE ELECTRONICS OUTLET,d_985129,
t_7fa731a3ff04cbdf,DEVICE_NEW_TO_MULTIPLE_ACCOUNTS,"Device new to multiple accounts: device d_772146 has been used by 7 accounts that had never used it before, starting 2026-05-15. One device operating several accounts points to an account-takeover ring or mule farm. This transaction: $261.54 at RESELL MARKET 24.",u_00452,2026-05-29T20:09:32Z,261.54,RESELL MARKET 24,d_772146,
t_6fcb12e3f2170603,DEVICE_NEW_TO_MULTIPLE_ACCOUNTS,"Device new to multiple accounts: device d_772146 has been used by 7 accounts that had never used it before, starting 2026-05-15. One device operating several accounts points to an account-takeover ring or mule farm. This transaction: $275.63 at GIFTCARDS EXPRESS.",u_00452,2026-05-30T01:54:46Z,275.63,GIFTCARDS EXPRESS,d_772146,
t_488ee52a2fa78308,DEVICE_NEW_TO_MULTIPLE_ACCOUNTS;LARGE_PURCHASE_ON_NEW_DEVICE,"Device new to multiple accounts: device d_904876 has been used by 2 accounts that had never used it before, starting 2026-05-27. One device operating several accounts points to an account-takeover ring or mule farm. This transaction: $253.92 at JEWELRY WHOLESALE CO. | Large purchase on new device: $253.92 at JEWELRY WHOLESALE CO on device d_904876, its first transaction on this account (2026-05-30 07:46 UTC). That is 8x the account's median purchase of $32.69 over its 66 earlier purchases.",u_00962,2026-05-30T07:46:11Z,253.92,JEWELRY WHOLESALE CO,d_904876,
t_26aa329ac6dd8975,DEVICE_NEW_TO_MULTIPLE_ACCOUNTS;LARGE_PURCHASE_ON_NEW_DEVICE,"Device new to multiple accounts: device d_985129 has been used by 3 accounts that had never used it before, starting 2026-05-23. One device operating several accounts points to an account-takeover ring or mule farm. This transaction: $143.16 at RESELL MARKET 24. | Large purchase on new device: $143.16 at RESELL MARKET 24 on device d_985129, 16.4h after it first appeared on this account (2026-05-29 15:37 UTC). That is 7x the account's median purchase of $21.63 over its 102 earlier purchases.",u_01859,2026-05-30T08:04:03Z,143.16,RESELL MARKET 24,d_985129,
t_1654345b1f8c9d92,CARD_TESTING_BURST,Card-testing burst: 10 charges under $5 at 8 different merchants within 15 min ($22.97 so far). The burst ran to 22 charges and $52.10 by 09:55 UTC; its other charges are listed in related_txn_ids.,u_00727,2026-05-30T09:33:37Z,1.04,QUICKSUB.IO,d_001023,t_077ab3372ea0588f;t_2b2ff9ed1dd3a673;t_782fa3158035022d;t_382fefc6b38ee7c9;t_2204423bc5ce96eb;t_1e26d02c4434d522;t_0e66427f6d10c279;t_18c6c369f6410267;t_3ce3509a6be64604;t_395f66c40c5d7735;t_05bedd0169a11fa9;t_6114c59a49070e59;t_52900e0389a88ddd;t_51ed08e061c1c2e9;t_5697a12dc0ea6dc0;t_641c2a94a7b29b47;t_29e6cfdaf818128f;t_1e7a57bd2aa04992;t_6b0b27226a509e44;t_67e922872499e472;t_73a22bab223ced8c
t_49e75f89be4c6847,DEVICE_NEW_TO_MULTIPLE_ACCOUNTS,"Device new to multiple accounts: device d_772146 has been used by 7 accounts that had never used it before, starting 2026-05-15. One device operating several accounts points to an account-takeover ring or mule farm. This transaction: $168.83 at LUXE ELECTRONICS OUTLET.",u_00452,2026-05-30T11:42:02Z,168.83,LUXE ELECTRONICS OUTLET,d_772146,
t_1a0758141caaca65,DEVICE_NEW_TO_MULTIPLE_ACCOUNTS;LARGE_PURCHASE_ON_NEW_DEVICE,"Device new to multiple accounts: device d_904876 has been used by 2 accounts that had never used it before, starting 2026-05-27. One device operating several accounts points to an account-takeover ring or mule farm. This transaction: $113.24 at RESELL MARKET 24. | Large purchase on new device: $113.24 at RESELL MARKET 24 on device d_904876, 4.5h after it first appeared on this account (2026-05-30 07:46 UTC). That is 3x the account's median purchase of $32.69 over its 66 earlier purchases.",u_00962,2026-05-30T12:13:19Z,113.24,RESELL MARKET 24,d_904876,
t_17f3c4963327b8b8,DEVICE_NEW_TO_MULTIPLE_ACCOUNTS;LARGE_PURCHASE_ON_NEW_DEVICE,"Device new to multiple accounts: device d_904876 has been used by 2 accounts that had never used it before, starting 2026-05-27. One device operating several accounts points to an account-takeover ring or mule farm. This transaction: $157.89 at GIFTCARDS EXPRESS. | Large purchase on new device: $157.89 at GIFTCARDS EXPRESS on device d_904876, 7.9h after it first appeared on this account (2026-05-30 07:46 UTC). That is 5x the account's median purchase of $32.69 over its 66 earlier purchases.",u_00962,2026-05-30T15:37:50Z,157.89,GIFTCARDS EXPRESS,d_904876,
t_13f71e831345357a,DEVICE_NEW_TO_MULTIPLE_ACCOUNTS,"Device new to multiple accounts: device d_772146 has been used by 7 accounts that had never used it before, starting 2026-05-15. One device operating several accounts points to an account-takeover ring or mule farm. This transaction: $255.45 at JEWELRY WHOLESALE CO.",u_00452,2026-05-30T16:30:01Z,255.45,JEWELRY WHOLESALE CO,d_772146,
t_6ae06ff597e256fe,DEVICE_NEW_TO_MULTIPLE_ACCOUNTS,"Device new to multiple accounts: device d_985129 has been used by 3 accounts that had never used it before, starting 2026-05-23. One device operating several accounts points to an account-takeover ring or mule farm. This transaction: $435.23 at RESELL MARKET 24.",u_01859,2026-05-30T17:18:55Z,435.23,RESELL MARKET 24,d_985129,
t_3f723df281e5b6c4,DEVICE_NEW_TO_MULTIPLE_ACCOUNTS,"Device new to multiple accounts: device d_985129 has been used by 3 accounts that had never used it before, starting 2026-05-23. One device operating several accounts points to an account-takeover ring or mule farm. This transaction: $104.23 at LUXE ELECTRONICS OUTLET.",u_01859,2026-05-30T19:30:23Z,104.23,LUXE ELECTRONICS OUTLET,d_985129,
t_24aee7b716266bec,DEVICE_NEW_TO_MULTIPLE_ACCOUNTS;LARGE_PURCHASE_ON_NEW_DEVICE,"Device new to multiple accounts: device d_772146 has been used by 8 accounts that had never used it before, starting 2026-05-15. One device operating several accounts points to an account-takeover ring or mule farm. This transaction: $210.87 at LUXE ELECTRONICS OUTLET. | Large purchase on new device: $210.87 at LUXE ELECTRONICS OUTLET on device d_772146, its first transaction on this account (2026-05-30 21:51 UTC). That is 7x the account's median purchase of $31.25 over its 76 earlier purchases.",u_00464,2026-05-30T21:51:28Z,210.87,LUXE ELECTRONICS OUTLET,d_772146,
t_260c1c3e730321ea,DEVICE_NEW_TO_MULTIPLE_ACCOUNTS;LARGE_PURCHASE_ON_NEW_DEVICE,"Device new to multiple accounts: device d_904876 has been used by 2 accounts that had never used it before, starting 2026-05-27. One device operating several accounts points to an account-takeover ring or mule farm. This transaction: $178.77 at LUXE ELECTRONICS OUTLET. | Large purchase on new device: $178.77 at LUXE ELECTRONICS OUTLET on device d_904876, 19.9h after it first appeared on this account (2026-05-30 07:46 UTC). That is 5x the account's median purchase of $32.69 over its 66 earlier purchases.",u_00962,2026-05-31T03:39:18Z,178.77,LUXE ELECTRONICS OUTLET,d_904876,
t_1f2f8c44c60f6857,DEVICE_NEW_TO_MULTIPLE_ACCOUNTS;LARGE_PURCHASE_ON_NEW_DEVICE,"Device new to multiple accounts: device d_772146 has been used by 8 accounts that had never used it before, starting 2026-05-15. One device operating several accounts points to an account-takeover ring or mule farm. This transaction: $287.44 at LUXE ELECTRONICS OUTLET. | Large purchase on new device: $287.44 at LUXE ELECTRONICS OUTLET on device d_772146, 10.3h after it first appeared on this account (2026-05-30 21:51 UTC). That is 9x the account's median purchase of $31.25 over its 76 earlier purchases.",u_00464,2026-05-31T08:07:21Z,287.44,LUXE ELECTRONICS OUTLET,d_772146,
t_56b098225706e460,DEVICE_NEW_TO_MULTIPLE_ACCOUNTS,"Device new to multiple accounts: device d_985129 has been used by 3 accounts that had never used it before, starting 2026-05-23. One device operating several accounts points to an account-takeover ring or mule farm. This transaction: $300.90 at LUXE ELECTRONICS OUTLET.",u_01859,2026-05-31T13:34:17Z,300.9,LUXE ELECTRONICS OUTLET,d_985129,
t_09700dcb5142a1a8,DEVICE_NEW_TO_MULTIPLE_ACCOUNTS,"Device new to multiple accounts: device d_985129 has been used by 3 accounts that had never used it before, starting 2026-05-23. One device operating several accounts points to an account-takeover ring or mule farm. This transaction: $320.04 at GIFTCARDS EXPRESS.",u_01859,2026-05-31T20:02:00Z,320.04,GIFTCARDS EXPRESS,d_985129,
t_4e2fe28d072d037f,DEVICE_NEW_TO_MULTIPLE_ACCOUNTS;LARGE_PURCHASE_ON_NEW_DEVICE,"Device new to multiple accounts: device d_904876 has been used by 3 accounts that had never used it before, starting 2026-05-27. One device operating several accounts points to an account-takeover ring or mule farm. This transaction: $421.55 at RESELL MARKET 24. | Large purchase on new device: $421.55 at RESELL MARKET 24 on device d_904876, its first transaction on this account (2026-05-31 21:00 UTC). That is 24x the account's median purchase of $17.53 over its 126 earlier purchases.",u_00818,2026-05-31T21:00:59Z,421.55,RESELL MARKET 24,d_904876,
t_7d88b81f50723125,DEVICE_NEW_TO_MULTIPLE_ACCOUNTS,"Device new to multiple accounts: device d_985129 has been used by 3 accounts that had never used it before, starting 2026-05-23. One device operating several accounts points to an account-takeover ring or mule farm. This transaction: $277.39 at PREPAID DEPOT.",u_01859,2026-06-01T00:41:25Z,277.39,PREPAID DEPOT,d_985129,
t_59facea8908abd85,DEVICE_NEW_TO_MULTIPLE_ACCOUNTS,"Device new to multiple accounts: device d_772146 has been used by 8 accounts that had never used it before, starting 2026-05-15. One device operating several accounts points to an account-takeover ring or mule farm. This transaction: $281.18 at GIFTCARDS EXPRESS.",u_00464,2026-06-01T01:48:45Z,281.18,GIFTCARDS EXPRESS,d_772146,
t_76e3a7d9a1c769d5,DEVICE_NEW_TO_MULTIPLE_ACCOUNTS,"Device new to multiple accounts: device d_985129 has been used by 4 accounts that had never used it before, starting 2026-05-23. One device operating several accounts points to an account-takeover ring or mule farm. This transaction: $131.88 at JEWELRY WHOLESALE CO.",u_00203,2026-06-01T08:01:46Z,131.88,JEWELRY WHOLESALE CO,d_985129,
t_6466a2680b509c7b,DEVICE_NEW_TO_MULTIPLE_ACCOUNTS,"Device new to multiple accounts: device d_772146 has been used by 8 accounts that had never used it before, starting 2026-05-15. One device operating several accounts points to an account-takeover ring or mule farm. This transaction: $130.57 at JEWELRY WHOLESALE CO.",u_00464,2026-06-01T08:15:45Z,130.57,JEWELRY WHOLESALE CO,d_772146,
t_42557678452b780f,DEVICE_NEW_TO_MULTIPLE_ACCOUNTS;LARGE_PURCHASE_ON_NEW_DEVICE,"Device new to multiple accounts: device d_904876 has been used by 3 accounts that had never used it before, starting 2026-05-27. One device operating several accounts points to an account-takeover ring or mule farm. This transaction: $85.84 at PREPAID DEPOT. | Large purchase on new device: $85.84 at PREPAID DEPOT on device d_904876, 13.1h after it first appeared on this account (2026-05-31 21:00 UTC). That is 5x the account's median purchase of $17.53 over its 126 earlier purchases.",u_00818,2026-06-01T10:04:50Z,85.84,PREPAID DEPOT,d_904876,
t_403b38bbdae21eb5,CARD_TESTING_BURST,Card-testing burst: 10 charges under $5 at 9 different merchants within 16 min ($25.66 so far). The burst ran to 24 charges and $63.80 by 19:11 UTC; its other charges are listed in related_txn_ids.,u_00693,2026-06-01T18:48:46Z,3.13,EBOOKS DIRECT,d_000975,t_6ec97a2b48e01398;t_4bdde7499f68c37d;t_79f10c23fd760e07;t_42b503f6d279364d;t_42a47814c91d1348;t_43176bea356cc1cf;t_6f3d0803ac1c532f;t_5092b721dc0ffd85;t_500fd61c0d7eb9e1;t_34e1b151d9f38a23;t_2b2b11c7b35b3ce9;t_2b9d7f7c21f94b50;t_1b02cf6ae60d75f1;t_6fdd953324092f7b;t_43a89e84ed942861;t_7823e4fe84b5590c;t_20e7a832c4488799;t_11e750669e01a430;t_45fdb5b6bfecec0e;t_4c25e20239360dc4;t_484f08581a80381d;t_3c4b87f039cc882b;t_32370c7d091c7bfc
t_10e763f58aec798f,DEVICE_NEW_TO_MULTIPLE_ACCOUNTS,"Device new to multiple accounts: device d_772146 has been used by 8 accounts that had never used it before, starting 2026-05-15. One device operating several accounts points to an account-takeover ring or mule farm. This transaction: $332.97 at LUXE ELECTRONICS OUTLET.",u_00464,2026-06-01T19:55:32Z,332.97,LUXE ELECTRONICS OUTLET,d_772146,
t_2f6c20deb25eff77,DEVICE_NEW_TO_MULTIPLE_ACCOUNTS,"Device new to multiple accounts: device d_772146 has been used by 8 accounts that had never used it before, starting 2026-05-15. One device operating several accounts points to an account-takeover ring or mule farm. This transaction: $198.06 at GIFTCARDS EXPRESS.",u_00464,2026-06-01T21:52:09Z,198.06,GIFTCARDS EXPRESS,d_772146,
t_35bd61769e439e3b,DEVICE_NEW_TO_MULTIPLE_ACCOUNTS;LARGE_PURCHASE_ON_NEW_DEVICE,"Device new to multiple accounts: device d_985129 has been used by 4 accounts that had never used it before, starting 2026-05-23. One device operating several accounts points to an account-takeover ring or mule farm. This transaction: $142.26 at GIFTCARDS EXPRESS. | Large purchase on new device: $142.26 at GIFTCARDS EXPRESS on device d_985129, 14.4h after it first appeared on this account (2026-06-01 08:01 UTC). That is 3x the account's median purchase of $45.59 over its 50 earlier purchases.",u_00203,2026-06-01T22:26:46Z,142.26,GIFTCARDS EXPRESS,d_985129,
t_39faea21983b3556,DEVICE_NEW_TO_MULTIPLE_ACCOUNTS,"Device new to multiple accounts: device d_904876 has been used by 3 accounts that had never used it before, starting 2026-05-27. One device operating several accounts points to an account-takeover ring or mule farm. This transaction: $315.05 at GIFTCARDS EXPRESS.",u_00818,2026-06-02T04:26:12Z,315.05,GIFTCARDS EXPRESS,d_904876,
t_2a2eccc571560ad8,DEVICE_NEW_TO_MULTIPLE_ACCOUNTS,"Device new to multiple accounts: device d_772146 has been used by 8 accounts that had never used it before, starting 2026-05-15. One device operating several accounts points to an account-takeover ring or mule farm. This transaction: $434.61 at LUXE ELECTRONICS OUTLET.",u_00464,2026-06-02T04:56:42Z,434.61,LUXE ELECTRONICS OUTLET,d_772146,
t_07460588c429141f,DEVICE_NEW_TO_MULTIPLE_ACCOUNTS;LARGE_PURCHASE_ON_NEW_DEVICE,"Device new to multiple accounts: device d_985129 has been used by 4 accounts that had never used it before, starting 2026-05-23. One device operating several accounts points to an account-takeover ring or mule farm. This transaction: $248.12 at JEWELRY WHOLESALE CO. | Large purchase on new device: $248.12 at JEWELRY WHOLESALE CO on device d_985129, 21.0h after it first appeared on this account (2026-06-01 08:01 UTC). That is 5x the account's median purchase of $45.59 over its 50 earlier purchases.",u_00203,2026-06-02T04:59:48Z,248.12,JEWELRY WHOLESALE CO,d_985129,
t_18b05607f27d5164,DEVICE_NEW_TO_MULTIPLE_ACCOUNTS;LARGE_PURCHASE_ON_NEW_DEVICE,"Device new to multiple accounts: device d_772146 has been used by 9 accounts that had never used it before, starting 2026-05-15. One device operating several accounts points to an account-takeover ring or mule farm. This transaction: $210.62 at GIFTCARDS EXPRESS. | Large purchase on new device: $210.62 at GIFTCARDS EXPRESS on device d_772146, its first transaction on this account (2026-06-02 07:07 UTC). That is 11x the account's median purchase of $18.33 over its 102 earlier purchases.",u_00361,2026-06-02T07:07:58Z,210.62,GIFTCARDS EXPRESS,d_772146,
t_40ba0eb818b16d36,DEVICE_NEW_TO_MULTIPLE_ACCOUNTS;LARGE_PURCHASE_ON_NEW_DEVICE,"Device new to multiple accounts: device d_772146 has been used by 9 accounts that had never used it before, starting 2026-05-15. One device operating several accounts points to an account-takeover ring or mule farm. This transaction: $230.76 at PREPAID DEPOT. | Large purchase on new device: $230.76 at PREPAID DEPOT on device d_772146, 3.6h after it first appeared on this account (2026-06-02 07:07 UTC). That is 13x the account's median purchase of $18.33 over its 102 earlier purchases.",u_00361,2026-06-02T10:41:14Z,230.76,PREPAID DEPOT,d_772146,
t_6976167a05a29f73,DEVICE_NEW_TO_MULTIPLE_ACCOUNTS,"Device new to multiple accounts: device d_904876 has been used by 3 accounts that had never used it before, starting 2026-05-27. One device operating several accounts points to an account-takeover ring or mule farm. This transaction: $247.58 at RESELL MARKET 24.",u_00818,2026-06-02T15:35:50Z,247.58,RESELL MARKET 24,d_904876,
t_3bddee19aeda8e76,DEVICE_NEW_TO_MULTIPLE_ACCOUNTS;LARGE_PURCHASE_ON_NEW_DEVICE,"Device new to multiple accounts: device d_772146 has been used by 9 accounts that had never used it before, starting 2026-05-15. One device operating several accounts points to an account-takeover ring or mule farm. This transaction: $113.94 at LUXE ELECTRONICS OUTLET. | Large purchase on new device: $113.94 at LUXE ELECTRONICS OUTLET on device d_772146, 10.4h after it first appeared on this account (2026-06-02 07:07 UTC). That is 6x the account's median purchase of $18.33 over its 102 earlier purchases.",u_00361,2026-06-02T17:30:31Z,113.94,LUXE ELECTRONICS OUTLET,d_772146,
t_52568b5a64e5645b,DEVICE_NEW_TO_MULTIPLE_ACCOUNTS,"Device new to multiple accounts: device d_985129 has been used by 4 accounts that had never used it before, starting 2026-05-23. One device operating several accounts points to an account-takeover ring or mule farm. This transaction: $238.34 at GIFTCARDS EXPRESS.",u_00203,2026-06-02T19:20:43Z,238.34,GIFTCARDS EXPRESS,d_985129,
t_3e484ef26324f64e,DEVICE_NEW_TO_MULTIPLE_ACCOUNTS,"Device new to multiple accounts: device d_904876 has been used by 3 accounts that had never used it before, starting 2026-05-27. One device operating several accounts points to an account-takeover ring or mule farm. This transaction: $269.86 at RESELL MARKET 24.",u_00818,2026-06-03T01:45:31Z,269.86,RESELL MARKET 24,d_904876,
t_692a8b74dafce988,CARD_TESTING_BURST,Card-testing burst: 10 charges under $5 at 5 different merchants within 11 min ($37.34 so far). The burst ran to 13 charges and $49.42 by 03:21 UTC; its other charges are listed in related_txn_ids.,u_00995,2026-06-03T03:17:29Z,2.75,CLOUDHOST BASIC,d_001390,t_1bcbcf15c57846f6;t_61cfbbebbf1fc7b0;t_19b8b574192850d0;t_7e120b8911cbf86e;t_1fb7b5b248e3a497;t_3f868b044329d14c;t_50db13ea273844cd;t_47f5c1a72d6b088b;t_12d20c0ecb71d29d;t_6d9a102e889e7f80;t_3ae5e469e44f7419;t_52106442977f36ed
t_5861c872da2d7a4a,CARD_TESTING_BURST,Card-testing burst: 10 charges under $5 at 8 different merchants within 20 min ($26.96 so far). The burst ran to 21 charges and $54.83 by 06:16 UTC; its other charges are listed in related_txn_ids.,u_01903,2026-06-03T05:55:41Z,4.85,WEBSERVICES PRO,d_002666,t_065cfa3bb3497390;t_7ee1f0cd8ff0a579;t_2b22ba5d9d80d6ab;t_1bbb1887eb00ef22;t_3a025f52d8ed42ca;t_3e1e01194f0cdbfe;t_78bca0cd82f01ee3;t_6621b0f793782b0a;t_4e8ff3ce95b49958;t_65b13a08a52aa7d7;t_1c74d03dcd9c5be0;t_1b710209550507e2;t_4d81827f605cc838;t_6ae7c7c02e698749;t_2bcfea9231542810;t_54be436513053d13;t_3c410333889d464d;t_11de58eb1fb459d6;t_778e610526052106;t_6fee3f90940a4a37
t_45feb7f9a2275f8d,DEVICE_NEW_TO_MULTIPLE_ACCOUNTS;LARGE_PURCHASE_ON_NEW_DEVICE,"Device new to multiple accounts: device d_772146 has been used by 9 accounts that had never used it before, starting 2026-05-15. One device operating several accounts points to an account-takeover ring or mule farm. This transaction: $108.53 at PREPAID DEPOT. | Large purchase on new device: $108.53 at PREPAID DEPOT on device d_772146, 22.9h after it first appeared on this account (2026-06-02 07:07 UTC). That is 6x the account's median purchase of $18.33 over its 102 earlier purchases.",u_00361,2026-06-03T05:59:26Z,108.53,PREPAID DEPOT,d_772146,
t_3c3ae7e0d3f209b4,DEVICE_NEW_TO_MULTIPLE_ACCOUNTS,"Device new to multiple accounts: device d_904876 has been used by 3 accounts that had never used it before, starting 2026-05-27. One device operating several accounts points to an account-takeover ring or mule farm. This transaction: $101.53 at JEWELRY WHOLESALE CO.",u_00818,2026-06-03T06:06:11Z,101.53,JEWELRY WHOLESALE CO,d_904876,
t_68eddd70fc228b35,DEVICE_NEW_TO_MULTIPLE_ACCOUNTS;LARGE_PURCHASE_ON_NEW_DEVICE,"Device new to multiple accounts: device d_904876 has been used by 4 accounts that had never used it before, starting 2026-05-27. One device operating several accounts points to an account-takeover ring or mule farm. This transaction: $216.06 at LUXE ELECTRONICS OUTLET. | Large purchase on new device: $216.06 at LUXE ELECTRONICS OUTLET on device d_904876, its first transaction on this account (2026-06-03 11:52 UTC). That is 6x the account's median purchase of $37.69 over its 155 earlier purchases.",u_00980,2026-06-03T11:52:50Z,216.06,LUXE ELECTRONICS OUTLET,d_904876,
t_46a600c568258293,DEVICE_NEW_TO_MULTIPLE_ACCOUNTS,"Device new to multiple accounts: device d_985129 has been used by 4 accounts that had never used it before, starting 2026-05-23. One device operating several accounts points to an account-takeover ring or mule farm. This transaction: $390.24 at PREPAID DEPOT.",u_00203,2026-06-03T12:53:46Z,390.24,PREPAID DEPOT,d_985129,
t_3bcfc5fb0bf49a58,CARD_TESTING_BURST,Card-testing burst: 10 charges under $5 at 6 different merchants within 13 min ($30.55 so far). The burst ran to 23 charges and $69.92 by 21:31 UTC; its other charges are listed in related_txn_ids.,u_00306,2026-06-03T21:13:58Z,2.06,VPN-SECURE LTD,d_000423,t_18d03b102aef720e;t_5f6c074f5497cee2;t_6c0a1d30fbd48888;t_2ef0efb5c0bca14a;t_261b144aa1799a3e;t_559edce55239d149;t_30a184e5f92e052b;t_6cbc86949007a482;t_31f6622cda5aca40;t_7ca7f823aef4c3d9;t_16eaa26e2cedfe6f;t_0bc5850c9a8825b3;t_5ef7d917f134aae7;t_7ceb84fe72ed9157;t_4fa8f0b4f8c0a183;t_752006a817249db1;t_48e8767811e0c5b2;t_53e97bc0eb704c81;t_18ab1a074ecc1034;t_1d908013839e36d1;t_19cf6eb4777a3542;t_7a002d138f0ffd68
t_07c96eb0e6c5fec6,DEVICE_NEW_TO_MULTIPLE_ACCOUNTS;LARGE_PURCHASE_ON_NEW_DEVICE,"Device new to multiple accounts: device d_772146 has been used by 10 accounts that had never used it before, starting 2026-05-15. One device operating several accounts points to an account-takeover ring or mule farm. This transaction: $435.71 at JEWELRY WHOLESALE CO. | Large purchase on new device: $435.71 at JEWELRY WHOLESALE CO on device d_772146, its first transaction on this account (2026-06-03 23:22 UTC). That is 14x the account's median purchase of $32.11 over its 66 earlier purchases.",u_01556,2026-06-03T23:22:57Z,435.71,JEWELRY WHOLESALE CO,d_772146,
t_68b225c886c2eb02,DEVICE_NEW_TO_MULTIPLE_ACCOUNTS,"Device new to multiple accounts: device d_985129 has been used by 4 accounts that had never used it before, starting 2026-05-23. One device operating several accounts points to an account-takeover ring or mule farm. This transaction: $134.99 at JEWELRY WHOLESALE CO.",u_00203,2026-06-04T03:30:25Z,134.99,JEWELRY WHOLESALE CO,d_985129,
t_2c4bf661923c1709,CARD_TESTING_BURST,Card-testing burst: 10 charges under $5 at 8 different merchants within 14 min ($32.33 so far). The burst ran to 25 charges and $75.48 by 05:25 UTC; its other charges are listed in related_txn_ids.,u_00216,2026-06-04T05:03:14Z,3.33,CLOUDHOST BASIC,d_002849,t_4d72fc2b7036f95d;t_7addabd12e6edcb9;t_12b23f9ff66841d4;t_4d3c3dd2c260174a;t_5af91f9b16eb3226;t_2db846a7faff305e;t_6c9e3f82e8d214b9;t_111ea75cdd3e85b0;t_03af111b67cfebba;t_416fa75e881ea492;t_3088fcde278e2a12;t_704a10a68c57ef64;t_3f4130a284f8b32c;t_2e84086ef9fb016e;t_5ef4f58ba2cd0ba9;t_618f318b69ff4ae5;t_16164439bbefe13a;t_3522c6fa0bcb9e8d;t_4381f526232086be;t_61fcb0d6e1879673;t_0f7a2e4bf3539483;t_356d8f29f8259ca1;t_15eb775ae082c40f;t_20a04c4b64104732
t_0dd93b8ad49a30b0,DEVICE_NEW_TO_MULTIPLE_ACCOUNTS;LARGE_PURCHASE_ON_NEW_DEVICE,"Device new to multiple accounts: device d_904876 has been used by 4 accounts that had never used it before, starting 2026-05-27. One device operating several accounts points to an account-takeover ring or mule farm. This transaction: $198.25 at LUXE ELECTRONICS OUTLET. | Large purchase on new device: $198.25 at LUXE ELECTRONICS OUTLET on device d_904876, 18.0h after it first appeared on this account (2026-06-03 11:52 UTC). That is 5x the account's median purchase of $37.69 over its 155 earlier purchases.",u_00980,2026-06-04T05:50:11Z,198.25,LUXE ELECTRONICS OUTLET,d_904876,
t_4ede7cea2af661d4,DEVICE_NEW_TO_MULTIPLE_ACCOUNTS;LARGE_PURCHASE_ON_NEW_DEVICE,"Device new to multiple accounts: device d_904876 has been used by 4 accounts that had never used it before, starting 2026-05-27. One device operating several accounts points to an account-takeover ring or mule farm. This transaction: $281.92 at GIFTCARDS EXPRESS. | Large purchase on new device: $281.92 at GIFTCARDS EXPRESS on device d_904876, 23.2h after it first appeared on this account (2026-06-03 11:52 UTC). That is 7x the account's median purchase of $37.69 over its 155 earlier purchases.",u_00980,2026-06-04T11:04:25Z,281.92,GIFTCARDS EXPRESS,d_904876,
t_5ee7d37f5cc25cda,DEVICE_NEW_TO_MULTIPLE_ACCOUNTS;LARGE_PURCHASE_ON_NEW_DEVICE,"Device new to multiple accounts: device d_772146 has been used by 10 accounts that had never used it before, starting 2026-05-15. One device operating several accounts points to an account-takeover ring or mule farm. This transaction: $240.62 at GIFTCARDS EXPRESS. | Large purchase on new device: $240.62 at GIFTCARDS EXPRESS on device d_772146, 18.7h after it first appeared on this account (2026-06-03 23:22 UTC). That is 7x the account's median purchase of $32.11 over its 66 earlier purchases.",u_01556,2026-06-04T18:04:54Z,240.62,GIFTCARDS EXPRESS,d_772146,
t_20b4cd55c8772338,DEVICE_NEW_TO_MULTIPLE_ACCOUNTS;LARGE_PURCHASE_ON_NEW_DEVICE,"Device new to multiple accounts: device d_985129 has been used by 5 accounts that had never used it before, starting 2026-05-23. One device operating several accounts points to an account-takeover ring or mule farm. This transaction: $291.91 at RESELL MARKET 24. | Large purchase on new device: $291.91 at RESELL MARKET 24 on device d_985129, its first transaction on this account (2026-06-04 19:27 UTC). That is 19x the account's median purchase of $15.49 over its 141 earlier purchases.",u_00348,2026-06-04T19:27:07Z,291.91,RESELL MARKET 24,d_985129,
t_5be59e6422958781,DEVICE_NEW_TO_MULTIPLE_ACCOUNTS,"Device new to multiple accounts: device d_772146 has been used by 10 accounts that had never used it before, starting 2026-05-15. One device operating several accounts points to an account-takeover ring or mule farm. This transaction: $213.68 at GIFTCARDS EXPRESS.",u_01556,2026-06-04T23:25:28Z,213.68,GIFTCARDS EXPRESS,d_772146,
t_45d03feb733de26d,DEVICE_NEW_TO_MULTIPLE_ACCOUNTS;LARGE_PURCHASE_ON_NEW_DEVICE,"Device new to multiple accounts: device d_985129 has been used by 5 accounts that had never used it before, starting 2026-05-23. One device operating several accounts points to an account-takeover ring or mule farm. This transaction: $307.30 at GIFTCARDS EXPRESS. | Large purchase on new device: $307.30 at GIFTCARDS EXPRESS on device d_985129, 4.1h after it first appeared on this account (2026-06-04 19:27 UTC). That is 20x the account's median purchase of $15.49 over its 141 earlier purchases.",u_00348,2026-06-04T23:35:29Z,307.3,GIFTCARDS EXPRESS,d_985129,
t_44e2f2faf88b6459,DEVICE_NEW_TO_MULTIPLE_ACCOUNTS,"Device new to multiple accounts: device d_904876 has been used by 4 accounts that had never used it before, starting 2026-05-27. One device operating several accounts points to an account-takeover ring or mule farm. This transaction: $432.19 at JEWELRY WHOLESALE CO.",u_00980,2026-06-04T23:47:54Z,432.19,JEWELRY WHOLESALE CO,d_904876,
t_4671ec38ad365274,DEVICE_NEW_TO_MULTIPLE_ACCOUNTS,"Device new to multiple accounts: device d_772146 has been used by 10 accounts that had never used it before, starting 2026-05-15. One device operating several accounts points to an account-takeover ring or mule farm. This transaction: $284.09 at RESELL MARKET 24.",u_01556,2026-06-05T03:31:55Z,284.09,RESELL MARKET 24,d_772146,
t_467a9a34ef3c7f4e,CARD_TESTING_BURST,Card-testing burst: 10 charges under $5 at 8 different merchants within 19 min ($31.62 so far). The burst ran to 21 charges and $59.84 by 04:59 UTC; its other charges are listed in related_txn_ids.,u_01882,2026-06-05T04:37:10Z,3.18,GAMETOP CREDITS,d_002640,t_7d8c4796b8ec3d49;t_7aef9c3ec6b4205a;t_113c0b38f0ee93af;t_023c04828388c2bc;t_7969698d8fc083e7;t_644825ea13d12928;t_5de96a5eafddd0a7;t_675a1614ae5a37bc;t_5fddb9a493fd540c;t_239bddba5b7c90e2;t_1d1c66c9bfef6c33;t_189390e03ff92001;t_5db344feb4ffb6c0;t_354ac595c5d3cf87;t_235e2ff365e55fe7;t_576c73d273c74199;t_69f45d4361de1255;t_1deb28dd3503725d;t_0a04a598e2a5b40b;t_52d55895dc6eb973
t_1a1383683f31d791,DEVICE_NEW_TO_MULTIPLE_ACCOUNTS;LARGE_PURCHASE_ON_NEW_DEVICE,"Device new to multiple accounts: device d_985129 has been used by 5 accounts that had never used it before, starting 2026-05-23. One device operating several accounts points to an account-takeover ring or mule farm. This transaction: $330.07 at LUXE ELECTRONICS OUTLET. | Large purchase on new device: $330.07 at LUXE ELECTRONICS OUTLET on device d_985129, 13.0h after it first appeared on this account (2026-06-04 19:27 UTC). That is 21x the account's median purchase of $15.49 over its 141 earlier purchases.",u_00348,2026-06-05T08:29:57Z,330.07,LUXE ELECTRONICS OUTLET,d_985129,
t_62c508b1f26139b5,DEVICE_NEW_TO_MULTIPLE_ACCOUNTS,"Device new to multiple accounts: device d_772146 has been used by 10 accounts that had never used it before, starting 2026-05-15. One device operating several accounts points to an account-takeover ring or mule farm. This transaction: $349.83 at PREPAID DEPOT.",u_01556,2026-06-05T13:49:50Z,349.83,PREPAID DEPOT,d_772146,
t_6eba0d34cccad8e1,DEVICE_NEW_TO_MULTIPLE_ACCOUNTS;LARGE_PURCHASE_ON_NEW_DEVICE,"Device new to multiple accounts: device d_985129 has been used by 5 accounts that had never used it before, starting 2026-05-23. One device operating several accounts points to an account-takeover ring or mule farm. This transaction: $149.54 at GIFTCARDS EXPRESS. | Large purchase on new device: $149.54 at GIFTCARDS EXPRESS on device d_985129, 21.1h after it first appeared on this account (2026-06-04 19:27 UTC). That is 10x the account's median purchase of $15.49 over its 141 earlier purchases.",u_00348,2026-06-05T16:34:31Z,149.54,GIFTCARDS EXPRESS,d_985129,
t_40ba4eb36e4b4725,DEVICE_NEW_TO_MULTIPLE_ACCOUNTS,"Device new to multiple accounts: device d_904876 has been used by 4 accounts that had never used it before, starting 2026-05-27. One device operating several accounts points to an account-takeover ring or mule farm. This transaction: $389.84 at PREPAID DEPOT.",u_00980,2026-06-05T19:42:38Z,389.84,PREPAID DEPOT,d_904876,
t_1c7908eacb313049,DEVICE_NEW_TO_MULTIPLE_ACCOUNTS,"Device new to multiple accounts: device d_985129 has been used by 5 accounts that had never used it before, starting 2026-05-23. One device operating several accounts points to an account-takeover ring or mule farm. This transaction: $107.99 at PREPAID DEPOT.",u_00348,2026-06-05T20:31:27Z,107.99,PREPAID DEPOT,d_985129,
t_4805b26569b2db5e,DEVICE_NEW_TO_MULTIPLE_ACCOUNTS,"Device new to multiple accounts: device d_772146 has been used by 10 accounts that had never used it before, starting 2026-05-15. One device operating several accounts points to an account-takeover ring or mule farm. This transaction: $351.84 at RESELL MARKET 24.",u_01556,2026-06-06T07:28:38Z,351.84,RESELL MARKET 24,d_772146,
t_3ae07b9b2379edf5,DEVICE_NEW_TO_MULTIPLE_ACCOUNTS;LARGE_PURCHASE_ON_NEW_DEVICE,"Device new to multiple accounts: device d_985129 has been used by 6 accounts that had never used it before, starting 2026-05-23. One device operating several accounts points to an account-takeover ring or mule farm. This transaction: $430.44 at RESELL MARKET 24. | Large purchase on new device: $430.44 at RESELL MARKET 24 on device d_985129, its first transaction on this account (2026-06-06 08:04 UTC). That is 23x the account's median purchase of $18.46 over its 77 earlier purchases.",u_00272,2026-06-06T08:04:35Z,430.44,RESELL MARKET 24,d_985129,
t_06b9f53ea2416fa1,DEVICE_NEW_TO_MULTIPLE_ACCOUNTS,"Device new to multiple accounts: device d_904876 has been used by 4 accounts that had never used it before, starting 2026-05-27. One device operating several accounts points to an account-takeover ring or mule farm. This transaction: $294.52 at JEWELRY WHOLESALE CO.",u_00980,2026-06-06T12:00:40Z,294.52,JEWELRY WHOLESALE CO,d_904876,
t_50525713f8f0e277,DEVICE_NEW_TO_MULTIPLE_ACCOUNTS;LARGE_PURCHASE_ON_NEW_DEVICE,"Device new to multiple accounts: device d_772146 has been used by 11 accounts that had never used it before, starting 2026-05-15. One device operating several accounts points to an account-takeover ring or mule farm. This transaction: $445.39 at JEWELRY WHOLESALE CO. | Large purchase on new device: $445.39 at JEWELRY WHOLESALE CO on device d_772146, its first transaction on this account (2026-06-06 17:58 UTC). That is 33x the account's median purchase of $13.65 over its 655 earlier purchases.",u_00698,2026-06-06T17:58:51Z,445.39,JEWELRY WHOLESALE CO,d_772146,
t_6d750802fb84cbbc,DEVICE_NEW_TO_MULTIPLE_ACCOUNTS,"Device new to multiple accounts: device d_904876 has been used by 4 accounts that had never used it before, starting 2026-05-27. One device operating several accounts points to an account-takeover ring or mule farm. This transaction: $370.21 at GIFTCARDS EXPRESS.",u_00980,2026-06-06T19:41:21Z,370.21,GIFTCARDS EXPRESS,d_904876,
t_1ba1ffb1f91983f3,DEVICE_NEW_TO_MULTIPLE_ACCOUNTS;LARGE_PURCHASE_ON_NEW_DEVICE,"Device new to multiple accounts: device d_985129 has been used by 6 accounts that had never used it before, starting 2026-05-23. One device operating several accounts points to an account-takeover ring or mule farm. This transaction: $268.35 at JEWELRY WHOLESALE CO. | Large purchase on new device: $268.35 at JEWELRY WHOLESALE CO on device d_985129, 15.2h after it first appeared on this account (2026-06-06 08:04 UTC). That is 15x the account's median purchase of $18.46 over its 77 earlier purchases.",u_00272,2026-06-06T23:19:00Z,268.35,JEWELRY WHOLESALE CO,d_985129,
t_3fbc394d0ce1ffda,DEVICE_NEW_TO_MULTIPLE_ACCOUNTS,"Device new to multiple accounts: device d_904876 has been used by 4 accounts that had never used it before, starting 2026-05-27. One device operating several accounts points to an account-takeover ring or mule farm. This transaction: $94.32 at RESELL MARKET 24.",u_00980,2026-06-06T23:57:14Z,94.32,RESELL MARKET 24,d_904876,
t_027f714ac9a110a0,DEVICE_NEW_TO_MULTIPLE_ACCOUNTS;LARGE_PURCHASE_ON_NEW_DEVICE,"Device new to multiple accounts: device d_904876 has been used by 5 accounts that had never used it before, starting 2026-05-27. One device operating several accounts points to an account-takeover ring or mule farm. This transaction: $81.24 at PREPAID DEPOT. | Large purchase on new device: $81.24 at PREPAID DEPOT on device d_904876, its first transaction on this account (2026-06-07 12:31 UTC). That is 6x the account's median purchase of $13.52 over its 64 earlier purchases.",u_01517,2026-06-07T12:31:26Z,81.24,PREPAID DEPOT,d_904876,
t_7ff871f7ce18a7b6,DEVICE_NEW_TO_MULTIPLE_ACCOUNTS;LARGE_PURCHASE_ON_NEW_DEVICE,"Device new to multiple accounts: device d_772146 has been used by 11 accounts that had never used it before, starting 2026-05-15. One device operating several accounts points to an account-takeover ring or mule farm. This transaction: $366.87 at RESELL MARKET 24. | Large purchase on new device: $366.87 at RESELL MARKET 24 on device d_772146, 19.2h after it first appeared on this account (2026-06-06 17:58 UTC). That is 27x the account's median purchase of $13.65 over its 655 earlier purchases.",u_00698,2026-06-07T13:12:17Z,366.87,RESELL MARKET 24,d_772146,
t_63d45cd4f9a20503,DEVICE_NEW_TO_MULTIPLE_ACCOUNTS,"Device new to multiple accounts: device d_985129 has been used by 6 accounts that had never used it before, starting 2026-05-23. One device operating several accounts points to an account-takeover ring or mule farm. This transaction: $428.56 at JEWELRY WHOLESALE CO.",u_00272,2026-06-07T15:48:37Z,428.56,JEWELRY WHOLESALE CO,d_985129,
t_5815e94663ecf314,DEVICE_NEW_TO_MULTIPLE_ACCOUNTS;LARGE_PURCHASE_ON_NEW_DEVICE,"Device new to multiple accounts: device d_904876 has been used by 5 accounts that had never used it before, starting 2026-05-27. One device operating several accounts points to an account-takeover ring or mule farm. This transaction: $219.44 at JEWELRY WHOLESALE CO. | Large purchase on new device: $219.44 at JEWELRY WHOLESALE CO on device d_904876, 10.7h after it first appeared on this account (2026-06-07 12:31 UTC). That is 16x the account's median purchase of $13.52 over its 64 earlier purchases.",u_01517,2026-06-07T23:13:43Z,219.44,JEWELRY WHOLESALE CO,d_904876,
t_40f9488487779439,DEVICE_NEW_TO_MULTIPLE_ACCOUNTS,"Device new to multiple accounts: device d_772146 has been used by 11 accounts that had never used it before, starting 2026-05-15. One device operating several accounts points to an account-takeover ring or mule farm. This transaction: $176.11 at RESELL MARKET 24.",u_00698,2026-06-08T01:10:42Z,176.11,RESELL MARKET 24,d_772146,
t_4e7b138ad156a79c,DEVICE_NEW_TO_MULTIPLE_ACCOUNTS,"Device new to multiple accounts: device d_985129 has been used by 6 accounts that had never used it before, starting 2026-05-23. One device operating several accounts points to an account-takeover ring or mule farm. This transaction: $320.88 at RESELL MARKET 24.",u_00272,2026-06-08T06:31:24Z,320.88,RESELL MARKET 24,d_985129,
t_0484a46a96b56b81,DEVICE_NEW_TO_MULTIPLE_ACCOUNTS;LARGE_PURCHASE_ON_NEW_DEVICE,"Device new to multiple accounts: device d_985129 has been used by 7 accounts that had never used it before, starting 2026-05-23. One device operating several accounts points to an account-takeover ring or mule farm. This transaction: $336.37 at RESELL MARKET 24. | Large purchase on new device: $336.37 at RESELL MARKET 24 on device d_985129, its first transaction on this account (2026-06-08 09:48 UTC). That is 16x the account's median purchase of $20.79 over its 126 earlier purchases.",u_00027,2026-06-08T09:48:42Z,336.37,RESELL MARKET 24,d_985129,
t_11eda589ec15c5a0,DEVICE_NEW_TO_MULTIPLE_ACCOUNTS,"Device new to multiple accounts: device d_904876 has been used by 5 accounts that had never used it before, starting 2026-05-27. One device operating several accounts points to an account-takeover ring or mule farm. This transaction: $97.97 at LUXE ELECTRONICS OUTLET.",u_01517,2026-06-08T15:17:02Z,97.97,LUXE ELECTRONICS OUTLET,d_904876,
t_76a789ab66b721ae,DEVICE_NEW_TO_MULTIPLE_ACCOUNTS,"Device new to multiple accounts: device d_772146 has been used by 11 accounts that had never used it before, starting 2026-05-15. One device operating several accounts points to an account-takeover ring or mule farm. This transaction: $164.15 at PREPAID DEPOT.",u_00698,2026-06-08T18:48:43Z,164.15,PREPAID DEPOT,d_772146,
t_63a7d4e2b3e3167a,CARD_TESTING_BURST,Card-testing burst: 10 charges under $5 at 7 different merchants within 13 min ($29.23 so far). The burst ran to 21 charges and $63.39 by 22:40 UTC; its other charges are listed in related_txn_ids.,u_00017,2026-06-08T22:27:29Z,1.03,STREAMPLUS TRIAL,d_000026,t_74cbc766ea4c37c1;t_3ca5e0a2b37a6d9b;t_58148eef74381013;t_7c7dadb7dcdaddf3;t_1caff2547651d11a;t_3d0389f79c8e108f;t_628441d52e3aeeea;t_763172a925e73266;t_3da591dcbaf2ef05;t_3c3cc2132d3b7753;t_0e17684dcfce8154;t_41f507738bc48b02;t_40d87df44f43f255;t_37fc1cf9250b40cf;t_4572a545cf69db2f;t_23554ad474efd4cc;t_74107d6b65ec9d24;t_71fe20e29238cb32;t_3df5f4d83b77bb3b;t_201a89cfa19c5c8b
t_0c8787ae67778c2e,DEVICE_NEW_TO_MULTIPLE_ACCOUNTS;LARGE_PURCHASE_ON_NEW_DEVICE,"Device new to multiple accounts: device d_985129 has been used by 7 accounts that had never used it before, starting 2026-05-23. One device operating several accounts points to an account-takeover ring or mule farm. This transaction: $138.77 at LUXE ELECTRONICS OUTLET. | Large purchase on new device: $138.77 at LUXE ELECTRONICS OUTLET on device d_985129, 16.9h after it first appeared on this account (2026-06-08 09:48 UTC). That is 7x the account's median purchase of $20.79 over its 126 earlier purchases.",u_00027,2026-06-09T02:40:21Z,138.77,LUXE ELECTRONICS OUTLET,d_985129,
t_350c4a85b66f199f,DEVICE_NEW_TO_MULTIPLE_ACCOUNTS,"Device new to multiple accounts: device d_772146 has been used by 11 accounts that had never used it before, starting 2026-05-15. One device operating several accounts points to an account-takeover ring or mule farm. This transaction: $296.88 at LUXE ELECTRONICS OUTLET.",u_00698,2026-06-09T03:28:58Z,296.88,LUXE ELECTRONICS OUTLET,d_772146,
t_503b16a5c1c01147,DEVICE_NEW_TO_MULTIPLE_ACCOUNTS,"Device new to multiple accounts: device d_904876 has been used by 5 accounts that had never used it before, starting 2026-05-27. One device operating several accounts points to an account-takeover ring or mule farm. This transaction: $298.91 at LUXE ELECTRONICS OUTLET.",u_01517,2026-06-09T04:04:04Z,298.91,LUXE ELECTRONICS OUTLET,d_904876,
t_597aea1cb5475f2f,DEVICE_NEW_TO_MULTIPLE_ACCOUNTS;LARGE_PURCHASE_ON_NEW_DEVICE,"Device new to multiple accounts: device d_985129 has been used by 7 accounts that had never used it before, starting 2026-05-23. One device operating several accounts points to an account-takeover ring or mule farm. This transaction: $128.92 at JEWELRY WHOLESALE CO. | Large purchase on new device: $128.92 at JEWELRY WHOLESALE CO on device d_985129, 19.3h after it first appeared on this account (2026-06-08 09:48 UTC). That is 6x the account's median purchase of $20.79 over its 126 earlier purchases.",u_00027,2026-06-09T05:04:53Z,128.92,JEWELRY WHOLESALE CO,d_985129,
t_4269893d5faf4f32,DEVICE_NEW_TO_MULTIPLE_ACCOUNTS;LARGE_PURCHASE_ON_NEW_DEVICE,"Device new to multiple accounts: device d_985129 has been used by 7 accounts that had never used it before, starting 2026-05-23. One device operating several accounts points to an account-takeover ring or mule farm. This transaction: $346.79 at RESELL MARKET 24. | Large purchase on new device: $346.79 at RESELL MARKET 24 on device d_985129, 20.9h after it first appeared on this account (2026-06-08 09:48 UTC). That is 17x the account's median purchase of $20.79 over its 126 earlier purchases.",u_00027,2026-06-09T06:44:53Z,346.79,RESELL MARKET 24,d_985129,
t_1014c9630b253252,DEVICE_NEW_TO_MULTIPLE_ACCOUNTS;LARGE_PURCHASE_ON_NEW_DEVICE,"Device new to multiple accounts: device d_985129 has been used by 8 accounts that had never used it before, starting 2026-05-23. One device operating several accounts points to an account-takeover ring or mule farm. This transaction: $279.77 at RESELL MARKET 24. | Large purchase on new device: $279.77 at RESELL MARKET 24 on device d_985129, its first transaction on this account (2026-06-09 17:31 UTC). That is 7x the account's median purchase of $41.52 over its 74 earlier purchases.",u_00438,2026-06-09T17:31:23Z,279.77,RESELL MARKET 24,d_985129,
t_60936d6b77d548b8,DEVICE_NEW_TO_MULTIPLE_ACCOUNTS,"Device new to multiple accounts: device d_904876 has been used by 5 accounts that had never used it before, starting 2026-05-27. One device operating several accounts points to an account-takeover ring or mule farm. This transaction: $431.27 at PREPAID DEPOT.",u_01517,2026-06-09T20:51:31Z,431.27,PREPAID DEPOT,d_904876,
t_5cde4e22978278bf,DEVICE_NEW_TO_MULTIPLE_ACCOUNTS;LARGE_PURCHASE_ON_NEW_DEVICE,"Device new to multiple accounts: device d_985129 has been used by 8 accounts that had never used it before, starting 2026-05-23. One device operating several accounts points to an account-takeover ring or mule farm. This transaction: $359.44 at PREPAID DEPOT. | Large purchase on new device: $359.44 at PREPAID DEPOT on device d_985129, 7.4h after it first appeared on this account (2026-06-09 17:31 UTC). That is 9x the account's median purchase of $41.52 over its 74 earlier purchases.",u_00438,2026-06-10T00:55:24Z,359.44,PREPAID DEPOT,d_985129,
t_7c9f39ed01c30ee5,DEVICE_NEW_TO_MULTIPLE_ACCOUNTS;LARGE_PURCHASE_ON_NEW_DEVICE,"Device new to multiple accounts: device d_904876 has been used by 6 accounts that had never used it before, starting 2026-05-27. One device operating several accounts points to an account-takeover ring or mule farm. This transaction: $441.74 at RESELL MARKET 24. | Large purchase on new device: $441.74 at RESELL MARKET 24 on device d_904876, its first transaction on this account (2026-06-10 03:49 UTC). That is 19x the account's median purchase of $22.86 over its 141 earlier purchases.",u_00576,2026-06-10T03:49:55Z,441.74,RESELL MARKET 24,d_904876,
t_625c20d34d614fe9,DEVICE_NEW_TO_MULTIPLE_ACCOUNTS;LARGE_PURCHASE_ON_NEW_DEVICE,"Device new to multiple accounts: device d_904876 has been used by 6 accounts that had never used it before, starting 2026-05-27. One device operating several accounts points to an account-takeover ring or mule farm. This transaction: $374.48 at GIFTCARDS EXPRESS. | Large purchase on new device: $374.48 at GIFTCARDS EXPRESS on device d_904876, 3.0h after it first appeared on this account (2026-06-10 03:49 UTC). That is 16x the account's median purchase of $22.86 over its 141 earlier purchases.",u_00576,2026-06-10T06:52:30Z,374.48,GIFTCARDS EXPRESS,d_904876,
t_5bf736b57f558b3b,DEVICE_NEW_TO_MULTIPLE_ACCOUNTS;LARGE_PURCHASE_ON_NEW_DEVICE,"Device new to multiple accounts: device d_904876 has been used by 6 accounts that had never used it before, starting 2026-05-27. One device operating several accounts points to an account-takeover ring or mule farm. This transaction: $136.76 at GIFTCARDS EXPRESS. | Large purchase on new device: $136.76 at GIFTCARDS EXPRESS on device d_904876, 4.3h after it first appeared on this account (2026-06-10 03:49 UTC). That is 6x the account's median purchase of $22.86 over its 141 earlier purchases.",u_00576,2026-06-10T08:05:41Z,136.76,GIFTCARDS EXPRESS,d_904876,
t_56e57fa03171ef42,CARD_TESTING_BURST,Card-testing burst: 10 charges under $5 at 7 different merchants within 17 min ($27.95 so far). The burst ran to 18 charges and $52.73 by 13:38 UTC; its other charges are listed in related_txn_ids.,u_00496,2026-06-10T13:27:59Z,4.81,QUICKSUB.IO,d_000695,t_6f584823f51f9d99;t_32b7af97f075142c;t_46f2fd039652f74d;t_2ca3f631435109d5;t_5632778afc59ed32;t_7f353fc14a3568c5;t_2983465fb3ec3f23;t_7d58d86c31ccc514;t_39e2d33de1b0cda5;t_1b4dd106012b67ff;t_746e99650579888d;t_7f21ce5b9750236b;t_0d6d7b05588b0328;t_0cd4e2e6a42d5f66;t_00fe99d6a7617b5a;t_3a0ae3c15c9666ed;t_05ce6d6c875f6fd8
t_566a4aa5a8a31693,DEVICE_NEW_TO_MULTIPLE_ACCOUNTS,"Device new to multiple accounts: device d_985129 has been used by 8 accounts that had never used it before, starting 2026-05-23. One device operating several accounts points to an account-takeover ring or mule farm. This transaction: $198.86 at GIFTCARDS EXPRESS.",u_00438,2026-06-10T18:03:35Z,198.86,GIFTCARDS EXPRESS,d_985129,
t_1451f2735653a3be,DEVICE_NEW_TO_MULTIPLE_ACCOUNTS;LARGE_PURCHASE_ON_NEW_DEVICE,"Device new to multiple accounts: device d_904876 has been used by 6 accounts that had never used it before, starting 2026-05-27. One device operating several accounts points to an account-takeover ring or mule farm. This transaction: $375.32 at PREPAID DEPOT. | Large purchase on new device: $375.32 at PREPAID DEPOT on device d_904876, 16.6h after it first appeared on this account (2026-06-10 03:49 UTC). That is 16x the account's median purchase of $22.86 over its 141 earlier purchases.",u_00576,2026-06-10T20:28:23Z,375.32,PREPAID DEPOT,d_904876,
t_6acab916ed240a88,DEVICE_NEW_TO_MULTIPLE_ACCOUNTS;LARGE_PURCHASE_ON_NEW_DEVICE,"Device new to multiple accounts: device d_904876 has been used by 6 accounts that had never used it before, starting 2026-05-27. One device operating several accounts points to an account-takeover ring or mule farm. This transaction: $206.77 at JEWELRY WHOLESALE CO. | Large purchase on new device: $206.77 at JEWELRY WHOLESALE CO on device d_904876, 18.3h after it first appeared on this account (2026-06-10 03:49 UTC). That is 9x the account's median purchase of $22.86 over its 141 earlier purchases.",u_00576,2026-06-10T22:06:03Z,206.77,JEWELRY WHOLESALE CO,d_904876,
t_5bf084950c10add1,DEVICE_NEW_TO_MULTIPLE_ACCOUNTS,"Device new to multiple accounts: device d_985129 has been used by 8 accounts that had never used it before, starting 2026-05-23. One device operating several accounts points to an account-takeover ring or mule farm. This transaction: $98.72 at PREPAID DEPOT.",u_00438,2026-06-11T00:15:44Z,98.72,PREPAID DEPOT,d_985129,
t_7dcbc355ad6f48ee,DEVICE_NEW_TO_MULTIPLE_ACCOUNTS,"Device new to multiple accounts: device d_904876 has been used by 6 accounts that had never used it before, starting 2026-05-27. One device operating several accounts points to an account-takeover ring or mule farm. This transaction: $221.79 at LUXE ELECTRONICS OUTLET.",u_00576,2026-06-11T03:57:40Z,221.79,LUXE ELECTRONICS OUTLET,d_904876,
t_385432e33f70f320,DEVICE_NEW_TO_MULTIPLE_ACCOUNTS;LARGE_PURCHASE_ON_NEW_DEVICE,"Device new to multiple accounts: device d_985129 has been used by 9 accounts that had never used it before, starting 2026-05-23. One device operating several accounts points to an account-takeover ring or mule farm. This transaction: $371.71 at PREPAID DEPOT. | Large purchase on new device: $371.71 at PREPAID DEPOT on device d_985129, its first transaction on this account (2026-06-11 06:36 UTC). That is 23x the account's median purchase of $16.10 over its 536 earlier purchases.",u_01746,2026-06-11T06:36:10Z,371.71,PREPAID DEPOT,d_985129,
t_5e777b6bea402096,DEVICE_NEW_TO_MULTIPLE_ACCOUNTS;LARGE_PURCHASE_ON_NEW_DEVICE,"Device new to multiple accounts: device d_904876 has been used by 7 accounts that had never used it before, starting 2026-05-27. One device operating several accounts points to an account-takeover ring or mule farm. This transaction: $236.61 at RESELL MARKET 24. | Large purchase on new device: $236.61 at RESELL MARKET 24 on device d_904876, its first transaction on this account (2026-06-11 06:53 UTC). That is 8x the account's median purchase of $30.27 over its 80 earlier purchases.",u_01394,2026-06-11T06:53:02Z,236.61,RESELL MARKET 24,d_904876,
t_77180f6f3b2f5db4,DEVICE_NEW_TO_MULTIPLE_ACCOUNTS;LARGE_PURCHASE_ON_NEW_DEVICE,"Device new to multiple accounts: device d_985129 has been used by 9 accounts that had never used it before, starting 2026-05-23. One device operating several accounts points to an account-takeover ring or mule farm. This transaction: $335.36 at LUXE ELECTRONICS OUTLET. | Large purchase on new device: $335.36 at LUXE ELECTRONICS OUTLET on device d_985129, 5.9h after it first appeared on this account (2026-06-11 06:36 UTC). That is 21x the account's median purchase of $16.10 over its 536 earlier purchases.",u_01746,2026-06-11T12:27:55Z,335.36,LUXE ELECTRONICS OUTLET,d_985129,
t_590bb9771bb904dc,DEVICE_NEW_TO_MULTIPLE_ACCOUNTS;LARGE_PURCHASE_ON_NEW_DEVICE,"Device new to multiple accounts: device d_904876 has been used by 7 accounts that had never used it before, starting 2026-05-27. One device operating several accounts points to an account-takeover ring or mule farm. This transaction: $183.05 at GIFTCARDS EXPRESS. | Large purchase on new device: $183.05 at GIFTCARDS EXPRESS on device d_904876, 9.7h after it first appeared on this account (2026-06-11 06:53 UTC). That is 6x the account's median purchase of $30.27 over its 80 earlier purchases.",u_01394,2026-06-11T16:34:07Z,183.05,GIFTCARDS EXPRESS,d_904876,
t_4284899599ff295f,DEVICE_NEW_TO_MULTIPLE_ACCOUNTS;LARGE_PURCHASE_ON_NEW_DEVICE,"Device new to multiple accounts: device d_985129 has been used by 9 accounts that had never used it before, starting 2026-05-23. One device operating several accounts points to an account-takeover ring or mule farm. This transaction: $435.34 at GIFTCARDS EXPRESS. | Large purchase on new device: $435.34 at GIFTCARDS EXPRESS on device d_985129, 17.2h after it first appeared on this account (2026-06-11 06:36 UTC). That is 27x the account's median purchase of $16.10 over its 536 earlier purchases.",u_01746,2026-06-11T23:47:09Z,435.34,GIFTCARDS EXPRESS,d_985129,
t_763460506a5bf2b9,DEVICE_NEW_TO_MULTIPLE_ACCOUNTS,"Device new to multiple accounts: device d_904876 has been used by 7 accounts that had never used it before, starting 2026-05-27. One device operating several accounts points to an account-takeover ring or mule farm. This transaction: $308.60 at GIFTCARDS EXPRESS.",u_01394,2026-06-12T07:08:56Z,308.6,GIFTCARDS EXPRESS,d_904876,
t_713a4ccfd562ac86,DEVICE_NEW_TO_MULTIPLE_ACCOUNTS,"Device new to multiple accounts: device d_985129 has been used by 9 accounts that had never used it before, starting 2026-05-23. One device operating several accounts points to an account-takeover ring or mule farm. This transaction: $112.69 at RESELL MARKET 24.",u_01746,2026-06-12T07:45:52Z,112.69,RESELL MARKET 24,d_985129,
t_46d8bec87c12f5f0,DEVICE_NEW_TO_MULTIPLE_ACCOUNTS,"Device new to multiple accounts: device d_985129 has been used by 9 accounts that had never used it before, starting 2026-05-23. One device operating several accounts points to an account-takeover ring or mule farm. This transaction: $162.50 at GIFTCARDS EXPRESS.",u_01746,2026-06-12T23:00:28Z,162.5,GIFTCARDS EXPRESS,d_985129,
t_54a04c440b3798f8,DEVICE_NEW_TO_MULTIPLE_ACCOUNTS,"Device new to multiple accounts: device d_904876 has been used by 7 accounts that had never used it before, starting 2026-05-27. One device operating several accounts points to an account-takeover ring or mule farm. This transaction: $304.48 at LUXE ELECTRONICS OUTLET.",u_01394,2026-06-12T23:35:34Z,304.48,LUXE ELECTRONICS OUTLET,d_904876,
t_436deb60d75d9070,DEVICE_NEW_TO_MULTIPLE_ACCOUNTS,"Device new to multiple accounts: device d_985129 has been used by 10 accounts that had never used it before, starting 2026-05-23. One device operating several accounts points to an account-takeover ring or mule farm. This transaction: $81.96 at LUXE ELECTRONICS OUTLET.",u_00009,2026-06-13T01:01:10Z,81.96,LUXE ELECTRONICS OUTLET,d_985129,
t_036a01e1d3fb2b7e,DEVICE_NEW_TO_MULTIPLE_ACCOUNTS;LARGE_PURCHASE_ON_NEW_DEVICE,"Device new to multiple accounts: device d_985129 has been used by 10 accounts that had never used it before, starting 2026-05-23. One device operating several accounts points to an account-takeover ring or mule farm. This transaction: $236.88 at RESELL MARKET 24. | Large purchase on new device: $236.88 at RESELL MARKET 24 on device d_985129, 10.4h after it first appeared on this account (2026-06-13 01:01 UTC). That is 7x the account's median purchase of $34.23 over its 76 earlier purchases.",u_00009,2026-06-13T11:22:54Z,236.88,RESELL MARKET 24,d_985129,
t_4c87621c65f741a0,DEVICE_NEW_TO_MULTIPLE_ACCOUNTS,"Device new to multiple accounts: device d_904876 has been used by 7 accounts that had never used it before, starting 2026-05-27. One device operating several accounts points to an account-takeover ring or mule farm. This transaction: $394.99 at PREPAID DEPOT.",u_01394,2026-06-13T17:34:16Z,394.99,PREPAID DEPOT,d_904876,
t_207957dd4c2a3d3e,DEVICE_NEW_TO_MULTIPLE_ACCOUNTS;LARGE_PURCHASE_ON_NEW_DEVICE,"Device new to multiple accounts: device d_985129 has been used by 10 accounts that had never used it before, starting 2026-05-23. One device operating several accounts points to an account-takeover ring or mule farm. This transaction: $403.27 at JEWELRY WHOLESALE CO. | Large purchase on new device: $403.27 at JEWELRY WHOLESALE CO on device d_985129, 23.8h after it first appeared on this account (2026-06-13 01:01 UTC). That is 12x the account's median purchase of $34.23 over its 76 earlier purchases.",u_00009,2026-06-14T00:47:02Z,403.27,JEWELRY WHOLESALE CO,d_985129,
t_1f99fd5188833d37,DEVICE_NEW_TO_MULTIPLE_ACCOUNTS,"Device new to multiple accounts: device d_904876 has been used by 7 accounts that had never used it before, starting 2026-05-27. One device operating several accounts points to an account-takeover ring or mule farm. This transaction: $444.61 at LUXE ELECTRONICS OUTLET.",u_01394,2026-06-14T12:03:05Z,444.61,LUXE ELECTRONICS OUTLET,d_904876,
t_2e69e1c76ef4e706,LARGE_PURCHASE_ON_NEW_DEVICE,"Large purchase on new device: $316.10 at PREPAID DEPOT on device d_899055, its first transaction on this account (2026-06-14 12:17 UTC). That is 19x the account's median purchase of $16.91 over its 141 earlier purchases.",u_00787,2026-06-14T12:17:48Z,316.1,PREPAID DEPOT,d_899055,
t_6f17f1566eb0a4f5,DEVICE_NEW_TO_MULTIPLE_ACCOUNTS,"Device new to multiple accounts: device d_985129 has been used by 10 accounts that had never used it before, starting 2026-05-23. One device operating several accounts points to an account-takeover ring or mule farm. This transaction: $239.95 at GIFTCARDS EXPRESS.",u_00009,2026-06-14T15:44:11Z,239.95,GIFTCARDS EXPRESS,d_985129,
t_2f5dfd840078c0c8,LARGE_PURCHASE_ON_NEW_DEVICE,"Large purchase on new device: $367.37 at PREPAID DEPOT on device d_899055, 10.0h after it first appeared on this account (2026-06-14 12:17 UTC). That is 22x the account's median purchase of $16.91 over its 141 earlier purchases.",u_00787,2026-06-14T22:19:06Z,367.37,PREPAID DEPOT,d_899055,
t_5512caa05aad4b8c,LARGE_PURCHASE_ON_NEW_DEVICE,"Large purchase on new device: $189.68 at PREPAID DEPOT on device d_899055, 11.1h after it first appeared on this account (2026-06-14 12:17 UTC). That is 11x the account's median purchase of $16.91 over its 141 earlier purchases.",u_00787,2026-06-14T23:25:06Z,189.68,PREPAID DEPOT,d_899055,
t_54724a1c3c829397,DEVICE_NEW_TO_MULTIPLE_ACCOUNTS,"Device new to multiple accounts: device d_904876 has been used by 7 accounts that had never used it before, starting 2026-05-27. One device operating several accounts points to an account-takeover ring or mule farm. This transaction: $374.08 at GIFTCARDS EXPRESS.",u_01394,2026-06-15T04:33:46Z,374.08,GIFTCARDS EXPRESS,d_904876,
t_2c1819586cc127e4,DEVICE_NEW_TO_MULTIPLE_ACCOUNTS;LARGE_PURCHASE_ON_NEW_DEVICE,"Device new to multiple accounts: device d_985129 has been used by 11 accounts that had never used it before, starting 2026-05-23. One device operating several accounts points to an account-takeover ring or mule farm. This transaction: $360.11 at GIFTCARDS EXPRESS. | Large purchase on new device: $360.11 at GIFTCARDS EXPRESS on device d_985129, its first transaction on this account (2026-06-15 08:14 UTC). That is 10x the account's median purchase of $35.81 over its 167 earlier purchases.",u_00691,2026-06-15T08:14:18Z,360.11,GIFTCARDS EXPRESS,d_985129,
t_5654787bd6e6f1af,DEVICE_NEW_TO_MULTIPLE_ACCOUNTS,"Device new to multiple accounts: device d_985129 has been used by 11 accounts that had never used it before, starting 2026-05-23. One device operating several accounts points to an account-takeover ring or mule farm. This transaction: $94.39 at JEWELRY WHOLESALE CO.",u_00691,2026-06-15T16:49:09Z,94.39,JEWELRY WHOLESALE CO,d_985129,
t_7fb52f43a34569e7,DEVICE_NEW_TO_MULTIPLE_ACCOUNTS,"Device new to multiple accounts: device d_904876 has been used by 7 accounts that had never used it before, starting 2026-05-27. One device operating several accounts points to an account-takeover ring or mule farm. This transaction: $243.38 at RESELL MARKET 24.",u_01394,2026-06-15T18:14:49Z,243.38,RESELL MARKET 24,d_904876,
t_3b1cf5cc58c3b849,DEVICE_NEW_TO_MULTIPLE_ACCOUNTS,"Device new to multiple accounts: device d_985129 has been used by 11 accounts that had never used it before, starting 2026-05-23. One device operating several accounts points to an account-takeover ring or mule farm. This transaction: $99.95 at GIFTCARDS EXPRESS.",u_00691,2026-06-15T19:22:18Z,99.95,GIFTCARDS EXPRESS,d_985129,
t_5c167c19dcbb8c99,DEVICE_NEW_TO_MULTIPLE_ACCOUNTS;LARGE_PURCHASE_ON_NEW_DEVICE,"Device new to multiple accounts: device d_985129 has been used by 11 accounts that had never used it before, starting 2026-05-23. One device operating several accounts points to an account-takeover ring or mule farm. This transaction: $397.14 at JEWELRY WHOLESALE CO. | Large purchase on new device: $397.14 at JEWELRY WHOLESALE CO on device d_985129, 12.6h after it first appeared on this account (2026-06-15 08:14 UTC). That is 11x the account's median purchase of $35.81 over its 167 earlier purchases.",u_00691,2026-06-15T20:50:08Z,397.14,JEWELRY WHOLESALE CO,d_985129,
t_70bede7b4380398d,CARD_TESTING_BURST,Card-testing burst: 10 charges under $5 at 7 different merchants within 18 min ($24.96 so far). The burst ran to 16 charges and $37.92 by 21:53 UTC; its other charges are listed in related_txn_ids.,u_00331,2026-06-15T21:42:10Z,0.9,CLOUDHOST BASIC,d_000457,t_3ab01ad9db3cfa33;t_2192462bfb8a78a9;t_33ac7d4f8a55da92;t_7788405c70b7e17c;t_77d54a8a612faa50;t_41b29312352d6f3c;t_076df63564ff00b5;t_77f1d693e895d53f;t_305704447b5ea7bc;t_3fd48ca8ec652a94;t_4ae66918050c29ca;t_135b0e44bea0af33;t_73bc86deb748bacb;t_10910778458336d1;t_2ccea6a56630ecbb
t_04461d2ba89cd48f,CARD_TESTING_BURST,Card-testing burst: 10 charges under $5 at 5 different merchants within 17 min ($28.01 so far). The burst ran to 12 charges and $33.11 by 04:53 UTC; its other charges are listed in related_txn_ids.,u_01751,2026-06-16T04:49:25Z,3.99,ONLINE-MKT 8827,d_002454,t_0349e29ff311ed36;t_23fcf1da54879a13;t_67eb66ae784dc2e8;t_653e23ffa73f20da;t_7be2d45dab34deb5;t_786b9eabbf52c52f;t_713fd17a6aa58f38;t_6f687c5fd193b9f8;t_39b6399a4a67f65c;t_4590973e4a0f991a;t_5cc9a46d7bc4caa1
t_6693502fa17bbf2f,CARD_TESTING_BURST,Card-testing burst: 10 charges under $5 at 8 different merchants within 15 min ($28.86 so far). The burst ran to 13 charges and $37.70 by 09:31 UTC; its other charges are listed in related_txn_ids.,u_01516,2026-06-16T09:05:25Z,3.46,DIGITALGOODS LLC,d_002119,t_108b8bba0d33f218;t_4ea4cfc05fd5176a;t_43a4bcbbac8f4888;t_76f818b78e67bcd9;t_7a52a8836695bd10;t_02f38c863d12a830;t_02515f003fa130c1;t_2b53ae571cdace47;t_54657cb8ff9a8462;t_312b391e34dd50ae;t_12a94b9fb7e8e3a4;t_1cdbdd703448c19f
t_6348f883f2a89a4f,DEVICE_NEW_TO_MULTIPLE_ACCOUNTS;LARGE_PURCHASE_ON_NEW_DEVICE,"Device new to multiple accounts: device d_904876 has been used by 8 accounts that had never used it before, starting 2026-05-27. One device operating several accounts points to an account-takeover ring or mule farm. This transaction: $350.87 at RESELL MARKET 24. | Large purchase on new device: $350.87 at RESELL MARKET 24 on device d_904876, its first transaction on this account (2026-06-16 09:20 UTC). That is 41x the account's median purchase of $8.62 over its 71 earlier purchases.",u_01759,2026-06-16T09:20:10Z,350.87,RESELL MARKET 24,d_904876,
t_628a5a2d703fc678,CARD_TESTING_BURST,Card-testing burst: 10 charges under $5 at 6 different merchants within 11 min ($20.69 so far). The burst ran to 20 charges and $50.26 by 11:06 UTC; its other charges are listed in related_txn_ids.,u_00950,2026-06-16T10:49:31Z,0.96,STREAMPLUS TRIAL,d_001329,t_7e90b351fd545dec;t_20a1a5f8afcc103d;t_22c2e63c88b4b9d6;t_7e113fd4a11daf24;t_63375d7eff9826c8;t_183f930c49ad8ad8;t_3936190b8db41ada;t_366bd4b252800c45;t_2e1d5fb74e7cafca;t_33ade2ad239bea64;t_1afcc43ae328023e;t_43b93ca8026ee804;t_62ca1ad3fb737907;t_5395c5a1ead395ae;t_5b953eeb79132b10;t_724aa0313192ce3b;t_0ff22cdf67e75dda;t_31c22c05f4eb4426;t_7bfe71e23fafa076
t_2b11b6d4bf59fab3,DEVICE_NEW_TO_MULTIPLE_ACCOUNTS,"Device new to multiple accounts: device d_985129 has been used by 11 accounts that had never used it before, starting 2026-05-23. One device operating several accounts points to an account-takeover ring or mule farm. This transaction: $392.86 at LUXE ELECTRONICS OUTLET.",u_00691,2026-06-16T13:00:02Z,392.86,LUXE ELECTRONICS OUTLET,d_985129,
t_0674dacffebe325c,DEVICE_NEW_TO_MULTIPLE_ACCOUNTS;LARGE_PURCHASE_ON_NEW_DEVICE,"Device new to multiple accounts: device d_904876 has been used by 8 accounts that had never used it before, starting 2026-05-27. One device operating several accounts points to an account-takeover ring or mule farm. This transaction: $150.58 at JEWELRY WHOLESALE CO. | Large purchase on new device: $150.58 at JEWELRY WHOLESALE CO on device d_904876, 15.3h after it first appeared on this account (2026-06-16 09:20 UTC). That is 17x the account's median purchase of $8.62 over its 71 earlier purchases.",u_01759,2026-06-17T00:36:50Z,150.58,JEWELRY WHOLESALE CO,d_904876,
t_2e434225da8ee14d,DEVICE_NEW_TO_MULTIPLE_ACCOUNTS,"Device new to multiple accounts: device d_985129 has been used by 11 accounts that had never used it before, starting 2026-05-23. One device operating several accounts points to an account-takeover ring or mule farm. This transaction: $125.85 at PREPAID DEPOT.",u_00691,2026-06-17T01:51:10Z,125.85,PREPAID DEPOT,d_985129,
t_014875f941969def,CARD_TESTING_BURST,Card-testing burst: 10 charges under $5 at 6 different merchants within 13 min ($28.82 so far). The burst ran to 12 charges and $34.34 by 08:14 UTC; its other charges are listed in related_txn_ids.,u_01295,2026-06-17T08:11:14Z,4.73,CLOUDHOST BASIC,d_001809,t_40b1c9d7ef5d0042;t_633cff40c7d99586;t_279a8dc50a53c5df;t_3fdb9d789335ae2d;t_3ba80b5777ab0ab5;t_6388db1f2059545c;t_546535636037f85c;t_0c231d0c0c3a3d64;t_6ac2f20e6959309d;t_1cd17dba443ae3c7;t_7eba45aa72b8fa4e
t_4ac52dff631ad8a9,DEVICE_NEW_TO_MULTIPLE_ACCOUNTS;LARGE_PURCHASE_ON_NEW_DEVICE,"Device new to multiple accounts: device d_904876 has been used by 8 accounts that had never used it before, starting 2026-05-27. One device operating several accounts points to an account-takeover ring or mule farm. This transaction: $356.76 at JEWELRY WHOLESALE CO. | Large purchase on new device: $356.76 at JEWELRY WHOLESALE CO on device d_904876, 22.9h after it first appeared on this account (2026-06-16 09:20 UTC). That is 41x the account's median purchase of $8.62 over its 71 earlier purchases.",u_01759,2026-06-17T08:14:45Z,356.76,JEWELRY WHOLESALE CO,d_904876,
t_5f6cfee53f556b08,DEVICE_NEW_TO_MULTIPLE_ACCOUNTS,"Device new to multiple accounts: device d_985129 has been used by 11 accounts that had never used it before, starting 2026-05-23. One device operating several accounts points to an account-takeover ring or mule farm. This transaction: $183.61 at JEWELRY WHOLESALE CO.",u_00691,2026-06-17T16:07:59Z,183.61,JEWELRY WHOLESALE CO,d_985129,
t_14863cd7767e73a0,DEVICE_NEW_TO_MULTIPLE_ACCOUNTS,"Device new to multiple accounts: device d_904876 has been used by 8 accounts that had never used it before, starting 2026-05-27. One device operating several accounts points to an account-takeover ring or mule farm. This transaction: $388.35 at GIFTCARDS EXPRESS.",u_01759,2026-06-17T22:51:17Z,388.35,GIFTCARDS EXPRESS,d_904876,
t_3836588497a69083,DEVICE_NEW_TO_MULTIPLE_ACCOUNTS;LARGE_PURCHASE_ON_NEW_DEVICE,"Device new to multiple accounts: device d_899055 has been used by 2 accounts that had never used it before, starting 2026-06-14. One device operating several accounts points to an account-takeover ring or mule farm. This transaction: $356.12 at JEWELRY WHOLESALE CO. | Large purchase on new device: $356.12 at JEWELRY WHOLESALE CO on device d_899055, its first transaction on this account (2026-06-17 23:47 UTC). That is 10x the account's median purchase of $35.68 over its 120 earlier purchases.",u_00601,2026-06-17T23:47:16Z,356.12,JEWELRY WHOLESALE CO,d_899055,
t_76875f2af2958528,DEVICE_NEW_TO_MULTIPLE_ACCOUNTS;LARGE_PURCHASE_ON_NEW_DEVICE,"Device new to multiple accounts: device d_899055 has been used by 2 accounts that had never used it before, starting 2026-06-14. One device operating several accounts points to an account-takeover ring or mule farm. This transaction: $193.51 at JEWELRY WHOLESALE CO. | Large purchase on new device: $193.51 at JEWELRY WHOLESALE CO on device d_899055, 4.8h after it first appeared on this account (2026-06-17 23:47 UTC). That is 5x the account's median purchase of $35.68 over its 120 earlier purchases.",u_00601,2026-06-18T04:35:13Z,193.51,JEWELRY WHOLESALE CO,d_899055,
t_6850bdc77ee19c88,LARGE_PURCHASE_ON_NEW_DEVICE,"Large purchase on new device: $163.80 at RESELL MARKET 24 on device d_832817, its first transaction on this account (2026-06-18 14:01 UTC). That is 7x the account's median purchase of $23.64 over its 128 earlier purchases.",u_01122,2026-06-18T14:01:22Z,163.8,RESELL MARKET 24,d_832817,
t_3fed075a277ff359,DEVICE_NEW_TO_MULTIPLE_ACCOUNTS,"Device new to multiple accounts: device d_904876 has been used by 8 accounts that had never used it before, starting 2026-05-27. One device operating several accounts points to an account-takeover ring or mule farm. This transaction: $131.78 at GIFTCARDS EXPRESS.",u_01759,2026-06-18T14:50:11Z,131.78,GIFTCARDS EXPRESS,d_904876,
t_4f6559dfde8421de,DEVICE_NEW_TO_MULTIPLE_ACCOUNTS;LARGE_PURCHASE_ON_NEW_DEVICE,"Device new to multiple accounts: device d_899055 has been used by 2 accounts that had never used it before, starting 2026-06-14. One device operating several accounts points to an account-takeover ring or mule farm. This transaction: $350.87 at GIFTCARDS EXPRESS. | Large purchase on new device: $350.87 at GIFTCARDS EXPRESS on device d_899055, 21.9h after it first appeared on this account (2026-06-17 23:47 UTC). That is 10x the account's median purchase of $35.68 over its 120 earlier purchases.",u_00601,2026-06-18T21:39:39Z,350.87,GIFTCARDS EXPRESS,d_899055,
t_7ddf3f9ace533b18,LARGE_PURCHASE_ON_NEW_DEVICE,"Large purchase on new device: $1,271.23 at JEWELRY WHOLESALE CO on device d_922646, its first transaction on this account (2026-06-18 23:26 UTC). That is 159x the account's median purchase of $7.97 over its 4 earlier purchases.",u_01894,2026-06-18T23:26:44Z,1271.23,JEWELRY WHOLESALE CO,d_922646,
t_36ed2fa023b590d7,LARGE_PURCHASE_ON_NEW_DEVICE,"Large purchase on new device: $1,626.05 at Best Buy on device d_922646, 1.2h after it first appeared on this account (2026-06-18 23:26 UTC). That is 204x the account's median purchase of $7.97 over its 4 earlier purchases.",u_01894,2026-06-19T00:39:44Z,1626.05,Best Buy,d_922646,
t_2420a5908e13e290,LARGE_PURCHASE_ON_NEW_DEVICE,"Large purchase on new device: $1,579.39 at RESELL MARKET 24 on device d_922646, 1.7h after it first appeared on this account (2026-06-18 23:26 UTC). That is 198x the account's median purchase of $7.97 over its 4 earlier purchases.",u_01894,2026-06-19T01:10:44Z,1579.39,RESELL MARKET 24,d_922646,
t_2cba45be520780a6,LARGE_PURCHASE_ON_NEW_DEVICE,"Large purchase on new device: $732.77 at Best Buy on device d_922646, 2.6h after it first appeared on this account (2026-06-18 23:26 UTC). That is 92x the account's median purchase of $7.97 over its 4 earlier purchases.",u_01894,2026-06-19T02:01:44Z,732.77,Best Buy,d_922646,
t_0af07801356c123b,DEVICE_NEW_TO_MULTIPLE_ACCOUNTS,"Device new to multiple accounts: device d_904876 has been used by 8 accounts that had never used it before, starting 2026-05-27. One device operating several accounts points to an account-takeover ring or mule farm. This transaction: $408.21 at PREPAID DEPOT.",u_01759,2026-06-19T03:54:36Z,408.21,PREPAID DEPOT,d_904876,
t_4bfafa0a24a727e6,DEVICE_NEW_TO_MULTIPLE_ACCOUNTS,"Device new to multiple accounts: device d_899055 has been used by 2 accounts that had never used it before, starting 2026-06-14. One device operating several accounts points to an account-takeover ring or mule farm. This transaction: $380.78 at PREPAID DEPOT.",u_00601,2026-06-19T08:44:38Z,380.78,PREPAID DEPOT,d_899055,
t_38a3cb0e28d1582d,LARGE_PURCHASE_ON_NEW_DEVICE,"Large purchase on new device: $198.90 at JEWELRY WHOLESALE CO on device d_832817, 18.9h after it first appeared on this account (2026-06-18 14:01 UTC). That is 8x the account's median purchase of $23.64 over its 128 earlier purchases.",u_01122,2026-06-19T08:53:56Z,198.9,JEWELRY WHOLESALE CO,d_832817,
t_4a0e6f193f7e54c3,LARGE_PURCHASE_ON_NEW_DEVICE,"Large purchase on new device: $107.36 at RESELL MARKET 24 on device d_832817, 21.8h after it first appeared on this account (2026-06-18 14:01 UTC). That is 5x the account's median purchase of $23.64 over its 128 earlier purchases.",u_01122,2026-06-19T11:52:19Z,107.36,RESELL MARKET 24,d_832817,
t_5953144e6ebcdc43,DEVICE_NEW_TO_MULTIPLE_ACCOUNTS,"Device new to multiple accounts: device d_904876 has been used by 8 accounts that had never used it before, starting 2026-05-27. One device operating several accounts points to an account-takeover ring or mule farm. This transaction: $449.65 at LUXE ELECTRONICS OUTLET.",u_01759,2026-06-19T17:07:49Z,449.65,LUXE ELECTRONICS OUTLET,d_904876,
t_05d10e341c869786,DEVICE_NEW_TO_MULTIPLE_ACCOUNTS,"Device new to multiple accounts: device d_899055 has been used by 2 accounts that had never used it before, starting 2026-06-14. One device operating several accounts points to an account-takeover ring or mule farm. This transaction: $369.13 at RESELL MARKET 24.",u_00601,2026-06-19T17:09:03Z,369.13,RESELL MARKET 24,d_899055,
t_693a618b32dc3fc4,DEVICE_NEW_TO_MULTIPLE_ACCOUNTS,"Device new to multiple accounts: device d_899055 has been used by 2 accounts that had never used it before, starting 2026-06-14. One device operating several accounts points to an account-takeover ring or mule farm. This transaction: $123.75 at RESELL MARKET 24.",u_00601,2026-06-19T22:04:10Z,123.75,RESELL MARKET 24,d_899055,
t_452ab6577f4f1e94,DEVICE_NEW_TO_MULTIPLE_ACCOUNTS,"Device new to multiple accounts: device d_904876 has been used by 8 accounts that had never used it before, starting 2026-05-27. One device operating several accounts points to an account-takeover ring or mule farm. This transaction: $347.62 at RESELL MARKET 24.",u_01759,2026-06-20T00:57:19Z,347.62,RESELL MARKET 24,d_904876,
t_08dee35f5d16b4f1,DEVICE_NEW_TO_MULTIPLE_ACCOUNTS;LARGE_PURCHASE_ON_NEW_DEVICE,"Device new to multiple accounts: device d_899055 has been used by 3 accounts that had never used it before, starting 2026-06-14. One device operating several accounts points to an account-takeover ring or mule farm. This transaction: $109.57 at LUXE ELECTRONICS OUTLET. | Large purchase on new device: $109.57 at LUXE ELECTRONICS OUTLET on device d_899055, its first transaction on this account (2026-06-20 07:10 UTC). That is 9x the account's median purchase of $12.39 over its 113 earlier purchases.",u_01766,2026-06-20T07:10:42Z,109.57,LUXE ELECTRONICS OUTLET,d_899055,
t_547902a5255c587f,DEVICE_NEW_TO_MULTIPLE_ACCOUNTS;LARGE_PURCHASE_ON_NEW_DEVICE,"Device new to multiple accounts: device d_904876 has been used by 9 accounts that had never used it before, starting 2026-05-27. One device operating several accounts points to an account-takeover ring or mule farm. This transaction: $168.75 at PREPAID DEPOT. | Large purchase on new device: $168.75 at PREPAID DEPOT on device d_904876, its first transaction on this account (2026-06-20 10:35 UTC). That is 8x the account's median purchase of $21.14 over its 1307 earlier purchases.",u_01645,2026-06-20T10:35:59Z,168.75,PREPAID DEPOT,d_904876,
t_5ec88699b9c1f74e,DEVICE_NEW_TO_MULTIPLE_ACCOUNTS;LARGE_PURCHASE_ON_NEW_DEVICE,"Device new to multiple accounts: device d_904876 has been used by 9 accounts that had never used it before, starting 2026-05-27. One device operating several accounts points to an account-takeover ring or mule farm. This transaction: $313.65 at GIFTCARDS EXPRESS. | Large purchase on new device: $313.65 at GIFTCARDS EXPRESS on device d_904876, 5.7h after it first appeared on this account (2026-06-20 10:35 UTC). That is 15x the account's median purchase of $21.14 over its 1307 earlier purchases.",u_01645,2026-06-20T16:16:20Z,313.65,GIFTCARDS EXPRESS,d_904876,
t_4e65d0e5fb95d999,DEVICE_NEW_TO_MULTIPLE_ACCOUNTS;LARGE_PURCHASE_ON_NEW_DEVICE,"Device new to multiple accounts: device d_899055 has been used by 3 accounts that had never used it before, starting 2026-06-14. One device operating several accounts points to an account-takeover ring or mule farm. This transaction: $321.12 at PREPAID DEPOT. | Large purchase on new device: $321.12 at PREPAID DEPOT on device d_899055, 9.8h after it first appeared on this account (2026-06-20 07:10 UTC). That is 26x the account's median purchase of $12.39 over its 113 earlier purchases.",u_01766,2026-06-20T16:58:05Z,321.12,PREPAID DEPOT,d_899055,
t_06285914c6fc4bf1,DEVICE_NEW_TO_MULTIPLE_ACCOUNTS;LARGE_PURCHASE_ON_NEW_DEVICE,"Device new to multiple accounts: device d_904876 has been used by 9 accounts that had never used it before, starting 2026-05-27. One device operating several accounts points to an account-takeover ring or mule farm. This transaction: $239.61 at LUXE ELECTRONICS OUTLET. | Large purchase on new device: $239.61 at LUXE ELECTRONICS OUTLET on device d_904876, 9.4h after it first appeared on this account (2026-06-20 10:35 UTC). That is 11x the account's median purchase of $21.14 over its 1307 earlier purchases.",u_01645,2026-06-20T19:58:16Z,239.61,LUXE ELECTRONICS OUTLET,d_904876,
t_724989024de7eed4,LARGE_PURCHASE_ON_NEW_DEVICE,"Large purchase on new device: $1,550.06 at Best Buy on device d_864334, its first transaction on this account (2026-06-20 21:54 UTC). That is 89x the account's median purchase of $17.39 over its 5 earlier purchases.",u_01282,2026-06-20T21:54:36Z,1550.06,Best Buy,d_864334,
t_530aba3573e5bc23,LARGE_PURCHASE_ON_NEW_DEVICE,"Large purchase on new device: $1,765.57 at Apple on device d_864334, 1.1h after it first appeared on this account (2026-06-20 21:54 UTC). That is 102x the account's median purchase of $17.39 over its 5 earlier purchases.",u_01282,2026-06-20T22:57:36Z,1765.57,Apple,d_864334,
t_4364bc9f6ce56d11,LARGE_PURCHASE_ON_NEW_DEVICE,"Large purchase on new device: $781.84 at JEWELRY WHOLESALE CO on device d_864334, 2.2h after it first appeared on this account (2026-06-20 21:54 UTC). That is 45x the account's median purchase of $17.39 over its 5 earlier purchases.",u_01282,2026-06-21T00:08:36Z,781.84,JEWELRY WHOLESALE CO,d_864334,
t_1354371629a852a8,LARGE_PURCHASE_ON_NEW_DEVICE,"Large purchase on new device: $1,524.48 at Apple on device d_864334, 3.2h after it first appeared on this account (2026-06-20 21:54 UTC). That is 88x the account's median purchase of $17.39 over its 5 earlier purchases.",u_01282,2026-06-21T01:06:36Z,1524.48,Apple,d_864334,
t_5bbfe82bf2eff599,DEVICE_NEW_TO_MULTIPLE_ACCOUNTS;LARGE_PURCHASE_ON_NEW_DEVICE,"Device new to multiple accounts: device d_832817 has been used by 2 accounts that had never used it before, starting 2026-06-18. One device operating several accounts points to an account-takeover ring or mule farm. This transaction: $146.13 at LUXE ELECTRONICS OUTLET. | Large purchase on new device: $146.13 at LUXE ELECTRONICS OUTLET on device d_832817, its first transaction on this account (2026-06-21 01:11 UTC). That is 8x the account's median purchase of $18.10 over its 130 earlier purchases.",u_00193,2026-06-21T01:11:13Z,146.13,LUXE ELECTRONICS OUTLET,d_832817,
t_3c4cbf8c16ef63a6,LARGE_PURCHASE_ON_NEW_DEVICE,"Large purchase on new device: $647.11 at PREPAID DEPOT on device d_864334, 4.0h after it first appeared on this account (2026-06-20 21:54 UTC). That is 37x the account's median purchase of $17.39 over its 5 earlier purchases.",u_01282,2026-06-21T01:51:36Z,647.11,PREPAID DEPOT,d_864334,
t_239e34575c9f6974,LARGE_PURCHASE_ON_NEW_DEVICE,"Large purchase on new device: $966.64 at JEWELRY WHOLESALE CO on device d_864334, 4.4h after it first appeared on this account (2026-06-20 21:54 UTC). That is 56x the account's median purchase of $17.39 over its 5 earlier purchases.",u_01282,2026-06-21T02:16:36Z,966.64,JEWELRY WHOLESALE CO,d_864334,
t_41992dbca25e5a53,DEVICE_NEW_TO_MULTIPLE_ACCOUNTS;LARGE_PURCHASE_ON_NEW_DEVICE,"Device new to multiple accounts: device d_899055 has been used by 3 accounts that had never used it before, starting 2026-06-14. One device operating several accounts points to an account-takeover ring or mule farm. This transaction: $115.28 at RESELL MARKET 24. | Large purchase on new device: $115.28 at RESELL MARKET 24 on device d_899055, 22.5h after it first appeared on this account (2026-06-20 07:10 UTC). That is 9x the account's median purchase of $12.39 over its 113 earlier purchases.",u_01766,2026-06-21T05:38:09Z,115.28,RESELL MARKET 24,d_899055,
t_457ccb09dad8c056,DEVICE_NEW_TO_MULTIPLE_ACCOUNTS;LARGE_PURCHASE_ON_NEW_DEVICE,"Device new to multiple accounts: device d_904876 has been used by 9 accounts that had never used it before, starting 2026-05-27. One device operating several accounts points to an account-takeover ring or mule farm. This transaction: $396.32 at PREPAID DEPOT. | Large purchase on new device: $396.32 at PREPAID DEPOT on device d_904876, 20.3h after it first appeared on this account (2026-06-20 10:35 UTC). That is 19x the account's median purchase of $21.14 over its 1307 earlier purchases.",u_01645,2026-06-21T06:54:52Z,396.32,PREPAID DEPOT,d_904876,
t_66a6419a37d7cd52,CARD_TESTING_BURST,Card-testing burst: 10 charges under $5 at 7 different merchants within 16 min ($33.69 so far). The burst ran to 24 charges and $72.04 by 07:56 UTC; its other charges are listed in related_txn_ids.,u_01951,2026-06-21T07:34:33Z,0.6,DIGITALGOODS LLC,d_002733,t_08c551e209034e65;t_36a45d95a1efc361;t_789f292f002b73c8;t_1ac26f0efd3c01b8;t_0f66509b8debbdb3;t_15ae0dbeb80699fb;t_4b1032bedbe6f50b;t_039eab69c2efd4b4;t_4713f505a105469a;t_55e25ae7c7dbc67f;t_78ba0c38b8ac8640;t_67c59707640ab8b9;t_1050ccc8321dba22;t_2f7e25e4184393cb;t_1e091d152b50029c;t_66c730686866e449;t_4d433bd2f0801cd0;t_5e16d3c633001cee;t_28f0fc8073ebcd76;t_13bfea38e22fa4b2;t_78fd97418dddbc21;t_3cde5987f58ed4c0;t_6e44d097b8e21841
t_30012d23716fa41e,DEVICE_NEW_TO_MULTIPLE_ACCOUNTS;LARGE_PURCHASE_ON_NEW_DEVICE,"Device new to multiple accounts: device d_832817 has been used by 2 accounts that had never used it before, starting 2026-06-18. One device operating several accounts points to an account-takeover ring or mule farm. This transaction: $120.07 at LUXE ELECTRONICS OUTLET. | Large purchase on new device: $120.07 at LUXE ELECTRONICS OUTLET on device d_832817, 6.7h after it first appeared on this account (2026-06-21 01:11 UTC). That is 7x the account's median purchase of $18.10 over its 130 earlier purchases.",u_00193,2026-06-21T07:53:58Z,120.07,LUXE ELECTRONICS OUTLET,d_832817,
t_5f3ea6f5b3e25df9,DEVICE_NEW_TO_MULTIPLE_ACCOUNTS;LARGE_PURCHASE_ON_NEW_DEVICE,"Device new to multiple accounts: device d_832817 has been used by 2 accounts that had never used it before, starting 2026-06-18. One device operating several accounts points to an account-takeover ring or mule farm. This transaction: $326.72 at JEWELRY WHOLESALE CO. | Large purchase on new device: $326.72 at JEWELRY WHOLESALE CO on device d_832817, 11.3h after it first appeared on this account (2026-06-21 01:11 UTC). That is 18x the account's median purchase of $18.10 over its 130 earlier purchases.",u_00193,2026-06-21T12:29:02Z,326.72,JEWELRY WHOLESALE CO,d_832817,
t_09d798ff9b182c6e,LARGE_PURCHASE_ON_NEW_DEVICE,"Large purchase on new device: $1,346.81 at Apple on device d_949314, its first transaction on this account (2026-06-21 13:11 UTC). That is 62x the account's median purchase of $21.66 over its 40 earlier purchases.",u_00329,2026-06-21T13:11:18Z,1346.81,Apple,d_949314,
t_388987ff462963f6,DEVICE_NEW_TO_MULTIPLE_ACCOUNTS,"Device new to multiple accounts: device d_899055 has been used by 3 accounts that had never used it before, starting 2026-06-14. One device operating several accounts points to an account-takeover ring or mule farm. This transaction: $391.79 at LUXE ELECTRONICS OUTLET.",u_01766,2026-06-21T13:18:41Z,391.79,LUXE ELECTRONICS OUTLET,d_899055,
t_0db888bcc9dffab5,LARGE_PURCHASE_ON_NEW_DEVICE,"Large purchase on new device: $1,541.82 at JEWELRY WHOLESALE CO on device d_949314, 1.3h after it first appeared on this account (2026-06-21 13:11 UTC). That is 71x the account's median purchase of $21.66 over its 40 earlier purchases.",u_00329,2026-06-21T14:27:18Z,1541.82,JEWELRY WHOLESALE CO,d_949314,
t_2bc476e38d7f35f3,LARGE_PURCHASE_ON_NEW_DEVICE,"Large purchase on new device: $736.45 at JEWELRY WHOLESALE CO on device d_718405, its first transaction on this account (2026-06-21 15:06 UTC). That is 25x the account's median purchase of $29.45 over its 26 earlier purchases.",u_01033,2026-06-21T15:06:05Z,736.45,JEWELRY WHOLESALE CO,d_718405,
t_5c0d4713a135cae1,LARGE_PURCHASE_ON_NEW_DEVICE,"Large purchase on new device: $1,020.73 at RESELL MARKET 24 on device d_949314, 2.1h after it first appeared on this account (2026-06-21 13:11 UTC). That is 47x the account's median purchase of $21.66 over its 40 earlier purchases.",u_00329,2026-06-21T15:15:18Z,1020.73,RESELL MARKET 24,d_949314,
t_405c497465221c9a,LARGE_PURCHASE_ON_NEW_DEVICE,"Large purchase on new device: $643.62 at PREPAID DEPOT on device d_718405, 0.9h after it first appeared on this account (2026-06-21 15:06 UTC). That is 22x the account's median purchase of $29.45 over its 26 earlier purchases.",u_01033,2026-06-21T15:59:05Z,643.62,PREPAID DEPOT,d_718405,
t_3f088b1ed41a2c99,DEVICE_NEW_TO_MULTIPLE_ACCOUNTS,"Device new to multiple accounts: device d_904876 has been used by 9 accounts that had never used it before, starting 2026-05-27. One device operating several accounts points to an account-takeover ring or mule farm. This transaction: $110.65 at PREPAID DEPOT.",u_01645,2026-06-21T16:20:05Z,110.65,PREPAID DEPOT,d_904876,
t_55b7e2bae09d360c,LARGE_PURCHASE_ON_NEW_DEVICE,"Large purchase on new device: $883.31 at RESELL MARKET 24 on device d_718405, 1.3h after it first appeared on this account (2026-06-21 15:06 UTC). That is 30x the account's median purchase of $29.45 over its 26 earlier purchases.",u_01033,2026-06-21T16:26:05Z,883.31,RESELL MARKET 24,d_718405,
t_29fdcc7e91546d2e,LARGE_PURCHASE_ON_NEW_DEVICE,"Large purchase on new device: $1,612.23 at PREPAID DEPOT on device d_949314, 3.4h after it first appeared on this account (2026-06-21 13:11 UTC). That is 74x the account's median purchase of $21.66 over its 40 earlier purchases.",u_00329,2026-06-21T16:33:18Z,1612.23,PREPAID DEPOT,d_949314,
t_6d5ead8332ab5b73,LARGE_PURCHASE_ON_NEW_DEVICE,"Large purchase on new device: $752.36 at JEWELRY WHOLESALE CO on device d_718405, 2.7h after it first appeared on this account (2026-06-21 15:06 UTC). That is 26x the account's median purchase of $29.45 over its 26 earlier purchases.",u_01033,2026-06-21T17:50:05Z,752.36,JEWELRY WHOLESALE CO,d_718405,
t_278a54571a26cdd8,LARGE_PURCHASE_ON_NEW_DEVICE,"Large purchase on new device: $403.93 at RESELL MARKET 24 on device d_949314, 4.8h after it first appeared on this account (2026-06-21 13:11 UTC). That is 19x the account's median purchase of $21.66 over its 40 earlier purchases.",u_00329,2026-06-21T18:01:18Z,403.93,RESELL MARKET 24,d_949314,
t_0487ff9f3c05ef5c,DEVICE_NEW_TO_MULTIPLE_ACCOUNTS,"Device new to multiple accounts: device d_899055 has been used by 3 accounts that had never used it before, starting 2026-06-14. One device operating several accounts points to an account-takeover ring or mule farm. This transaction: $345.99 at RESELL MARKET 24.",u_01766,2026-06-22T06:50:13Z,345.99,RESELL MARKET 24,d_899055,
t_1464f24d00c6301b,DEVICE_NEW_TO_MULTIPLE_ACCOUNTS,"Device new to multiple accounts: device d_832817 has been used by 2 accounts that had never used it before, starting 2026-06-18. One device operating several accounts points to an account-takeover ring or mule farm. This transaction: $175.03 at RESELL MARKET 24.",u_00193,2026-06-22T06:59:05Z,175.03,RESELL MARKET 24,d_832817,
t_6187f3c268a078d9,DEVICE_NEW_TO_MULTIPLE_ACCOUNTS,"Device new to multiple accounts: device d_899055 has been used by 3 accounts that had never used it before, starting 2026-06-14. One device operating several accounts points to an account-takeover ring or mule farm. This transaction: $443.87 at GIFTCARDS EXPRESS.",u_01766,2026-06-22T18:48:26Z,443.87,GIFTCARDS EXPRESS,d_899055,
t_58c8d5dd5fff0c96,CARD_TESTING_BURST,Card-testing burst: 10 charges under $5 at 8 different merchants within 20 min ($30.71 so far). The burst ran to 22 charges and $62.73 by 21:10 UTC; its other charges are listed in related_txn_ids.,u_00287,2026-06-22T20:50:27Z,2.3,DONATENOW ORG,d_000394,t_7a26ee7b4d2433da;t_6fd4700b9799ac3b;t_64dd3e40605224f5;t_1072c99e42836405;t_0faa844dffbc6033;t_30c18ef0fbd29497;t_4333d77dc15cecdb;t_056dbe442700d1a8;t_37dd0bae9e95836d;t_34313c84b73341f2;t_05c5c240cf66d796;t_7c53ee20e674fab4;t_0d8cc8ce9087df51;t_145872503fec492d;t_52af7367f4c5ad90;t_4ff315a0c495c56b;t_1d50c212187d2ed2;t_1a27d57b6f84bfe1;t_61ee18fe38f989ea;t_103894983efcc3cc;t_46cb2afe2278c20a
t_0a1f51ed81601c64,CARD_TESTING_BURST,Card-testing burst: 10 charges under $5 at 7 different merchants within 18 min ($22.40 so far). The burst ran to 18 charges and $47.00 by 21:48 UTC; its other charges are listed in related_txn_ids.,u_00134,2026-06-22T21:33:58Z,4.91,CLOUDHOST BASIC,d_000186,t_2c031502fb6ea67b;t_051629f1f088222a;t_38de9c8aa9ea7758;t_1b41acd8066a51e2;t_0460e9de17a340c4;t_009da712864c4e42;t_5186cbe524234246;t_1b948686124a71f9;t_3e9aa7a1be680445;t_00144c120453dc32;t_411719a25560a132;t_4a1ebea61707ebab;t_775665156436e540;t_5c0ae368aa746d36;t_30135ba32cda48df;t_09d5eb904c64c26f;t_5780d31ed5874a3f
t_569e1462824e43fe,DEVICE_NEW_TO_MULTIPLE_ACCOUNTS,"Device new to multiple accounts: device d_832817 has been used by 2 accounts that had never used it before, starting 2026-06-18. One device operating several accounts points to an account-takeover ring or mule farm. This transaction: $133.35 at JEWELRY WHOLESALE CO.",u_00193,2026-06-23T00:16:05Z,133.35,JEWELRY WHOLESALE CO,d_832817,
t_110bff58e41226e2,DEVICE_NEW_TO_MULTIPLE_ACCOUNTS;LARGE_PURCHASE_ON_NEW_DEVICE,"Device new to multiple accounts: device d_899055 has been used by 4 accounts that had never used it before, starting 2026-06-14. One device operating several accounts points to an account-takeover ring or mule farm. This transaction: $299.24 at LUXE ELECTRONICS OUTLET. | Large purchase on new device: $299.24 at LUXE ELECTRONICS OUTLET on device d_899055, its first transaction on this account (2026-06-23 06:13 UTC). That is 13x the account's median purchase of $22.44 over its 131 earlier purchases.",u_00100,2026-06-23T06:13:01Z,299.24,LUXE ELECTRONICS OUTLET,d_899055,
t_1402397602cb1fa3,DEVICE_NEW_TO_MULTIPLE_ACCOUNTS;LARGE_PURCHASE_ON_NEW_DEVICE,"Device new to multiple accounts: device d_899055 has been used by 4 accounts that had never used it before, starting 2026-06-14. One device operating several accounts points to an account-takeover ring or mule farm. This transaction: $99.28 at PREPAID DEPOT. | Large purchase on new device: $99.28 at PREPAID DEPOT on device d_899055, 6.8h after it first appeared on this account (2026-06-23 06:13 UTC). That is 4x the account's median purchase of $22.44 over its 131 earlier purchases.",u_00100,2026-06-23T13:03:46Z,99.28,PREPAID DEPOT,d_899055,
t_253d8ab993dd5b55,DEVICE_NEW_TO_MULTIPLE_ACCOUNTS,"Device new to multiple accounts: device d_832817 has been used by 2 accounts that had never used it before, starting 2026-06-18. One device operating several accounts points to an account-takeover ring or mule farm. This transaction: $102.07 at GIFTCARDS EXPRESS.",u_00193,2026-06-23T16:33:27Z,102.07,GIFTCARDS EXPRESS,d_832817,
t_2a762c0c9de4d2c2,CARD_TESTING_BURST,Card-testing burst: 10 charges under $5 at 6 different merchants within 10 min ($24.37 so far). The burst ran to 22 charges and $62.00 by 21:40 UTC; its other charges are listed in related_txn_ids.,u_00217,2026-06-23T21:18:50Z,2.96,DONATENOW ORG,d_000301,t_4e8feb874ff9b353;t_17f89439b86e12f6;t_553aa46638a0d6b7;t_0e866c387ceb6168;t_6a725cc4e1b3fed6;t_266677aa8ef2616c;t_3fe7f8484ccc84e9;t_09128aff831fceb0;t_431afc1e96f49124;t_2aff901ae6c3a48c;t_1a38524c73ae761f;t_135bb89a4af4cd6e;t_51e56fbf10eaf395;t_6bb836bee31622ff;t_7102af62a2e0491f;t_67f71463762eef1c;t_7d813d42cc92aa8b;t_07a817ae624ea5f5;t_36e12be5c045b2fc;t_3d5fdaa46b230029;t_05de80bb1707e77a
t_57c1f9d8ab256a1b,LARGE_PURCHASE_ON_NEW_DEVICE,"Large purchase on new device: $997.47 at GIFTCARDS EXPRESS on device d_842963, its first transaction on this account (2026-06-23 22:22 UTC). That is 32x the account's median purchase of $31.06 over its 54 earlier purchases.",u_00139,2026-06-23T22:22:15Z,997.47,GIFTCARDS EXPRESS,d_842963,
t_591d8ff49e1713f0,DEVICE_NEW_TO_MULTIPLE_ACCOUNTS;LARGE_PURCHASE_ON_NEW_DEVICE,"Device new to multiple accounts: device d_899055 has been used by 4 accounts that had never used it before, starting 2026-06-14. One device operating several accounts points to an account-takeover ring or mule farm. This transaction: $336.22 at LUXE ELECTRONICS OUTLET. | Large purchase on new device: $336.22 at LUXE ELECTRONICS OUTLET on device d_899055, 16.5h after it first appeared on this account (2026-06-23 06:13 UTC). That is 15x the account's median purchase of $22.44 over its 131 earlier purchases.",u_00100,2026-06-23T22:40:53Z,336.22,LUXE ELECTRONICS OUTLET,d_899055,
t_611fe6b2c6a58584,LARGE_PURCHASE_ON_NEW_DEVICE,"Large purchase on new device: $689.05 at Best Buy on device d_842963, 0.7h after it first appeared on this account (2026-06-23 22:22 UTC). That is 22x the account's median purchase of $31.06 over its 54 earlier purchases.",u_00139,2026-06-23T23:06:15Z,689.05,Best Buy,d_842963,
t_0b769a418bb76b69,LARGE_PURCHASE_ON_NEW_DEVICE,"Large purchase on new device: $1,784.03 at Apple on device d_842963, 1.7h after it first appeared on this account (2026-06-23 22:22 UTC). That is 57x the account's median purchase of $31.06 over its 54 earlier purchases.",u_00139,2026-06-24T00:02:15Z,1784.03,Apple,d_842963,
t_58df544c9bbd06bc,LARGE_PURCHASE_ON_NEW_DEVICE,"Large purchase on new device: $1,406.63 at JEWELRY WHOLESALE CO on device d_842963, 2.0h after it first appeared on this account (2026-06-23 22:22 UTC). That is 45x the account's median purchase of $31.06 over its 54 earlier purchases.",u_00139,2026-06-24T00:25:15Z,1406.63,JEWELRY WHOLESALE CO,d_842963,
t_2cbe6cc991131a9a,DEVICE_NEW_TO_MULTIPLE_ACCOUNTS;LARGE_PURCHASE_ON_NEW_DEVICE,"Device new to multiple accounts: device d_832817 has been used by 3 accounts that had never used it before, starting 2026-06-18. One device operating several accounts points to an account-takeover ring or mule farm. This transaction: $308.36 at PREPAID DEPOT. | Large purchase on new device: $308.36 at PREPAID DEPOT on device d_832817, its first transaction on this account (2026-06-24 09:07 UTC). That is 15x the account's median purchase of $21.02 over its 120 earlier purchases.",u_00979,2026-06-24T09:07:28Z,308.36,PREPAID DEPOT,d_832817,
t_6ba2b3a89202c203,DEVICE_NEW_TO_MULTIPLE_ACCOUNTS,"Device new to multiple accounts: device d_899055 has been used by 4 accounts that had never used it before, starting 2026-06-14. One device operating several accounts points to an account-takeover ring or mule farm. This transaction: $397.45 at LUXE ELECTRONICS OUTLET.",u_00100,2026-06-24T12:59:05Z,397.45,LUXE ELECTRONICS OUTLET,d_899055,
t_220dee44d7da81ba,DEVICE_NEW_TO_MULTIPLE_ACCOUNTS;LARGE_PURCHASE_ON_NEW_DEVICE,"Device new to multiple accounts: device d_832817 has been used by 3 accounts that had never used it before, starting 2026-06-18. One device operating several accounts points to an account-takeover ring or mule farm. This transaction: $107.77 at JEWELRY WHOLESALE CO. | Large purchase on new device: $107.77 at JEWELRY WHOLESALE CO on device d_832817, 10.8h after it first appeared on this account (2026-06-24 09:07 UTC). That is 5x the account's median purchase of $21.02 over its 120 earlier purchases.",u_00979,2026-06-24T19:58:03Z,107.77,JEWELRY WHOLESALE CO,d_832817,
t_4256087880060fc5,DEVICE_NEW_TO_MULTIPLE_ACCOUNTS;LARGE_PURCHASE_ON_NEW_DEVICE,"Device new to multiple accounts: device d_899055 has been used by 5 accounts that had never used it before, starting 2026-06-14. One device operating several accounts points to an account-takeover ring or mule farm. This transaction: $123.72 at GIFTCARDS EXPRESS. | Large purchase on new device: $123.72 at GIFTCARDS EXPRESS on device d_899055, its first transaction on this account (2026-06-24 21:09 UTC). That is 5x the account's median purchase of $26.27 over its 442 earlier purchases.",u_01722,2026-06-24T21:09:03Z,123.72,GIFTCARDS EXPRESS,d_899055,
t_609e394b21c771b2,LARGE_PURCHASE_ON_NEW_DEVICE,"Large purchase on new device: $1,545.58 at JEWELRY WHOLESALE CO on device d_865092, its first transaction on this account (2026-06-25 00:30 UTC). That is 48x the account's median purchase of $31.95 over its 23 earlier purchases.",u_01770,2026-06-25T00:30:10Z,1545.58,JEWELRY WHOLESALE CO,d_865092,
t_61395772bf63c5df,LARGE_PURCHASE_ON_NEW_DEVICE,"Large purchase on new device: $1,046.26 at Apple on device d_865092, 1.0h after it first appeared on this account (2026-06-25 00:30 UTC). That is 33x the account's median purchase of $31.95 over its 23 earlier purchases.",u_01770,2026-06-25T01:31:10Z,1046.26,Apple,d_865092,
t_08b2be930112da65,LARGE_PURCHASE_ON_NEW_DEVICE,"Large purchase on new device: $1,222.02 at Best Buy on device d_865092, 1.7h after it first appeared on this account (2026-06-25 00:30 UTC). That is 38x the account's median purchase of $31.95 over its 23 earlier purchases.",u_01770,2026-06-25T02:11:10Z,1222.02,Best Buy,d_865092,
t_4a14c172fed712eb,LARGE_PURCHASE_ON_NEW_DEVICE,"Large purchase on new device: $1,061.44 at RESELL MARKET 24 on device d_865092, 2.0h after it first appeared on this account (2026-06-25 00:30 UTC). That is 33x the account's median purchase of $31.95 over its 23 earlier purchases.",u_01770,2026-06-25T02:28:10Z,1061.44,RESELL MARKET 24,d_865092,
t_6fa5a1844dc5a4b8,LARGE_PURCHASE_ON_NEW_DEVICE,"Large purchase on new device: $326.35 at RESELL MARKET 24 on device d_865092, 2.4h after it first appeared on this account (2026-06-25 00:30 UTC). That is 10x the account's median purchase of $31.95 over its 23 earlier purchases.",u_01770,2026-06-25T02:56:10Z,326.35,RESELL MARKET 24,d_865092,
t_3e96dedad5cf3ce0,DEVICE_NEW_TO_MULTIPLE_ACCOUNTS;LARGE_PURCHASE_ON_NEW_DEVICE,"Device new to multiple accounts: device d_899055 has been used by 5 accounts that had never used it before, starting 2026-06-14. One device operating several accounts points to an account-takeover ring or mule farm. This transaction: $416.09 at RESELL MARKET 24. | Large purchase on new device: $416.09 at RESELL MARKET 24 on device d_899055, 16.9h after it first appeared on this account (2026-06-24 21:09 UTC). That is 16x the account's median purchase of $26.27 over its 442 earlier purchases.",u_01722,2026-06-25T14:02:37Z,416.09,RESELL MARKET 24,d_899055,
t_5c88bbe664bf999f,DEVICE_NEW_TO_MULTIPLE_ACCOUNTS,"Device new to multiple accounts: device d_832817 has been used by 3 accounts that had never used it before, starting 2026-06-18. One device operating several accounts points to an account-takeover ring or mule farm. This transaction: $144.67 at GIFTCARDS EXPRESS.",u_00979,2026-06-25T15:47:46Z,144.67,GIFTCARDS EXPRESS,d_832817,
t_23c34a3b8cd0c3c1,DEVICE_NEW_TO_MULTIPLE_ACCOUNTS,"Device new to multiple accounts: device d_832817 has been used by 3 accounts that had never used it before, starting 2026-06-18. One device operating several accounts points to an account-takeover ring or mule farm. This transaction: $415.94 at PREPAID DEPOT.",u_00979,2026-06-25T21:38:49Z,415.94,PREPAID DEPOT,d_832817,
t_2d1e371727259988,DEVICE_NEW_TO_MULTIPLE_ACCOUNTS,"Device new to multiple accounts: device d_899055 has been used by 5 accounts that had never used it before, starting 2026-06-14. One device operating several accounts points to an account-takeover ring or mule farm. This transaction: $213.68 at LUXE ELECTRONICS OUTLET.",u_01722,2026-06-26T06:40:28Z,213.68,LUXE ELECTRONICS OUTLET,d_899055,
t_5ab33891adb40e7b,DEVICE_NEW_TO_MULTIPLE_ACCOUNTS,"Device new to multiple accounts: device d_832817 has been used by 3 accounts that had never used it before, starting 2026-06-18. One device operating several accounts points to an account-takeover ring or mule farm. This transaction: $249.21 at GIFTCARDS EXPRESS.",u_00979,2026-06-26T13:09:25Z,249.21,GIFTCARDS EXPRESS,d_832817,
t_0df3d8ff23ae5e8b,LARGE_PURCHASE_ON_NEW_DEVICE,"Large purchase on new device: $767.00 at RESELL MARKET 24 on device d_905940, its first transaction on this account (2026-06-26 16:05 UTC). That is 52x the account's median purchase of $14.68 over its 40 earlier purchases.",u_00485,2026-06-26T16:05:31Z,767.0,RESELL MARKET 24,d_905940,
t_7ced7cc6edd935c6,LARGE_PURCHASE_ON_NEW_DEVICE,"Large purchase on new device: $1,397.65 at Apple on device d_905940, 1.1h after it first appeared on this account (2026-06-26 16:05 UTC). That is 95x the account's median purchase of $14.68 over its 40 earlier purchases.",u_00485,2026-06-26T17:09:31Z,1397.65,Apple,d_905940,
t_3223633dab76ddeb,LARGE_PURCHASE_ON_NEW_DEVICE,"Large purchase on new device: $1,600.68 at JEWELRY WHOLESALE CO on device d_905940, 2.5h after it first appeared on this account (2026-06-26 16:05 UTC). That is 109x the account's median purchase of $14.68 over its 40 earlier purchases.",u_00485,2026-06-26T18:38:31Z,1600.68,JEWELRY WHOLESALE CO,d_905940,
t_607ec5a0371c2c8a,LARGE_PURCHASE_ON_NEW_DEVICE,"Large purchase on new device: $1,129.12 at JEWELRY WHOLESALE CO on device d_905940, 3.4h after it first appeared on this account (2026-06-26 16:05 UTC). That is 77x the account's median purchase of $14.68 over its 40 earlier purchases.",u_00485,2026-06-26T19:31:31Z,1129.12,JEWELRY WHOLESALE CO,d_905940,
t_661f4f20896875cc,LARGE_PURCHASE_ON_NEW_DEVICE,"Large purchase on new device: $1,317.17 at Apple on device d_905940, 4.3h after it first appeared on this account (2026-06-26 16:05 UTC). That is 90x the account's median purchase of $14.68 over its 40 earlier purchases.",u_00485,2026-06-26T20:24:31Z,1317.17,Apple,d_905940,
t_09c182a689f683b9,DEVICE_NEW_TO_MULTIPLE_ACCOUNTS,"Device new to multiple accounts: device d_899055 has been used by 5 accounts that had never used it before, starting 2026-06-14. One device operating several accounts points to an account-takeover ring or mule farm. This transaction: $294.36 at RESELL MARKET 24.",u_01722,2026-06-26T21:13:40Z,294.36,RESELL MARKET 24,d_899055,
t_0038d9554f344ad3,LARGE_PURCHASE_ON_NEW_DEVICE,"Large purchase on new device: $645.39 at GIFTCARDS EXPRESS on device d_724476, its first transaction on this account (2026-06-26 23:05 UTC). That is 20x the account's median purchase of $31.98 over its 25 earlier purchases.",u_00336,2026-06-26T23:05:42Z,645.39,GIFTCARDS EXPRESS,d_724476,
t_1c2e1a87f8911fff,LARGE_PURCHASE_ON_NEW_DEVICE,"Large purchase on new device: $632.77 at JEWELRY WHOLESALE CO on device d_724476, 0.9h after it first appeared on this account (2026-06-26 23:05 UTC). That is 20x the account's median purchase of $31.98 over its 25 earlier purchases.",u_00336,2026-06-26T23:57:42Z,632.77,JEWELRY WHOLESALE CO,d_724476,
t_79848286aaddb552,LARGE_PURCHASE_ON_NEW_DEVICE,"Large purchase on new device: $1,647.76 at LUXE ELECTRONICS OUTLET on device d_724476, 1.3h after it first appeared on this account (2026-06-26 23:05 UTC). That is 52x the account's median purchase of $31.98 over its 25 earlier purchases.",u_00336,2026-06-27T00:23:42Z,1647.76,LUXE ELECTRONICS OUTLET,d_724476,
t_6c834feae088cea8,DEVICE_NEW_TO_MULTIPLE_ACCOUNTS,"Device new to multiple accounts: device d_832817 has been used by 3 accounts that had never used it before, starting 2026-06-18. One device operating several accounts points to an account-takeover ring or mule farm. This transaction: $410.66 at GIFTCARDS EXPRESS.",u_00979,2026-06-27T08:18:36Z,410.66,GIFTCARDS EXPRESS,d_832817,
t_488e2a087910c27a,LARGE_PURCHASE_ON_NEW_DEVICE,"Large purchase on new device: $1,308.45 at PREPAID DEPOT on device d_712924, its first transaction on this account (2026-06-27 10:12 UTC). That is 28x the account's median purchase of $46.03 over its 30 earlier purchases.",u_01367,2026-06-27T10:12:29Z,1308.45,PREPAID DEPOT,d_712924,
t_0ab360dc1aaa7b75,LARGE_PURCHASE_ON_NEW_DEVICE,"Large purchase on new device: $948.85 at JEWELRY WHOLESALE CO on device d_712924, 0.1h after it first appeared on this account (2026-06-27 10:12 UTC). That is 21x the account's median purchase of $46.03 over its 30 earlier purchases.",u_01367,2026-06-27T10:18:29Z,948.85,JEWELRY WHOLESALE CO,d_712924,
t_3a6cb749806ba59d,DEVICE_NEW_TO_MULTIPLE_ACCOUNTS,"Device new to multiple accounts: device d_832817 has been used by 3 accounts that had never used it before, starting 2026-06-18. One device operating several accounts points to an account-takeover ring or mule farm. This transaction: $224.72 at LUXE ELECTRONICS OUTLET.",u_00979,2026-06-27T10:27:30Z,224.72,LUXE ELECTRONICS OUTLET,d_832817,
t_2784a074eceba836,LARGE_PURCHASE_ON_NEW_DEVICE,"Large purchase on new device: $441.63 at Best Buy on device d_712924, 0.3h after it first appeared on this account (2026-06-27 10:12 UTC). That is 10x the account's median purchase of $46.03 over its 30 earlier purchases.",u_01367,2026-06-27T10:33:29Z,441.63,Best Buy,d_712924,
t_26aa94da2b8ab159,LARGE_PURCHASE_ON_NEW_DEVICE,"Large purchase on new device: $1,218.93 at Apple on device d_712924, 1.6h after it first appeared on this account (2026-06-27 10:12 UTC). That is 26x the account's median purchase of $46.03 over its 30 earlier purchases.",u_01367,2026-06-27T11:50:29Z,1218.93,Apple,d_712924,
t_32ce2c5203a61766,DEVICE_NEW_TO_MULTIPLE_ACCOUNTS,"Device new to multiple accounts: device d_832817 has been used by 3 accounts that had never used it before, starting 2026-06-18. One device operating several accounts points to an account-takeover ring or mule farm. This transaction: $418.32 at GIFTCARDS EXPRESS.",u_00979,2026-06-27T12:29:03Z,418.32,GIFTCARDS EXPRESS,d_832817,
t_4e4dbf22836fd55f,LARGE_PURCHASE_ON_NEW_DEVICE,"Large purchase on new device: $1,441.80 at PREPAID DEPOT on device d_905062, its first transaction on this account (2026-06-27 12:33 UTC). That is 74x the account's median purchase of $19.47 over its 47 earlier purchases.",u_01417,2026-06-27T12:33:56Z,1441.8,PREPAID DEPOT,d_905062,
t_3e13036e6896adaa,LARGE_PURCHASE_ON_NEW_DEVICE,"Large purchase on new device: $559.10 at Apple on device d_712924, 2.6h after it first appeared on this account (2026-06-27 10:12 UTC). That is 12x the account's median purchase of $46.03 over its 30 earlier purchases.",u_01367,2026-06-27T12:50:29Z,559.1,Apple,d_712924,
t_0aa35f369f706b10,LARGE_PURCHASE_ON_NEW_DEVICE,"Large purchase on new device: $456.17 at JEWELRY WHOLESALE CO on device d_905062, 0.5h after it first appeared on this account (2026-06-27 12:33 UTC). That is 23x the account's median purchase of $19.47 over its 47 earlier purchases.",u_01417,2026-06-27T13:01:56Z,456.17,JEWELRY WHOLESALE CO,d_905062,
t_399e061a3f2b3f5c,LARGE_PURCHASE_ON_NEW_DEVICE,"Large purchase on new device: $768.63 at Apple on device d_905062, 0.5h after it first appeared on this account (2026-06-27 12:33 UTC). That is 39x the account's median purchase of $19.47 over its 47 earlier purchases.",u_01417,2026-06-27T13:05:56Z,768.63,Apple,d_905062,
t_1e0360186620ecb9,LARGE_PURCHASE_ON_NEW_DEVICE,"Large purchase on new device: $1,015.52 at RESELL MARKET 24 on device d_905062, 0.8h after it first appeared on this account (2026-06-27 12:33 UTC). That is 52x the account's median purchase of $19.47 over its 47 earlier purchases.",u_01417,2026-06-27T13:21:56Z,1015.52,RESELL MARKET 24,d_905062,
t_0537666550ba7996,LARGE_PURCHASE_ON_NEW_DEVICE,"Large purchase on new device: $399.32 at Apple on device d_905062, 1.4h after it first appeared on this account (2026-06-27 12:33 UTC). That is 21x the account's median purchase of $19.47 over its 47 earlier purchases.",u_01417,2026-06-27T13:58:56Z,399.32,Apple,d_905062,
t_2200a6ed21df4a2b,LARGE_PURCHASE_ON_NEW_DEVICE,"Large purchase on new device: $975.18 at GIFTCARDS EXPRESS on device d_712924, 3.9h after it first appeared on this account (2026-06-27 10:12 UTC). That is 21x the account's median purchase of $46.03 over its 30 earlier purchases.",u_01367,2026-06-27T14:08:29Z,975.18,GIFTCARDS EXPRESS,d_712924,
t_1956777577b0a70a,LARGE_PURCHASE_ON_NEW_DEVICE,"Large purchase on new device: $335.49 at Best Buy on device d_905062, 1.8h after it first appeared on this account (2026-06-27 12:33 UTC). That is 17x the account's median purchase of $19.47 over its 47 earlier purchases.",u_01417,2026-06-27T14:21:56Z,335.49,Best Buy,d_905062,
t_345d34e0052254c1,DEVICE_NEW_TO_MULTIPLE_ACCOUNTS;LARGE_PURCHASE_ON_NEW_DEVICE,"Device new to multiple accounts: device d_899055 has been used by 6 accounts that had never used it before, starting 2026-06-14. One device operating several accounts points to an account-takeover ring or mule farm. This transaction: $187.47 at PREPAID DEPOT. | Large purchase on new device: $187.47 at PREPAID DEPOT on device d_899055, its first transaction on this account (2026-06-27 17:05 UTC). That is 5x the account's median purchase of $36.39 over its 381 earlier purchases.",u_00050,2026-06-27T17:05:49Z,187.47,PREPAID DEPOT,d_899055,
t_3575befbc8f8919f,DEVICE_NEW_TO_MULTIPLE_ACCOUNTS;LARGE_PURCHASE_ON_NEW_DEVICE,"Device new to multiple accounts: device d_832817 has been used by 4 accounts that had never used it before, starting 2026-06-18. One device operating several accounts points to an account-takeover ring or mule farm. This transaction: $182.41 at RESELL MARKET 24. | Large purchase on new device: $182.41 at RESELL MARKET 24 on device d_832817, its first transaction on this account (2026-06-28 00:35 UTC). That is 8x the account's median purchase of $23.36 over its 163 earlier purchases.",u_01521,2026-06-28T00:35:44Z,182.41,RESELL MARKET 24,d_832817,
t_71a3fdb062645de8,DEVICE_NEW_TO_MULTIPLE_ACCOUNTS;LARGE_PURCHASE_ON_NEW_DEVICE,"Device new to multiple accounts: device d_899055 has been used by 6 accounts that had never used it before, starting 2026-06-14. One device operating several accounts points to an account-takeover ring or mule farm. This transaction: $186.93 at LUXE ELECTRONICS OUTLET. | Large purchase on new device: $186.93 at LUXE ELECTRONICS OUTLET on device d_899055, 8.8h after it first appeared on this account (2026-06-27 17:05 UTC). That is 5x the account's median purchase of $36.39 over its 381 earlier purchases.",u_00050,2026-06-28T01:56:48Z,186.93,LUXE ELECTRONICS OUTLET,d_899055,
t_756d21128af6b603,DEVICE_NEW_TO_MULTIPLE_ACCOUNTS;LARGE_PURCHASE_ON_NEW_DEVICE,"Device new to multiple accounts: device d_899055 has been used by 6 accounts that had never used it before, starting 2026-06-14. One device operating several accounts points to an account-takeover ring or mule farm. This transaction: $194.70 at RESELL MARKET 24. | Large purchase on new device: $194.70 at RESELL MARKET 24 on device d_899055, 12.8h after it first appeared on this account (2026-06-27 17:05 UTC). That is 5x the account's median purchase of $36.39 over its 381 earlier purchases.",u_00050,2026-06-28T05:50:52Z,194.7,RESELL MARKET 24,d_899055,
t_5cd11379d4e4ca74,DEVICE_NEW_TO_MULTIPLE_ACCOUNTS;LARGE_PURCHASE_ON_NEW_DEVICE,"Device new to multiple accounts: device d_832817 has been used by 4 accounts that had never used it before, starting 2026-06-18. One device operating several accounts points to an account-takeover ring or mule farm. This transaction: $199.43 at GIFTCARDS EXPRESS. | Large purchase on new device: $199.43 at GIFTCARDS EXPRESS on device d_832817, 9.5h after it first appeared on this account (2026-06-28 00:35 UTC). That is 9x the account's median purchase of $23.36 over its 163 earlier purchases.",u_01521,2026-06-28T10:08:12Z,199.43,GIFTCARDS EXPRESS,d_832817,
t_04076b80d051d50f,DEVICE_NEW_TO_MULTIPLE_ACCOUNTS;LARGE_PURCHASE_ON_NEW_DEVICE,"Device new to multiple accounts: device d_832817 has been used by 4 accounts that had never used it before, starting 2026-06-18. One device operating several accounts points to an account-takeover ring or mule farm. This transaction: $306.97 at JEWELRY WHOLESALE CO. | Large purchase on new device: $306.97 at JEWELRY WHOLESALE CO on device d_832817, 10.9h after it first appeared on this account (2026-06-28 00:35 UTC). That is 13x the account's median purchase of $23.36 over its 163 earlier purchases.",u_01521,2026-06-28T11:32:30Z,306.97,JEWELRY WHOLESALE CO,d_832817,
t_1514c89c28be9f1d,DEVICE_NEW_TO_MULTIPLE_ACCOUNTS,"Device new to multiple accounts: device d_899055 has been used by 6 accounts that had never used it before, starting 2026-06-14. One device operating several accounts points to an account-takeover ring or mule farm. This transaction: $122.34 at LUXE ELECTRONICS OUTLET.",u_00050,2026-06-28T21:16:29Z,122.34,LUXE ELECTRONICS OUTLET,d_899055,
t_2fe420bf913d8006,DEVICE_NEW_TO_MULTIPLE_ACCOUNTS,"Device new to multiple accounts: device d_832817 has been used by 4 accounts that had never used it before, starting 2026-06-18. One device operating several accounts points to an account-takeover ring or mule farm. This transaction: $256.44 at JEWELRY WHOLESALE CO.",u_01521,2026-06-29T05:43:25Z,256.44,JEWELRY WHOLESALE CO,d_832817,
t_63fc0d7c624ac02b,LARGE_PURCHASE_ON_NEW_DEVICE,"Large purchase on new device: $708.18 at LUXE ELECTRONICS OUTLET on device d_859441, its first transaction on this account (2026-06-29 06:08 UTC). That is 127x the account's median purchase of $5.58 over its 31 earlier purchases.",u_01362,2026-06-29T06:08:37Z,708.18,LUXE ELECTRONICS OUTLET,d_859441,
t_7965e7e197c9b2b8,LARGE_PURCHASE_ON_NEW_DEVICE,"Large purchase on new device: $509.32 at PREPAID DEPOT on device d_859441, 0.5h after it first appeared on this account (2026-06-29 06:08 UTC). That is 91x the account's median purchase of $5.58 over its 31 earlier purchases.",u_01362,2026-06-29T06:39:37Z,509.32,PREPAID DEPOT,d_859441,
t_53516ab1c54a289e,LARGE_PURCHASE_ON_NEW_DEVICE,"Large purchase on new device: $632.46 at PREPAID DEPOT on device d_859441, 0.8h after it first appeared on this account (2026-06-29 06:08 UTC). That is 113x the account's median purchase of $5.58 over its 31 earlier purchases.",u_01362,2026-06-29T06:54:37Z,632.46,PREPAID DEPOT,d_859441,
t_10fc7eb19e87d699,LARGE_PURCHASE_ON_NEW_DEVICE,"Large purchase on new device: $1,798.31 at PREPAID DEPOT on device d_859441, 1.8h after it first appeared on this account (2026-06-29 06:08 UTC). That is 322x the account's median purchase of $5.58 over its 31 earlier purchases.",u_01362,2026-06-29T07:58:37Z,1798.31,PREPAID DEPOT,d_859441,
t_2f80ec2a1863a040,LARGE_PURCHASE_ON_NEW_DEVICE,"Large purchase on new device: $1,644.07 at PREPAID DEPOT on device d_859441, 2.0h after it first appeared on this account (2026-06-29 06:08 UTC). That is 295x the account's median purchase of $5.58 over its 31 earlier purchases.",u_01362,2026-06-29T08:10:37Z,1644.07,PREPAID DEPOT,d_859441,
t_61176eb3bb96e493,LARGE_PURCHASE_ON_NEW_DEVICE,"Large purchase on new device: $1,372.61 at JEWELRY WHOLESALE CO on device d_859441, 2.4h after it first appeared on this account (2026-06-29 06:08 UTC). That is 246x the account's median purchase of $5.58 over its 31 earlier purchases.",u_01362,2026-06-29T08:34:37Z,1372.61,JEWELRY WHOLESALE CO,d_859441,
t_198580d60d1c4404,DEVICE_NEW_TO_MULTIPLE_ACCOUNTS,"Device new to multiple accounts: device d_899055 has been used by 6 accounts that had never used it before, starting 2026-06-14. One device operating several accounts points to an account-takeover ring or mule farm. This transaction: $289.90 at RESELL MARKET 24.",u_00050,2026-06-29T10:05:14Z,289.9,RESELL MARKET 24,d_899055,
t_27b7a1e2359a89f5,LARGE_PURCHASE_ON_NEW_DEVICE,"Large purchase on new device: $753.43 at GIFTCARDS EXPRESS on device d_940216, its first transaction on this account (2026-06-29 11:30 UTC). That is 21x the account's median purchase of $36.31 over its 80 earlier purchases.",u_01429,2026-06-29T11:30:35Z,753.43,GIFTCARDS EXPRESS,d_940216,
t_2c3ca33dc7fd68a2,LARGE_PURCHASE_ON_NEW_DEVICE,"Large purchase on new device: $1,178.37 at GIFTCARDS EXPRESS on device d_940216, 0.1h after it first appeared on this account (2026-06-29 11:30 UTC). That is 32x the account's median purchase of $36.31 over its 80 earlier purchases.",u_01429,2026-06-29T11:34:35Z,1178.37,GIFTCARDS EXPRESS,d_940216,
t_3683cf511947c270,LARGE_PURCHASE_ON_NEW_DEVICE,"Large purchase on new device: $802.92 at Best Buy on device d_940216, 0.7h after it first appeared on this account (2026-06-29 11:30 UTC). That is 22x the account's median purchase of $36.31 over its 80 earlier purchases.",u_01429,2026-06-29T12:13:35Z,802.92,Best Buy,d_940216,
t_43f3a871f913d346,DEVICE_NEW_TO_MULTIPLE_ACCOUNTS,"Device new to multiple accounts: device d_832817 has been used by 4 accounts that had never used it before, starting 2026-06-18. One device operating several accounts points to an account-takeover ring or mule farm. This transaction: $152.04 at RESELL MARKET 24.",u_01521,2026-06-29T13:16:23Z,152.04,RESELL MARKET 24,d_832817,
t_093b903f0b5d1051,CARD_TESTING_BURST,Card-testing burst: 10 charges under $5 at 7 different merchants within 12 min ($20.19 so far). The burst ran to 19 charges and $37.98 by 13:43 UTC; its other charges are listed in related_txn_ids.,u_00208,2026-06-29T13:25:13Z,0.76,APPSTORE-MICRO,d_000288,t_3bf1e5220faa8f32;t_6ebcae560ade3bc3;t_280dbcf7d2b63795;t_1dcfb24c7a937cac;t_2b63c67c22f0628a;t_63c5c790a1c878fb;t_6060aa13fe7c9c84;t_23f9f20635b22d8e;t_242e614a0d2b904d;t_3c0364289c113ce2;t_2fec936ca1ce3620;t_70fad139d1a822cd;t_34ca535f3c8ed087;t_21336427efc89f6f;t_272612b09ec885cd;t_457346dc192283f0;t_7dfeb7ef7fb2cc21;t_544bd0d78093e0aa
t_1fc901bb220ab9a4,LARGE_PURCHASE_ON_NEW_DEVICE,"Large purchase on new device: $1,440.58 at Apple on device d_857915, its first transaction on this account (2026-06-29 17:29 UTC). That is 53x the account's median purchase of $27.06 over its 82 earlier purchases.",u_01463,2026-06-29T17:29:27Z,1440.58,Apple,d_857915,
t_5d5f10f4f4adfa16,LARGE_PURCHASE_ON_NEW_DEVICE,"Large purchase on new device: $769.34 at JEWELRY WHOLESALE CO on device d_857915, 0.7h after it first appeared on this account (2026-06-29 17:29 UTC). That is 28x the account's median purchase of $27.06 over its 82 earlier purchases.",u_01463,2026-06-29T18:09:27Z,769.34,JEWELRY WHOLESALE CO,d_857915,
t_5441954a896796e4,LARGE_PURCHASE_ON_NEW_DEVICE,"Large purchase on new device: $794.47 at GIFTCARDS EXPRESS on device d_857915, 0.8h after it first appeared on this account (2026-06-29 17:29 UTC). That is 29x the account's median purchase of $27.06 over its 82 earlier purchases.",u_01463,2026-06-29T18:14:27Z,794.47,GIFTCARDS EXPRESS,d_857915,
t_1d23539ab5516773,LARGE_PURCHASE_ON_NEW_DEVICE,"Large purchase on new device: $817.52 at LUXE ELECTRONICS OUTLET on device d_857915, 1.8h after it first appeared on this account (2026-06-29 17:29 UTC). That is 30x the account's median purchase of $27.06 over its 82 earlier purchases.",u_01463,2026-06-29T19:16:27Z,817.52,LUXE ELECTRONICS OUTLET,d_857915,
t_5115ceb3dcf259c7,LARGE_PURCHASE_ON_NEW_DEVICE,"Large purchase on new device: $482.98 at LUXE ELECTRONICS OUTLET on device d_857915, 1.9h after it first appeared on this account (2026-06-29 17:29 UTC). That is 18x the account's median purchase of $27.06 over its 82 earlier purchases.",u_01463,2026-06-29T19:24:27Z,482.98,LUXE ELECTRONICS OUTLET,d_857915,
t_1ae71cc05d837064,LARGE_PURCHASE_ON_NEW_DEVICE,"Large purchase on new device: $680.18 at LUXE ELECTRONICS OUTLET on device d_965945, its first transaction on this account (2026-06-29 19:59 UTC). That is 25x the account's median purchase of $26.78 over its 20 earlier purchases.",u_01910,2026-06-29T19:59:53Z,680.18,LUXE ELECTRONICS OUTLET,d_965945,
t_7a6cefe498181e71,LARGE_PURCHASE_ON_NEW_DEVICE,"Large purchase on new device: $1,463.18 at Apple on device d_857915, 3.0h after it first appeared on this account (2026-06-29 17:29 UTC). That is 54x the account's median purchase of $27.06 over its 82 earlier purchases.",u_01463,2026-06-29T20:28:27Z,1463.18,Apple,d_857915,
t_15fab4a76b74c704,LARGE_PURCHASE_ON_NEW_DEVICE,"Large purchase on new device: $847.38 at RESELL MARKET 24 on device d_965945, 0.6h after it first appeared on this account (2026-06-29 19:59 UTC). That is 32x the account's median purchase of $26.78 over its 20 earlier purchases.",u_01910,2026-06-29T20:33:53Z,847.38,RESELL MARKET 24,d_965945,
t_3e25bff510b3d060,LARGE_PURCHASE_ON_NEW_DEVICE,"Large purchase on new device: $928.21 at GIFTCARDS EXPRESS on device d_965945, 0.8h after it first appeared on this account (2026-06-29 19:59 UTC). That is 35x the account's median purchase of $26.78 over its 20 earlier purchases.",u_01910,2026-06-29T20:46:53Z,928.21,GIFTCARDS EXPRESS,d_965945,
t_1471aa22c532ff54,LARGE_PURCHASE_ON_NEW_DEVICE,"Large purchase on new device: $1,408.70 at PREPAID DEPOT on device d_965945, 2.1h after it first appeared on this account (2026-06-29 19:59 UTC). That is 53x the account's median purchase of $26.78 over its 20 earlier purchases.",u_01910,2026-06-29T22:04:53Z,1408.7,PREPAID DEPOT,d_965945,
t_228439ac8ae0358b,LARGE_PURCHASE_ON_NEW_DEVICE,"Large purchase on new device: $684.43 at GIFTCARDS EXPRESS on device d_965945, 2.6h after it first appeared on this account (2026-06-29 19:59 UTC). That is 26x the account's median purchase of $26.78 over its 20 earlier purchases.",u_01910,2026-06-29T22:33:53Z,684.43,GIFTCARDS EXPRESS,d_965945,
t_404c0ad9f7771040,DEVICE_NEW_TO_MULTIPLE_ACCOUNTS;LARGE_PURCHASE_ON_NEW_DEVICE,"Device new to multiple accounts: device d_899055 has been used by 7 accounts that had never used it before, starting 2026-06-14. One device operating several accounts points to an account-takeover ring or mule farm. This transaction: $435.00 at JEWELRY WHOLESALE CO. | Large purchase on new device: $435.00 at JEWELRY WHOLESALE CO on device d_899055, its first transaction on this account (2026-06-29 23:50 UTC). That is 28x the account's median purchase of $15.31 over its 125 earlier purchases.",u_00834,2026-06-29T23:50:14Z,435.0,JEWELRY WHOLESALE CO,d_899055,
t_11aa1b5dcb1e2264,DEVICE_NEW_TO_MULTIPLE_ACCOUNTS,"Device new to multiple accounts: device d_832817 has been used by 4 accounts that had never used it before, starting 2026-06-18. One device operating several accounts points to an account-takeover ring or mule farm. This transaction: $364.91 at PREPAID DEPOT.",u_01521,2026-06-30T02:09:30Z,364.91,PREPAID DEPOT,d_832817,
t_5fba2fbe18bcf46e,DEVICE_NEW_TO_MULTIPLE_ACCOUNTS,"Device new to multiple accounts: device d_832817 has been used by 4 accounts that had never used it before, starting 2026-06-18. One device operating several accounts points to an account-takeover ring or mule farm. This transaction: $401.09 at GIFTCARDS EXPRESS.",u_01521,2026-06-30T06:04:27Z,401.09,GIFTCARDS EXPRESS,d_832817,
t_371401abaacb99de,DEVICE_NEW_TO_MULTIPLE_ACCOUNTS;LARGE_PURCHASE_ON_NEW_DEVICE,"Device new to multiple accounts: device d_899055 has been used by 7 accounts that had never used it before, starting 2026-06-14. One device operating several accounts points to an account-takeover ring or mule farm. This transaction: $295.05 at GIFTCARDS EXPRESS. | Large purchase on new device: $295.05 at GIFTCARDS EXPRESS on device d_899055, 7.6h after it first appeared on this account (2026-06-29 23:50 UTC). That is 19x the account's median purchase of $15.31 over its 125 earlier purchases.",u_00834,2026-06-30T07:25:17Z,295.05,GIFTCARDS EXPRESS,d_899055,
t_6d9a886cab5b8d3b,DEVICE_NEW_TO_MULTIPLE_ACCOUNTS;LARGE_PURCHASE_ON_NEW_DEVICE,"Device new to multiple accounts: device d_899055 has been used by 7 accounts that had never used it before, starting 2026-06-14. One device operating several accounts points to an account-takeover ring or mule farm. This transaction: $255.29 at GIFTCARDS EXPRESS. | Large purchase on new device: $255.29 at GIFTCARDS EXPRESS on device d_899055, 16.7h after it first appeared on this account (2026-06-29 23:50 UTC). That is 17x the account's median purchase of $15.31 over its 125 earlier purchases.",u_00834,2026-06-30T16:34:49Z,255.29,GIFTCARDS EXPRESS,d_899055,
t_1c65fbc9b4f966d8,DEVICE_NEW_TO_MULTIPLE_ACCOUNTS,"Device new to multiple accounts: device d_832817 has been used by 4 accounts that had never used it before, starting 2026-06-18. One device operating several accounts points to an account-takeover ring or mule farm. This transaction: $276.78 at GIFTCARDS EXPRESS.",u_01521,2026-06-30T16:40:45Z,276.78,GIFTCARDS EXPRESS,d_832817,
t_430db10e4ed7239c,DEVICE_NEW_TO_MULTIPLE_ACCOUNTS;LARGE_PURCHASE_ON_NEW_DEVICE,"Device new to multiple accounts: device d_899055 has been used by 7 accounts that had never used it before, starting 2026-06-14. One device operating several accounts points to an account-takeover ring or mule farm. This transaction: $426.09 at RESELL MARKET 24. | Large purchase on new device: $426.09 at RESELL MARKET 24 on device d_899055, 19.1h after it first appeared on this account (2026-06-29 23:50 UTC). That is 28x the account's median purchase of $15.31 over its 125 earlier purchases.",u_00834,2026-06-30T18:53:47Z,426.09,RESELL MARKET 24,d_899055,
t_226dcb29f255e624,DEVICE_NEW_TO_MULTIPLE_ACCOUNTS;LARGE_PURCHASE_ON_NEW_DEVICE,"Device new to multiple accounts: device d_899055 has been used by 7 accounts that had never used it before, starting 2026-06-14. One device operating several accounts points to an account-takeover ring or mule farm. This transaction: $298.35 at LUXE ELECTRONICS OUTLET. | Large purchase on new device: $298.35 at LUXE ELECTRONICS OUTLET on device d_899055, 21.4h after it first appeared on this account (2026-06-29 23:50 UTC). That is 19x the account's median purchase of $15.31 over its 125 earlier purchases.",u_00834,2026-06-30T21:11:38Z,298.35,LUXE ELECTRONICS OUTLET,d_899055,
t_212252189083f081,CARD_TESTING_BURST,Card-testing burst: 10 charges under $5 at 8 different merchants within 15 min ($30.99 so far). The burst ran to 19 charges and $53.93 by 01:04 UTC; its other charges are listed in related_txn_ids.,u_01467,2026-07-01T00:51:01Z,1.78,GAMETOP CREDITS,d_002049,t_420c08ec68feb1c8;t_10ade1259367739d;t_28727acdb736385d;t_551a7cb729d7c5a3;t_212d7c1193cdac66;t_5c3c61e2dd6e60b8;t_4762f3fe2ecec9f1;t_07bb66fb75d34182;t_5d2b1c906438ccdb;t_120e3177a5d682c7;t_08d35d603e45257c;t_194114b17245b177;t_614aa7ebc950c19f;t_45bfa307d3a4b648;t_5b6ca21742cf70da;t_175764108eb0058e;t_0827e7bb52a9f350;t_41a70682e13242d4
t_6da1ac6eb46526b5,DEVICE_NEW_TO_MULTIPLE_ACCOUNTS;LARGE_PURCHASE_ON_NEW_DEVICE,"Device new to multiple accounts: device d_832817 has been used by 5 accounts that had never used it before, starting 2026-06-18. One device operating several accounts points to an account-takeover ring or mule farm. This transaction: $105.74 at JEWELRY WHOLESALE CO. | Large purchase on new device: $105.74 at JEWELRY WHOLESALE CO on device d_832817, its first transaction on this account (2026-07-01 04:39 UTC). That is 3x the account's median purchase of $33.69 over its 250 earlier purchases.",u_00413,2026-07-01T04:39:33Z,105.74,JEWELRY WHOLESALE CO,d_832817,
t_7abb1ae689ffe718,LARGE_PURCHASE_ON_NEW_DEVICE,"Large purchase on new device: $475.95 at Best Buy on device d_825348, its first transaction on this account (2026-07-01 10:57 UTC). That is 37x the account's median purchase of $12.85 over its 31 earlier purchases.",u_01760,2026-07-01T10:57:29Z,475.95,Best Buy,d_825348,
t_700653b1edd12b4a,LARGE_PURCHASE_ON_NEW_DEVICE,"Large purchase on new device: $790.74 at LUXE ELECTRONICS OUTLET on device d_825348, 1.4h after it first appeared on this account (2026-07-01 10:57 UTC). That is 62x the account's median purchase of $12.85 over its 31 earlier purchases.",u_01760,2026-07-01T12:23:29Z,790.74,LUXE ELECTRONICS OUTLET,d_825348,
t_4a6bbcdda1c6d053,DEVICE_NEW_TO_MULTIPLE_ACCOUNTS,"Device new to multiple accounts: device d_899055 has been used by 7 accounts that had never used it before, starting 2026-06-14. One device operating several accounts points to an account-takeover ring or mule farm. This transaction: $162.42 at JEWELRY WHOLESALE CO.",u_00834,2026-07-01T12:31:51Z,162.42,JEWELRY WHOLESALE CO,d_899055,
t_047529e3321c7488,LARGE_PURCHASE_ON_NEW_DEVICE,"Large purchase on new device: $772.84 at RESELL MARKET 24 on device d_825348, 2.7h after it first appeared on this account (2026-07-01 10:57 UTC). That is 60x the account's median purchase of $12.85 over its 31 earlier purchases.",u_01760,2026-07-01T13:41:29Z,772.84,RESELL MARKET 24,d_825348,
t_7b775527d7fdd44d,LARGE_PURCHASE_ON_NEW_DEVICE,"Large purchase on new device: $1,080.06 at Apple on device d_825348, 4.2h after it first appeared on this account (2026-07-01 10:57 UTC). That is 84x the account's median purchase of $12.85 over its 31 earlier purchases.",u_01760,2026-07-01T15:07:29Z,1080.06,Apple,d_825348,
t_798dcf42384b35fd,LARGE_PURCHASE_ON_NEW_DEVICE,"Large purchase on new device: $1,429.48 at LUXE ELECTRONICS OUTLET on device d_825348, 4.3h after it first appeared on this account (2026-07-01 10:57 UTC). That is 111x the account's median purchase of $12.85 over its 31 earlier purchases.",u_01760,2026-07-01T15:16:29Z,1429.48,LUXE ELECTRONICS OUTLET,d_825348,
t_72cf1c9b2db2d8b2,DEVICE_NEW_TO_MULTIPLE_ACCOUNTS;LARGE_PURCHASE_ON_NEW_DEVICE,"Device new to multiple accounts: device d_899055 has been used by 8 accounts that had never used it before, starting 2026-06-14. One device operating several accounts points to an account-takeover ring or mule farm. This transaction: $206.39 at GIFTCARDS EXPRESS. | Large purchase on new device: $206.39 at GIFTCARDS EXPRESS on device d_899055, its first transaction on this account (2026-07-01 20:41 UTC). That is 24x the account's median purchase of $8.49 over its 119 earlier purchases.",u_01982,2026-07-01T20:41:43Z,206.39,GIFTCARDS EXPRESS,d_899055,
t_6d447fe3f0f837e7,DEVICE_NEW_TO_MULTIPLE_ACCOUNTS,"Device new to multiple accounts: device d_832817 has been used by 5 accounts that had never used it before, starting 2026-06-18. One device operating several accounts points to an account-takeover ring or mule farm. This transaction: $99.71 at PREPAID DEPOT.",u_00413,2026-07-01T20:56:04Z,99.71,PREPAID DEPOT,d_832817,
t_4f35eaa9b18b10f4,DEVICE_NEW_TO_MULTIPLE_ACCOUNTS;LARGE_PURCHASE_ON_NEW_DEVICE,"Device new to multiple accounts: device d_832817 has been used by 5 accounts that had never used it before, starting 2026-06-18. One device operating several accounts points to an account-takeover ring or mule farm. This transaction: $339.73 at RESELL MARKET 24. | Large purchase on new device: $339.73 at RESELL MARKET 24 on device d_832817, 19.6h after it first appeared on this account (2026-07-01 04:39 UTC). That is 10x the account's median purchase of $33.69 over its 250 earlier purchases.",u_00413,2026-07-02T00:14:18Z,339.73,RESELL MARKET 24,d_832817,
t_74a92cc5e7cc4704,DEVICE_NEW_TO_MULTIPLE_ACCOUNTS;LARGE_PURCHASE_ON_NEW_DEVICE,"Device new to multiple accounts: device d_899055 has been used by 8 accounts that had never used it before, starting 2026-06-14. One device operating several accounts points to an account-takeover ring or mule farm. This transaction: $163.77 at PREPAID DEPOT. | Large purchase on new device: $163.77 at PREPAID DEPOT on device d_899055, 13.3h after it first appeared on this account (2026-07-01 20:41 UTC). That is 19x the account's median purchase of $8.49 over its 119 earlier purchases.",u_01982,2026-07-02T10:01:35Z,163.77,PREPAID DEPOT,d_899055,
t_554fa9126f91576f,DEVICE_NEW_TO_MULTIPLE_ACCOUNTS;LARGE_PURCHASE_ON_NEW_DEVICE,"Device new to multiple accounts: device d_899055 has been used by 8 accounts that had never used it before, starting 2026-06-14. One device operating several accounts points to an account-takeover ring or mule farm. This transaction: $207.84 at RESELL MARKET 24. | Large purchase on new device: $207.84 at RESELL MARKET 24 on device d_899055, 14.8h after it first appeared on this account (2026-07-01 20:41 UTC). That is 24x the account's median purchase of $8.49 over its 119 earlier purchases.",u_01982,2026-07-02T11:30:38Z,207.84,RESELL MARKET 24,d_899055,
t_6403cb8473863347,DEVICE_NEW_TO_MULTIPLE_ACCOUNTS,"Device new to multiple accounts: device d_832817 has been used by 5 accounts that had never used it before, starting 2026-06-18. One device operating several accounts points to an account-takeover ring or mule farm. This transaction: $279.52 at JEWELRY WHOLESALE CO.",u_00413,2026-07-02T12:43:24Z,279.52,JEWELRY WHOLESALE CO,d_832817,
t_3f85f723ca0f227b,DEVICE_NEW_TO_MULTIPLE_ACCOUNTS;LARGE_PURCHASE_ON_NEW_DEVICE,"Device new to multiple accounts: device d_899055 has been used by 8 accounts that had never used it before, starting 2026-06-14. One device operating several accounts points to an account-takeover ring or mule farm. This transaction: $430.98 at LUXE ELECTRONICS OUTLET. | Large purchase on new device: $430.98 at LUXE ELECTRONICS OUTLET on device d_899055, 22.7h after it first appeared on this account (2026-07-01 20:41 UTC). That is 51x the account's median purchase of $8.49 over its 119 earlier purchases.",u_01982,2026-07-02T19:22:55Z,430.98,LUXE ELECTRONICS OUTLET,d_899055,
t_042c713796cd1fef,DEVICE_NEW_TO_MULTIPLE_ACCOUNTS,"Device new to multiple accounts: device d_832817 has been used by 5 accounts that had never used it before, starting 2026-06-18. One device operating several accounts points to an account-takeover ring or mule farm. This transaction: $266.66 at GIFTCARDS EXPRESS.",u_00413,2026-07-03T03:05:12Z,266.66,GIFTCARDS EXPRESS,d_832817,
t_105566342c5e1409,DEVICE_NEW_TO_MULTIPLE_ACCOUNTS;LARGE_PURCHASE_ON_NEW_DEVICE,"Device new to multiple accounts: device d_899055 has been used by 9 accounts that had never used it before, starting 2026-06-14. One device operating several accounts points to an account-takeover ring or mule farm. This transaction: $293.79 at LUXE ELECTRONICS OUTLET. | Large purchase on new device: $293.79 at LUXE ELECTRONICS OUTLET on device d_899055, its first transaction on this account (2026-07-03 06:27 UTC). That is 27x the account's median purchase of $11.01 over its 203 earlier purchases.",u_01534,2026-07-03T06:27:12Z,293.79,LUXE ELECTRONICS OUTLET,d_899055,
t_5e5174d01a365b72,DEVICE_NEW_TO_MULTIPLE_ACCOUNTS,"Device new to multiple accounts: device d_832817 has been used by 5 accounts that had never used it before, starting 2026-06-18. One device operating several accounts points to an account-takeover ring or mule farm. This transaction: $242.38 at GIFTCARDS EXPRESS.",u_00413,2026-07-03T06:45:01Z,242.38,GIFTCARDS EXPRESS,d_832817,
t_029f60df3390cc03,LARGE_PURCHASE_ON_NEW_DEVICE,"Large purchase on new device: $961.07 at Apple on device d_987869, its first transaction on this account (2026-07-03 17:25 UTC). That is 34x the account's median purchase of $28.39 over its 55 earlier purchases.",u_00428,2026-07-03T17:25:25Z,961.07,Apple,d_987869,
t_542a87502148f538,LARGE_PURCHASE_ON_NEW_DEVICE,"Large purchase on new device: $1,167.16 at RESELL MARKET 24 on device d_987869, 0.7h after it first appeared on this account (2026-07-03 17:25 UTC). That is 41x the account's median purchase of $28.39 over its 55 earlier purchases.",u_00428,2026-07-03T18:09:25Z,1167.16,RESELL MARKET 24,d_987869,
t_4aeacc352527e3ad,LARGE_PURCHASE_ON_NEW_DEVICE,"Large purchase on new device: $1,324.25 at Apple on device d_987869, 2.1h after it first appeared on this account (2026-07-03 17:25 UTC). That is 47x the account's median purchase of $28.39 over its 55 earlier purchases.",u_00428,2026-07-03T19:30:25Z,1324.25,Apple,d_987869,
t_47052307d17b0847,LARGE_PURCHASE_ON_NEW_DEVICE,"Large purchase on new device: $1,074.74 at Best Buy on device d_708294, its first transaction on this account (2026-07-03 20:11 UTC). That is 106x the account's median purchase of $10.18 over its 155 earlier purchases.",u_01773,2026-07-03T20:11:06Z,1074.74,Best Buy,d_708294,
t_2124879a75fc44fa,DEVICE_NEW_TO_MULTIPLE_ACCOUNTS;LARGE_PURCHASE_ON_NEW_DEVICE,"Device new to multiple accounts: device d_899055 has been used by 9 accounts that had never used it before, starting 2026-06-14. One device operating several accounts points to an account-takeover ring or mule farm. This transaction: $83.01 at PREPAID DEPOT. | Large purchase on new device: $83.01 at PREPAID DEPOT on device d_899055, 14.3h after it first appeared on this account (2026-07-03 06:27 UTC). That is 8x the account's median purchase of $11.01 over its 203 earlier purchases.",u_01534,2026-07-03T20:44:22Z,83.01,PREPAID DEPOT,d_899055,
t_55ab965b7c96b895,LARGE_PURCHASE_ON_NEW_DEVICE,"Large purchase on new device: $1,553.29 at LUXE ELECTRONICS OUTLET on device d_708294, 1.2h after it first appeared on this account (2026-07-03 20:11 UTC). That is 153x the account's median purchase of $10.18 over its 155 earlier purchases.",u_01773,2026-07-03T21:21:06Z,1553.29,LUXE ELECTRONICS OUTLET,d_708294,
t_58de8289119b15b4,LARGE_PURCHASE_ON_NEW_DEVICE,"Large purchase on new device: $539.19 at Best Buy on device d_708294, 1.9h after it first appeared on this account (2026-07-03 20:11 UTC). That is 53x the account's median purchase of $10.18 over its 155 earlier purchases.",u_01773,2026-07-03T22:06:06Z,539.19,Best Buy,d_708294,
t_7c7ea88987fd328f,LARGE_PURCHASE_ON_NEW_DEVICE,"Large purchase on new device: $697.80 at LUXE ELECTRONICS OUTLET on device d_708294, 2.6h after it first appeared on this account (2026-07-03 20:11 UTC). That is 69x the account's median purchase of $10.18 over its 155 earlier purchases.",u_01773,2026-07-03T22:45:06Z,697.8,LUXE ELECTRONICS OUTLET,d_708294,
t_11b1e10c40230c23,LARGE_PURCHASE_ON_NEW_DEVICE,"Large purchase on new device: $568.31 at Apple on device d_708294, 3.0h after it first appeared on this account (2026-07-03 20:11 UTC). That is 56x the account's median purchase of $10.18 over its 155 earlier purchases.",u_01773,2026-07-03T23:14:06Z,568.31,Apple,d_708294,
t_7dc27f9808357d84,DEVICE_NEW_TO_MULTIPLE_ACCOUNTS,"Device new to multiple accounts: device d_832817 has been used by 5 accounts that had never used it before, starting 2026-06-18. One device operating several accounts points to an account-takeover ring or mule farm. This transaction: $286.38 at LUXE ELECTRONICS OUTLET.",u_00413,2026-07-04T01:17:06Z,286.38,LUXE ELECTRONICS OUTLET,d_832817,
t_27c154ec188b7b04,CARD_TESTING_BURST,Card-testing burst: 10 charges under $5 at 7 different merchants within 14 min ($27.54 so far). The burst ran to 19 charges and $56.86 by 03:43 UTC; its other charges are listed in related_txn_ids.,u_01554,2026-07-04T03:27:46Z,4.76,CLOUDHOST BASIC,d_002167,t_3257a2636ef6985b;t_7143a5f2722897bb;t_6a71f05f50b33a30;t_25988ab6304d7470;t_7349ae499a3faa07;t_3f68f62fa669236d;t_223aa9a0e05bb030;t_375d69e0f9aa6462;t_450cad2c24aefd1c;t_0e79465bf95e9ff8;t_3620cebf38b2e10c;t_18bd91d64cac08c7;t_5fd32c7fcea96360;t_53af7d3147b0d776;t_66af64f33c110416;t_6c66cb49e36b702d;t_17d0eddedaf0969e;t_5c2e7e6561b8ff37
t_667cf7d1dd8d35b4,DEVICE_NEW_TO_MULTIPLE_ACCOUNTS,"Device new to multiple accounts: device d_899055 has been used by 9 accounts that had never used it before, starting 2026-06-14. One device operating several accounts points to an account-takeover ring or mule farm. This transaction: $199.28 at JEWELRY WHOLESALE CO.",u_01534,2026-07-04T09:44:41Z,199.28,JEWELRY WHOLESALE CO,d_899055,
t_3f687e450dcf6e2f,CARD_TESTING_BURST,Card-testing burst: 10 charges under $5 at 7 different merchants within 15 min ($25.48 so far). The burst ran to 22 charges and $58.39 by 11:51 UTC; its other charges are listed in related_txn_ids.,u_01399,2026-07-04T11:28:09Z,4.92,WEBSERVICES PRO,d_001953,t_314058fddc82ce0e;t_62ef457d8f6617ed;t_27e928bb6192b19d;t_7052f989e9693f45;t_55cf071ddc2373f5;t_5f32c34deb9b936c;t_4416a6d041110016;t_20503f6ad7784297;t_7ac2579b8fe69ea1;t_5ced1cc3722c6e1b;t_5fc1a3312bf486cc;t_7daa220fbcc6565a;t_7020a623cde3388c;t_5443f20af6570dc3;t_08f79840d0a28599;t_6eab320428cae025;t_07e1184994e3b8ef;t_233408e1f8fb25dc;t_1bda3a157e8b8b0b;t_5d40931f9b5649b1;t_4a8957e71892cc9a
t_232502811df86f73,DEVICE_NEW_TO_MULTIPLE_ACCOUNTS,"Device new to multiple accounts: device d_832817 has been used by 6 accounts that had never used it before, starting 2026-06-18. One device operating several accounts points to an account-takeover ring or mule farm. This transaction: $223.79 at GIFTCARDS EXPRESS.",u_00863,2026-07-04T19:33:02Z,223.79,GIFTCARDS EXPRESS,d_832817,
t_08cda054ae09ae9f,DEVICE_NEW_TO_MULTIPLE_ACCOUNTS,"Device new to multiple accounts: device d_899055 has been used by 9 accounts that had never used it before, starting 2026-06-14. One device operating several accounts points to an account-takeover ring or mule farm. This transaction: $345.00 at LUXE ELECTRONICS OUTLET.",u_01534,2026-07-05T01:25:46Z,345.0,LUXE ELECTRONICS OUTLET,d_899055,
t_7cf69066593cb4b5,DEVICE_NEW_TO_MULTIPLE_ACCOUNTS;LARGE_PURCHASE_ON_NEW_DEVICE,"Device new to multiple accounts: device d_832817 has been used by 6 accounts that had never used it before, starting 2026-06-18. One device operating several accounts points to an account-takeover ring or mule farm. This transaction: $352.84 at LUXE ELECTRONICS OUTLET. | Large purchase on new device: $352.84 at LUXE ELECTRONICS OUTLET on device d_832817, 10.7h after it first appeared on this account (2026-07-04 19:33 UTC). That is 4x the account's median purchase of $83.00 over its 234 earlier purchases.",u_00863,2026-07-05T06:13:27Z,352.84,LUXE ELECTRONICS OUTLET,d_832817,
t_4fbc6db43e45de69,DEVICE_NEW_TO_MULTIPLE_ACCOUNTS,"Device new to multiple accounts: device d_899055 has been used by 9 accounts that had never used it before, starting 2026-06-14. One device operating several accounts points to an account-takeover ring or mule farm. This transaction: $321.35 at LUXE ELECTRONICS OUTLET.",u_01534,2026-07-05T14:18:50Z,321.35,LUXE ELECTRONICS OUTLET,d_899055,
t_626188f89bf0b344,DEVICE_NEW_TO_MULTIPLE_ACCOUNTS,"Device new to multiple accounts: device d_899055 has been used by 9 accounts that had never used it before, starting 2026-06-14. One device operating several accounts points to an account-takeover ring or mule farm. This transaction: $352.68 at LUXE ELECTRONICS OUTLET.",u_01534,2026-07-05T18:39:24Z,352.68,LUXE ELECTRONICS OUTLET,d_899055,
t_096ab20448712582,DEVICE_NEW_TO_MULTIPLE_ACCOUNTS,"Device new to multiple accounts: device d_832817 has been used by 6 accounts that had never used it before, starting 2026-06-18. One device operating several accounts points to an account-takeover ring or mule farm. This transaction: $373.87 at LUXE ELECTRONICS OUTLET.",u_00863,2026-07-05T20:31:48Z,373.87,LUXE ELECTRONICS OUTLET,d_832817,
t_72e0c64e798cee31,DEVICE_NEW_TO_MULTIPLE_ACCOUNTS,"Device new to multiple accounts: device d_832817 has been used by 6 accounts that had never used it before, starting 2026-06-18. One device operating several accounts points to an account-takeover ring or mule farm. This transaction: $142.29 at GIFTCARDS EXPRESS.",u_00863,2026-07-06T03:42:31Z,142.29,GIFTCARDS EXPRESS,d_832817,
t_7f63c61f3d298196,DEVICE_NEW_TO_MULTIPLE_ACCOUNTS,"Device new to multiple accounts: device d_899055 has been used by 9 accounts that had never used it before, starting 2026-06-14. One device operating several accounts points to an account-takeover ring or mule farm. This transaction: $205.94 at JEWELRY WHOLESALE CO.",u_01534,2026-07-06T04:57:20Z,205.94,JEWELRY WHOLESALE CO,d_899055,
t_3326c0c7401435ba,DEVICE_NEW_TO_MULTIPLE_ACCOUNTS,"Device new to multiple accounts: device d_832817 has been used by 6 accounts that had never used it before, starting 2026-06-18. One device operating several accounts points to an account-takeover ring or mule farm. This transaction: $111.85 at PREPAID DEPOT.",u_00863,2026-07-06T23:02:03Z,111.85,PREPAID DEPOT,d_832817,
t_2633bc6e0986f6d8,DEVICE_NEW_TO_MULTIPLE_ACCOUNTS;LARGE_PURCHASE_ON_NEW_DEVICE,"Device new to multiple accounts: device d_832817 has been used by 7 accounts that had never used it before, starting 2026-06-18. One device operating several accounts points to an account-takeover ring or mule farm. This transaction: $138.36 at JEWELRY WHOLESALE CO. | Large purchase on new device: $138.36 at JEWELRY WHOLESALE CO on device d_832817, its first transaction on this account (2026-07-07 13:26 UTC). That is 10x the account's median purchase of $14.09 over its 301 earlier purchases.",u_01670,2026-07-07T13:26:03Z,138.36,JEWELRY WHOLESALE CO,d_832817,
t_2b223f1f0e10d9bd,DEVICE_NEW_TO_MULTIPLE_ACCOUNTS;LARGE_PURCHASE_ON_NEW_DEVICE,"Device new to multiple accounts: device d_832817 has been used by 7 accounts that had never used it before, starting 2026-06-18. One device operating several accounts points to an account-takeover ring or mule farm. This transaction: $285.95 at RESELL MARKET 24. | Large purchase on new device: $285.95 at RESELL MARKET 24 on device d_832817, 7.9h after it first appeared on this account (2026-07-07 13:26 UTC). That is 20x the account's median purchase of $14.09 over its 301 earlier purchases.",u_01670,2026-07-07T21:22:31Z,285.95,RESELL MARKET 24,d_832817,
t_5f2bb21d8db7cff2,LARGE_PURCHASE_ON_NEW_DEVICE,"Large purchase on new device: $1,207.28 at JEWELRY WHOLESALE CO on device d_932918, its first transaction on this account (2026-07-08 05:34 UTC). That is 78x the account's median purchase of $15.39 over its 234 earlier purchases.",u_00946,2026-07-08T05:34:16Z,1207.28,JEWELRY WHOLESALE CO,d_932918,
t_2a748a2b00b9ef73,LARGE_PURCHASE_ON_NEW_DEVICE,"Large purchase on new device: $1,570.67 at PREPAID DEPOT on device d_932918, 0.7h after it first appeared on this account (2026-07-08 05:34 UTC). That is 102x the account's median purchase of $15.39 over its 234 earlier purchases.",u_00946,2026-07-08T06:17:16Z,1570.67,PREPAID DEPOT,d_932918,
t_2085eba74650e245,LARGE_PURCHASE_ON_NEW_DEVICE,"Large purchase on new device: $547.32 at RESELL MARKET 24 on device d_719120, its first transaction on this account (2026-07-08 06:58 UTC). That is 21x the account's median purchase of $25.99 over its 84 earlier purchases.",u_01005,2026-07-08T06:58:30Z,547.32,RESELL MARKET 24,d_719120,
t_3c904eed66912cda,LARGE_PURCHASE_ON_NEW_DEVICE,"Large purchase on new device: $911.54 at LUXE ELECTRONICS OUTLET on device d_932918, 2.0h after it first appeared on this account (2026-07-08 05:34 UTC). That is 59x the account's median purchase of $15.39 over its 234 earlier purchases.",u_00946,2026-07-08T07:36:16Z,911.54,LUXE ELECTRONICS OUTLET,d_932918,
t_71e3f8cddf9712a6,LARGE_PURCHASE_ON_NEW_DEVICE,"Large purchase on new device: $1,784.90 at Apple on device d_719120, 0.9h after it first appeared on this account (2026-07-08 06:58 UTC). That is 69x the account's median purchase of $25.99 over its 84 earlier purchases.",u_01005,2026-07-08T07:53:30Z,1784.9,Apple,d_719120,
t_782857873a57e8c8,LARGE_PURCHASE_ON_NEW_DEVICE,"Large purchase on new device: $1,254.17 at GIFTCARDS EXPRESS on device d_719120, 1.4h after it first appeared on this account (2026-07-08 06:58 UTC). That is 48x the account's median purchase of $25.99 over its 84 earlier purchases.",u_01005,2026-07-08T08:21:30Z,1254.17,GIFTCARDS EXPRESS,d_719120,
t_1e78d2b3318d9a8c,LARGE_PURCHASE_ON_NEW_DEVICE,"Large purchase on new device: $1,304.47 at GIFTCARDS EXPRESS on device d_932918, 3.2h after it first appeared on this account (2026-07-08 05:34 UTC). That is 85x the account's median purchase of $15.39 over its 234 earlier purchases.",u_00946,2026-07-08T08:45:16Z,1304.47,GIFTCARDS EXPRESS,d_932918,
t_05b1ff92bceabcaa,LARGE_PURCHASE_ON_NEW_DEVICE,"Large purchase on new device: $1,141.97 at Best Buy on device d_932918, 3.4h after it first appeared on this account (2026-07-08 05:34 UTC). That is 74x the account's median purchase of $15.39 over its 234 earlier purchases.",u_00946,2026-07-08T08:59:16Z,1141.97,Best Buy,d_932918,
t_4cf6f5993fa0610b,LARGE_PURCHASE_ON_NEW_DEVICE,"Large purchase on new device: $1,753.49 at JEWELRY WHOLESALE CO on device d_719120, 2.3h after it first appeared on this account (2026-07-08 06:58 UTC). That is 67x the account's median purchase of $25.99 over its 84 earlier purchases.",u_01005,2026-07-08T09:18:30Z,1753.49,JEWELRY WHOLESALE CO,d_719120,
t_01d004496568ed7b,LARGE_PURCHASE_ON_NEW_DEVICE,"Large purchase on new device: $1,125.56 at RESELL MARKET 24 on device d_832888, its first transaction on this account (2026-07-08 09:42 UTC). That is 30x the account's median purchase of $37.50 over its 72 earlier purchases.",u_00942,2026-07-08T09:42:47Z,1125.56,RESELL MARKET 24,d_832888,
t_79930713ebf538b5,LARGE_PURCHASE_ON_NEW_DEVICE,"Large purchase on new device: $415.78 at PREPAID DEPOT on device d_832888, 1.4h after it first appeared on this account (2026-07-08 09:42 UTC). That is 11x the account's median purchase of $37.50 over its 72 earlier purchases.",u_00942,2026-07-08T11:03:47Z,415.78,PREPAID DEPOT,d_832888,
t_310ada1133b6f7bb,LARGE_PURCHASE_ON_NEW_DEVICE,"Large purchase on new device: $772.81 at GIFTCARDS EXPRESS on device d_832888, 2.4h after it first appeared on this account (2026-07-08 09:42 UTC). That is 21x the account's median purchase of $37.50 over its 72 earlier purchases.",u_00942,2026-07-08T12:04:47Z,772.81,GIFTCARDS EXPRESS,d_832888,
t_2de4ece35fd99c06,CARD_TESTING_BURST,Card-testing burst: 10 charges under $5 at 8 different merchants within 13 min ($29.27 so far). The burst ran to 20 charges and $59.37 by 13:19 UTC; its other charges are listed in related_txn_ids.,u_01726,2026-07-08T12:59:17Z,1.15,ONLINE-MKT 8827,d_002417,t_4ed3656a9be2a019;t_523a8ba199989548;t_48863a29fecbd568;t_4a09966ad96f316d;t_1f127240897cf538;t_4444a21a8727c6f5;t_4c34522b5ad4f7df;t_1bdfae7786baca08;t_1b639f3d56b3ec11;t_08a9b31fb12e9e50;t_596a72a39f985c0b;t_4f9e12fce74c765a;t_1de43b8a904650d8;t_0dbb89cb13617ade;t_36b4cbbebcfa3675;t_4604075459289ad5;t_5804e43fae54963a;t_38125c9e6ba0c5bf;t_5983c4301a4159fc
t_4d074ab7e1190977,LARGE_PURCHASE_ON_NEW_DEVICE,"Large purchase on new device: $634.26 at GIFTCARDS EXPRESS on device d_832888, 3.8h after it first appeared on this account (2026-07-08 09:42 UTC). That is 17x the account's median purchase of $37.50 over its 72 earlier purchases.",u_00942,2026-07-08T13:29:47Z,634.26,GIFTCARDS EXPRESS,d_832888,
t_24a038d156d41bfe,LARGE_PURCHASE_ON_NEW_DEVICE,"Large purchase on new device: $1,485.07 at GIFTCARDS EXPRESS on device d_832888, 4.3h after it first appeared on this account (2026-07-08 09:42 UTC). That is 40x the account's median purchase of $37.50 over its 72 earlier purchases.",u_00942,2026-07-08T14:02:47Z,1485.07,GIFTCARDS EXPRESS,d_832888,
t_1169daef44b9f5e0,LARGE_PURCHASE_ON_NEW_DEVICE,"Large purchase on new device: $724.03 at Apple on device d_832888, 4.5h after it first appeared on this account (2026-07-08 09:42 UTC). That is 19x the account's median purchase of $37.50 over its 72 earlier purchases.",u_00942,2026-07-08T14:11:47Z,724.03,Apple,d_832888,
t_1e23b8c88846993c,DEVICE_NEW_TO_MULTIPLE_ACCOUNTS,"Device new to multiple accounts: device d_832817 has been used by 7 accounts that had never used it before, starting 2026-06-18. One device operating several accounts points to an account-takeover ring or mule farm. This transaction: $239.06 at LUXE ELECTRONICS OUTLET.",u_01670,2026-07-08T17:16:45Z,239.06,LUXE ELECTRONICS OUTLET,d_832817,
t_604fc519e23fb6fe,DEVICE_NEW_TO_MULTIPLE_ACCOUNTS,"Device new to multiple accounts: device d_832817 has been used by 7 accounts that had never used it before, starting 2026-06-18. One device operating several accounts points to an account-takeover ring or mule farm. This transaction: $225.21 at LUXE ELECTRONICS OUTLET.",u_01670,2026-07-09T13:05:21Z,225.21,LUXE ELECTRONICS OUTLET,d_832817,
t_4114f6c29c4a618c,DEVICE_NEW_TO_MULTIPLE_ACCOUNTS,"Device new to multiple accounts: device d_832817 has been used by 7 accounts that had never used it before, starting 2026-06-18. One device operating several accounts points to an account-takeover ring or mule farm. This transaction: $404.38 at LUXE ELECTRONICS OUTLET.",u_01670,2026-07-10T07:13:36Z,404.38,LUXE ELECTRONICS OUTLET,d_832817,
t_0ba240a60cb9025f,DEVICE_NEW_TO_MULTIPLE_ACCOUNTS,"Device new to multiple accounts: device d_832817 has been used by 7 accounts that had never used it before, starting 2026-06-18. One device operating several accounts points to an account-takeover ring or mule farm. This transaction: $407.88 at LUXE ELECTRONICS OUTLET.",u_01670,2026-07-10T14:22:29Z,407.88,LUXE ELECTRONICS OUTLET,d_832817,
t_1886ab5e42ae739b,CARD_TESTING_BURST,Card-testing burst: 10 charges under $5 at 7 different merchants within 14 min ($24.41 so far). The burst ran to 23 charges and $64.99 by 02:04 UTC; its other charges are listed in related_txn_ids.,u_01814,2026-07-11T01:43:31Z,2.47,EBOOKS DIRECT,d_002544,t_2a5dc9d86e6c2729;t_2456c3f6bfebe30e;t_5d7749a9386cdeaa;t_11e55be9c1a7ed4e;t_7d604c8db90f4671;t_097d865e0a5daffe;t_056fac76c2a67f40;t_155899cd2712a4a2;t_652f30229e648709;t_0671c9e6b0ae430b;t_189a7d33df3a6b68;t_5d133a37e19ca830;t_48b7535198cb89aa;t_455bb3654e32db61;t_6013e897a74f7146;t_6b36c84f9b27145e;t_02610aa46811f5d0;t_490a9450e8864866;t_4bd8ec66f344d020;t_3e6a47a04ad74baf;t_7dc28d8bb1248eb6;t_3bf2fbd9232f0423
t_0d538af54aa6bd89,CARD_TESTING_BURST,Card-testing burst: 10 charges under $5 at 6 different merchants within 16 min ($31.58 so far). The burst ran to 16 charges and $49.67 by 02:49 UTC; its other charges are listed in related_txn_ids.,u_00754,2026-07-11T02:39:11Z,4.07,DONATENOW ORG,d_001055,t_2cc1f1ad12f8a4fc;t_5dca710a34d548e4;t_2622c9a5e6c9c6a9;t_151a1b3b6de2df6c;t_533213e8e5e8d90b;t_6657ce135d741c0e;t_3cf30db437f801fa;t_38e87699d7f01da6;t_163a8afd3115ec8a;t_791f8cdb3ab6fe16;t_74848c4f01d9ee0e;t_4c68a222db5280e9;t_254d13dbfafd4bbb;t_0cb69720dbbc50d9;t_1ac2e2422687ffe9
t_1ab60c5f91234326,DEVICE_NEW_TO_MULTIPLE_ACCOUNTS,"Device new to multiple accounts: device d_832817 has been used by 7 accounts that had never used it before, starting 2026-06-18. One device operating several accounts points to an account-takeover ring or mule farm. This transaction: $312.54 at JEWELRY WHOLESALE CO.",u_01670,2026-07-11T05:56:44Z,312.54,JEWELRY WHOLESALE CO,d_832817,
t_2ab66d7f141dcd08,DEVICE_NEW_TO_MULTIPLE_ACCOUNTS,"Device new to multiple accounts: device d_832817 has been used by 7 accounts that had never used it before, starting 2026-06-18. One device operating several accounts points to an account-takeover ring or mule farm. This transaction: $307.41 at LUXE ELECTRONICS OUTLET.",u_01670,2026-07-11T09:50:40Z,307.41,LUXE ELECTRONICS OUTLET,d_832817,
t_28aa550c040b8cca,DEVICE_NEW_TO_MULTIPLE_ACCOUNTS;LARGE_PURCHASE_ON_NEW_DEVICE,"Device new to multiple accounts: device d_832817 has been used by 8 accounts that had never used it before, starting 2026-06-18. One device operating several accounts points to an account-takeover ring or mule farm. This transaction: $188.32 at JEWELRY WHOLESALE CO. | Large purchase on new device: $188.32 at JEWELRY WHOLESALE CO on device d_832817, its first transaction on this account (2026-07-11 20:20 UTC). That is 5x the account's median purchase of $36.69 over its 128 earlier purchases.",u_01301,2026-07-11T20:20:59Z,188.32,JEWELRY WHOLESALE CO,d_832817,
t_06780264f71d1a94,DEVICE_NEW_TO_MULTIPLE_ACCOUNTS;LARGE_PURCHASE_ON_NEW_DEVICE,"Device new to multiple accounts: device d_832817 has been used by 8 accounts that had never used it before, starting 2026-06-18. One device operating several accounts points to an account-takeover ring or mule farm. This transaction: $263.34 at GIFTCARDS EXPRESS. | Large purchase on new device: $263.34 at GIFTCARDS EXPRESS on device d_832817, 8.4h after it first appeared on this account (2026-07-11 20:20 UTC). That is 7x the account's median purchase of $36.69 over its 128 earlier purchases.",u_01301,2026-07-12T04:47:58Z,263.34,GIFTCARDS EXPRESS,d_832817,
t_01646b4dc6706adc,DEVICE_NEW_TO_MULTIPLE_ACCOUNTS;LARGE_PURCHASE_ON_NEW_DEVICE,"Device new to multiple accounts: device d_832817 has been used by 8 accounts that had never used it before, starting 2026-06-18. One device operating several accounts points to an account-takeover ring or mule farm. This transaction: $122.82 at JEWELRY WHOLESALE CO. | Large purchase on new device: $122.82 at JEWELRY WHOLESALE CO on device d_832817, 16.9h after it first appeared on this account (2026-07-11 20:20 UTC). That is 3x the account's median purchase of $36.69 over its 128 earlier purchases.",u_01301,2026-07-12T13:12:51Z,122.82,JEWELRY WHOLESALE CO,d_832817,
t_6b19a65b595a6162,LARGE_PURCHASE_ON_NEW_DEVICE,"Large purchase on new device: $1,390.00 at RESELL MARKET 24 on device d_730432, its first transaction on this account (2026-07-12 16:59 UTC). That is 48x the account's median purchase of $28.88 over its 64 earlier purchases.",u_01915,2026-07-12T16:59:50Z,1390.0,RESELL MARKET 24,d_730432,
t_3a2de009e7ad742b,LARGE_PURCHASE_ON_NEW_DEVICE,"Large purchase on new device: $832.57 at LUXE ELECTRONICS OUTLET on device d_730432, 1.1h after it first appeared on this account (2026-07-12 16:59 UTC). That is 29x the account's median purchase of $28.88 over its 64 earlier purchases.",u_01915,2026-07-12T18:06:50Z,832.57,LUXE ELECTRONICS OUTLET,d_730432,
t_6d61a14c186a3f1b,LARGE_PURCHASE_ON_NEW_DEVICE,"Large purchase on new device: $456.50 at Apple on device d_730432, 1.5h after it first appeared on this account (2026-07-12 16:59 UTC). That is 16x the account's median purchase of $28.88 over its 64 earlier purchases.",u_01915,2026-07-12T18:31:50Z,456.5,Apple,d_730432,
t_46b743db481d752b,LARGE_PURCHASE_ON_NEW_DEVICE,"Large purchase on new device: $945.06 at GIFTCARDS EXPRESS on device d_730432, 3.0h after it first appeared on this account (2026-07-12 16:59 UTC). That is 33x the account's median purchase of $28.88 over its 64 earlier purchases.",u_01915,2026-07-12T19:57:50Z,945.06,GIFTCARDS EXPRESS,d_730432,
t_1b658f829cdb3a75,LARGE_PURCHASE_ON_NEW_DEVICE,"Large purchase on new device: $1,273.51 at Best Buy on device d_730432, 3.3h after it first appeared on this account (2026-07-12 16:59 UTC). That is 44x the account's median purchase of $28.88 over its 64 earlier purchases.",u_01915,2026-07-12T20:15:50Z,1273.51,Best Buy,d_730432,
t_1abe2f79c4f1e152,LARGE_PURCHASE_ON_NEW_DEVICE,"Large purchase on new device: $853.18 at LUXE ELECTRONICS OUTLET on device d_858104, its first transaction on this account (2026-07-13 01:00 UTC). That is 61x the account's median purchase of $13.98 over its 62 earlier purchases.",u_00785,2026-07-13T01:00:29Z,853.18,LUXE ELECTRONICS OUTLET,d_858104,
t_31ff3d9d2e0b38f7,LARGE_PURCHASE_ON_NEW_DEVICE,"Large purchase on new device: $573.21 at Best Buy on device d_858104, 1.1h after it first appeared on this account (2026-07-13 01:00 UTC). That is 41x the account's median purchase of $13.98 over its 62 earlier purchases.",u_00785,2026-07-13T02:05:29Z,573.21,Best Buy,d_858104,
t_717038f6521d35e9,LARGE_PURCHASE_ON_NEW_DEVICE,"Large purchase on new device: $1,678.96 at PREPAID DEPOT on device d_858104, 1.6h after it first appeared on this account (2026-07-13 01:00 UTC). That is 120x the account's median purchase of $13.98 over its 62 earlier purchases.",u_00785,2026-07-13T02:33:29Z,1678.96,PREPAID DEPOT,d_858104,
t_30f53e8199fbbd9e,LARGE_PURCHASE_ON_NEW_DEVICE,"Large purchase on new device: $839.95 at PREPAID DEPOT on device d_858104, 2.4h after it first appeared on this account (2026-07-13 01:00 UTC). That is 60x the account's median purchase of $13.98 over its 62 earlier purchases.",u_00785,2026-07-13T03:24:29Z,839.95,PREPAID DEPOT,d_858104,
t_7a110dde57fd991b,LARGE_PURCHASE_ON_NEW_DEVICE,"Large purchase on new device: $1,483.19 at LUXE ELECTRONICS OUTLET on device d_858104, 3.7h after it first appeared on this account (2026-07-13 01:00 UTC). That is 106x the account's median purchase of $13.98 over its 62 earlier purchases.",u_00785,2026-07-13T04:44:29Z,1483.19,LUXE ELECTRONICS OUTLET,d_858104,
t_2b1896e400b35fc7,LARGE_PURCHASE_ON_NEW_DEVICE,"Large purchase on new device: $1,058.01 at RESELL MARKET 24 on device d_858104, 4.1h after it first appeared on this account (2026-07-13 01:00 UTC). That is 76x the account's median purchase of $13.98 over its 62 earlier purchases.",u_00785,2026-07-13T05:08:29Z,1058.01,RESELL MARKET 24,d_858104,
t_11d36d09da4bfd1a,DEVICE_NEW_TO_MULTIPLE_ACCOUNTS,"Device new to multiple accounts: device d_832817 has been used by 8 accounts that had never used it before, starting 2026-06-18. One device operating several accounts points to an account-takeover ring or mule farm. This transaction: $305.39 at GIFTCARDS EXPRESS.",u_01301,2026-07-13T06:39:38Z,305.39,GIFTCARDS EXPRESS,d_832817,
t_2af4d9417ab1a5cc,LARGE_PURCHASE_ON_NEW_DEVICE,"Large purchase on new device: $824.53 at LUXE ELECTRONICS OUTLET on device d_754243, its first transaction on this account (2026-07-13 14:43 UTC). That is 6x the account's median purchase of $130.01 over its 65 earlier purchases.",u_00037,2026-07-13T14:43:43Z,824.53,LUXE ELECTRONICS OUTLET,d_754243,
t_08421627a4704344,DEVICE_NEW_TO_MULTIPLE_ACCOUNTS;LARGE_PURCHASE_ON_NEW_DEVICE,"Device new to multiple accounts: device d_832817 has been used by 9 accounts that had never used it before, starting 2026-06-18. One device operating several accounts points to an account-takeover ring or mule farm. This transaction: $234.18 at LUXE ELECTRONICS OUTLET. | Large purchase on new device: $234.18 at LUXE ELECTRONICS OUTLET on device d_832817, its first transaction on this account (2026-07-13 15:42 UTC). That is 9x the account's median purchase of $24.93 over its 953 earlier purchases.",u_00088,2026-07-13T15:42:51Z,234.18,LUXE ELECTRONICS OUTLET,d_832817,
t_6921f4cae1ddb7e8,LARGE_PURCHASE_ON_NEW_DEVICE,"Large purchase on new device: $1,114.56 at LUXE ELECTRONICS OUTLET on device d_754243, 1.2h after it first appeared on this account (2026-07-13 14:43 UTC). That is 9x the account's median purchase of $130.01 over its 65 earlier purchases.",u_00037,2026-07-13T15:57:43Z,1114.56,LUXE ELECTRONICS OUTLET,d_754243,
t_7d1fbcab92313e83,LARGE_PURCHASE_ON_NEW_DEVICE,"Large purchase on new device: $1,504.24 at GIFTCARDS EXPRESS on device d_754243, 2.4h after it first appeared on this account (2026-07-13 14:43 UTC). That is 12x the account's median purchase of $130.01 over its 65 earlier purchases.",u_00037,2026-07-13T17:06:43Z,1504.24,GIFTCARDS EXPRESS,d_754243,
t_0ccee32be830599b,LARGE_PURCHASE_ON_NEW_DEVICE,"Large purchase on new device: $1,618.91 at RESELL MARKET 24 on device d_754243, 3.7h after it first appeared on this account (2026-07-13 14:43 UTC). That is 12x the account's median purchase of $130.01 over its 65 earlier purchases.",u_00037,2026-07-13T18:27:43Z,1618.91,RESELL MARKET 24,d_754243,
t_6c17190268734497,DEVICE_NEW_TO_MULTIPLE_ACCOUNTS;LARGE_PURCHASE_ON_NEW_DEVICE,"Device new to multiple accounts: device d_832817 has been used by 9 accounts that had never used it before, starting 2026-06-18. One device operating several accounts points to an account-takeover ring or mule farm. This transaction: $318.73 at LUXE ELECTRONICS OUTLET. | Large purchase on new device: $318.73 at LUXE ELECTRONICS OUTLET on device d_832817, 12.4h after it first appeared on this account (2026-07-13 15:42 UTC). That is 13x the account's median purchase of $24.93 over its 953 earlier purchases.",u_00088,2026-07-14T04:07:33Z,318.73,LUXE ELECTRONICS OUTLET,d_832817,
t_53947499e15e495e,LARGE_PURCHASE_ON_NEW_DEVICE,"Large purchase on new device: $1,701.64 at Apple on device d_752324, its first transaction on this account (2026-07-14 11:35 UTC). That is 91x the account's median purchase of $18.73 over its 86 earlier purchases.",u_00311,2026-07-14T11:35:06Z,1701.64,Apple,d_752324,
t_16401693ed136e83,LARGE_PURCHASE_ON_NEW_DEVICE,"Large purchase on new device: $1,071.76 at JEWELRY WHOLESALE CO on device d_752324, 0.5h after it first appeared on this account (2026-07-14 11:35 UTC). That is 57x the account's median purchase of $18.73 over its 86 earlier purchases.",u_00311,2026-07-14T12:05:06Z,1071.76,JEWELRY WHOLESALE CO,d_752324,
t_65763ff2025f28ac,LARGE_PURCHASE_ON_NEW_DEVICE,"Large purchase on new device: $901.01 at RESELL MARKET 24 on device d_752324, 1.4h after it first appeared on this account (2026-07-14 11:35 UTC). That is 48x the account's median purchase of $18.73 over its 86 earlier purchases.",u_00311,2026-07-14T12:57:06Z,901.01,RESELL MARKET 24,d_752324,
t_2084be645c2c72ca,LARGE_PURCHASE_ON_NEW_DEVICE,"Large purchase on new device: $1,316.25 at RESELL MARKET 24 on device d_752324, 2.0h after it first appeared on this account (2026-07-14 11:35 UTC). That is 70x the account's median purchase of $18.73 over its 86 earlier purchases.",u_00311,2026-07-14T13:36:06Z,1316.25,RESELL MARKET 24,d_752324,
t_4bd5fa79be2e18b5,LARGE_PURCHASE_ON_NEW_DEVICE,"Large purchase on new device: $931.63 at PREPAID DEPOT on device d_752324, 3.2h after it first appeared on this account (2026-07-14 11:35 UTC). That is 50x the account's median purchase of $18.73 over its 86 earlier purchases.",u_00311,2026-07-14T14:49:06Z,931.63,PREPAID DEPOT,d_752324,
t_336cb0cf205e2e70,CARD_TESTING_BURST,Card-testing burst: 10 charges under $5 at 6 different merchants within 15 min ($32.25 so far). The burst ran to 19 charges and $65.79 by 16:15 UTC; its other charges are listed in related_txn_ids.,u_01595,2026-07-14T16:02:20Z,4.88,GAMETOP CREDITS,d_002228,t_2deee4ed443fb5f0;t_1706f52328b563e7;t_06c6dafc68dc928f;t_0c8c2b72c2e1541b;t_10ae098c93bf340d;t_2961e27ce258f0fb;t_3eb1f761f4f8c148;t_2b9f727f034838c9;t_12238f74b21f790b;t_53bc6785923e1d71;t_4817a0442e988a17;t_3fc46c25b72c8ba5;t_7b7a762c516a2ff7;t_25dc69d7fa85e5be;t_101bdd1127f2d74a;t_7dad521aa9b387ad;t_5de3be25476dfe2a;t_4ffa97113ef0c054
t_399c06534a401317,DEVICE_NEW_TO_MULTIPLE_ACCOUNTS,"Device new to multiple accounts: device d_832817 has been used by 9 accounts that had never used it before, starting 2026-06-18. One device operating several accounts points to an account-takeover ring or mule farm. This transaction: $118.24 at JEWELRY WHOLESALE CO.",u_00088,2026-07-14T18:23:10Z,118.24,JEWELRY WHOLESALE CO,d_832817,
t_72e316a273073260,DEVICE_NEW_TO_MULTIPLE_ACCOUNTS,"Device new to multiple accounts: device d_832817 has been used by 9 accounts that had never used it before, starting 2026-06-18. One device operating several accounts points to an account-takeover ring or mule farm. This transaction: $248.22 at LUXE ELECTRONICS OUTLET.",u_00088,2026-07-15T01:10:47Z,248.22,LUXE ELECTRONICS OUTLET,d_832817,
t_2d2b8f09f7576c76,CARD_TESTING_BURST,Card-testing burst: 10 charges under $5 at 7 different merchants within 13 min ($26.32 so far). The burst ran to 12 charges and $33.39 by 07:17 UTC; its other charges are listed in related_txn_ids.,u_01818,2026-07-15T07:13:02Z,4.92,WEBSERVICES PRO,d_002549,t_28cc1b82e131b394;t_4f287fff23b3b119;t_53115318a2fe74d0;t_324113ecee15c1ff;t_4f8afd8bdf255707;t_13fdb6437f1cc71b;t_6b44a3b6d0b40578;t_0cb7446df2bd203a;t_7a40c62d959f6c05;t_75ab4f7fa6e632ca;t_22c03fe267573bea
t_13e8abe53120644c,CARD_TESTING_BURST,Card-testing burst: 10 charges under $5 at 8 different merchants within 14 min ($14.86 so far). The burst ran to 14 charges and $26.04 by 07:43 UTC; its other charges are listed in related_txn_ids.,u_01374,2026-07-15T07:39:20Z,0.72,QUICKSUB.IO,d_001917,t_0b4099d5f9007f38;t_5ac3f7335a5927e7;t_050adb19b85c1fb1;t_533d6b6805fdd6ca;t_7a3d9827c6554c3e;t_2d093d99787810b0;t_46b9c2efa95e340d;t_3045cfff70851fd6;t_69012f001abd3b42;t_790edf191f0cb461;t_6f07a64c5f08f14e;t_4a8339b090472b68;t_04e34983138724dc
t_016a57a7df807985,DEVICE_NEW_TO_MULTIPLE_ACCOUNTS,"Device new to multiple accounts: device d_832817 has been used by 9 accounts that had never used it before, starting 2026-06-18. One device operating several accounts points to an account-takeover ring or mule farm. This transaction: $351.70 at LUXE ELECTRONICS OUTLET.",u_00088,2026-07-15T10:20:20Z,351.7,LUXE ELECTRONICS OUTLET,d_832817,
t_27bac7698fea26b2,DEVICE_NEW_TO_MULTIPLE_ACCOUNTS,"Device new to multiple accounts: device d_832817 has been used by 9 accounts that had never used it before, starting 2026-06-18. One device operating several accounts points to an account-takeover ring or mule farm. This transaction: $193.48 at RESELL MARKET 24.",u_00088,2026-07-15T14:30:50Z,193.48,RESELL MARKET 24,d_832817,
t_763978fc71bc8c88,DEVICE_NEW_TO_MULTIPLE_ACCOUNTS,"Device new to multiple accounts: device d_832817 has been used by 9 accounts that had never used it before, starting 2026-06-18. One device operating several accounts points to an account-takeover ring or mule farm. This transaction: $346.14 at JEWELRY WHOLESALE CO.",u_00088,2026-07-15T22:46:13Z,346.14,JEWELRY WHOLESALE CO,d_832817,
t_1e5b664e862f272f,LARGE_PURCHASE_ON_NEW_DEVICE,"Large purchase on new device: $504.52 at Apple on device d_871301, its first transaction on this account (2026-07-16 00:11 UTC). That is 20x the account's median purchase of $25.42 over its 69 earlier purchases.",u_01222,2026-07-16T00:11:01Z,504.52,Apple,d_871301,
t_6ae206f80ddf10ce,LARGE_PURCHASE_ON_NEW_DEVICE,"Large purchase on new device: $946.20 at Best Buy on device d_871301, 0.6h after it first appeared on this account (2026-07-16 00:11 UTC). That is 37x the account's median purchase of $25.42 over its 69 earlier purchases.",u_01222,2026-07-16T00:48:01Z,946.2,Best Buy,d_871301,
t_1c1d145a577f9952,LARGE_PURCHASE_ON_NEW_DEVICE,"Large purchase on new device: $1,747.65 at PREPAID DEPOT on device d_871301, 1.6h after it first appeared on this account (2026-07-16 00:11 UTC). That is 69x the account's median purchase of $25.42 over its 69 earlier purchases.",u_01222,2026-07-16T01:50:01Z,1747.65,PREPAID DEPOT,d_871301,
t_3642cb7a415455fc,CARD_TESTING_BURST,Card-testing burst: 10 charges under $5 at 7 different merchants within 16 min ($24.06 so far). The burst ran to 19 charges and $51.29 by 02:54 UTC; its other charges are listed in related_txn_ids.,u_01484,2026-07-16T02:38:44Z,3.26,CLOUDHOST BASIC,d_002070,t_552c56e1e0e8d300;t_7e015b5eb3e6e992;t_468db7cd90320899;t_7c825b169ff88e78;t_7cdf670a927aba5e;t_13a3dd51fe95a9f4;t_27fcb412ea12becb;t_5bc715459ac970c2;t_4879e36c1bbd53be;t_54b74c131d467e45;t_0f3d079105f93eac;t_27a6083a62d4f6bd;t_0d531168bc475fed;t_05c2ff9527f4dd70;t_5f0d4b25d69c0fd8;t_1068dfab8a09e92d;t_4fb20f52faebc724;t_0b7275a3f7eaeaa7
t_40781937c31dde67,LARGE_PURCHASE_ON_NEW_DEVICE,"Large purchase on new device: $663.74 at Best Buy on device d_871301, 3.0h after it first appeared on this account (2026-07-16 00:11 UTC). That is 26x the account's median purchase of $25.42 over its 69 earlier purchases.",u_01222,2026-07-16T03:14:01Z,663.74,Best Buy,d_871301,
t_6fc7739cbb1dc94e,LARGE_PURCHASE_ON_NEW_DEVICE,"Large purchase on new device: $330.63 at RESELL MARKET 24 on device d_871301, 4.2h after it first appeared on this account (2026-07-16 00:11 UTC). That is 13x the account's median purchase of $25.42 over its 69 earlier purchases.",u_01222,2026-07-16T04:23:01Z,330.63,RESELL MARKET 24,d_871301,
t_05a8d4da96a7c5c7,DEVICE_NEW_TO_MULTIPLE_ACCOUNTS;LARGE_PURCHASE_ON_NEW_DEVICE,"Device new to multiple accounts: device d_832817 has been used by 10 accounts that had never used it before, starting 2026-06-18. One device operating several accounts points to an account-takeover ring or mule farm. This transaction: $224.79 at LUXE ELECTRONICS OUTLET. | Large purchase on new device: $224.79 at LUXE ELECTRONICS OUTLET on device d_832817, its first transaction on this account (2026-07-16 06:17 UTC). That is 3x the account's median purchase of $65.79 over its 418 earlier purchases.",u_00255,2026-07-16T06:17:00Z,224.79,LUXE ELECTRONICS OUTLET,d_832817,
t_304f4d7541bc9c3e,LARGE_PURCHASE_ON_NEW_DEVICE,"Large purchase on new device: $1,694.71 at Best Buy on device d_839789, its first transaction on this account (2026-07-16 16:43 UTC). That is 73x the account's median purchase of $23.27 over its 81 earlier purchases.",u_00600,2026-07-16T16:43:28Z,1694.71,Best Buy,d_839789,
t_2c8faa6f5240cf60,LARGE_PURCHASE_ON_NEW_DEVICE,"Large purchase on new device: $577.93 at PREPAID DEPOT on device d_839789, 0.7h after it first appeared on this account (2026-07-16 16:43 UTC). That is 25x the account's median purchase of $23.27 over its 81 earlier purchases.",u_00600,2026-07-16T17:27:28Z,577.93,PREPAID DEPOT,d_839789,
t_3e1822b19e432989,LARGE_PURCHASE_ON_NEW_DEVICE,"Large purchase on new device: $621.94 at Apple on device d_839789, 2.1h after it first appeared on this account (2026-07-16 16:43 UTC). That is 27x the account's median purchase of $23.27 over its 81 earlier purchases.",u_00600,2026-07-16T18:48:28Z,621.94,Apple,d_839789,
t_6eb722a80e2c329e,LARGE_PURCHASE_ON_NEW_DEVICE,"Large purchase on new device: $1,253.58 at Apple on device d_839789, 3.1h after it first appeared on this account (2026-07-16 16:43 UTC). That is 54x the account's median purchase of $23.27 over its 81 earlier purchases.",u_00600,2026-07-16T19:50:28Z,1253.58,Apple,d_839789,
t_1643505b4db82427,LARGE_PURCHASE_ON_NEW_DEVICE,"Large purchase on new device: $1,285.53 at PREPAID DEPOT on device d_978745, its first transaction on this account (2026-07-16 20:29 UTC). That is 25x the account's median purchase of $51.74 over its 236 earlier purchases.",u_00491,2026-07-16T20:29:38Z,1285.53,PREPAID DEPOT,d_978745,
t_12bf2e28ceed4e83,DEVICE_NEW_TO_MULTIPLE_ACCOUNTS;LARGE_PURCHASE_ON_NEW_DEVICE,"Device new to multiple accounts: device d_832817 has been used by 10 accounts that had never used it before, starting 2026-06-18. One device operating several accounts points to an account-takeover ring or mule farm. This transaction: $430.54 at GIFTCARDS EXPRESS. | Large purchase on new device: $430.54 at GIFTCARDS EXPRESS on device d_832817, 14.6h after it first appeared on this account (2026-07-16 06:17 UTC). That is 7x the account's median purchase of $65.79 over its 418 earlier purchases.",u_00255,2026-07-16T20:52:57Z,430.54,GIFTCARDS EXPRESS,d_832817,
t_0a2802aee55e0949,LARGE_PURCHASE_ON_NEW_DEVICE,"Large purchase on new device: $673.69 at LUXE ELECTRONICS OUTLET on device d_839789, 4.3h after it first appeared on this account (2026-07-16 16:43 UTC). That is 29x the account's median purchase of $23.27 over its 81 earlier purchases.",u_00600,2026-07-16T21:04:28Z,673.69,LUXE ELECTRONICS OUTLET,d_839789,
t_1fce7f75c194e0ef,LARGE_PURCHASE_ON_NEW_DEVICE,"Large purchase on new device: $1,697.56 at Apple on device d_978745, 0.9h after it first appeared on this account (2026-07-16 20:29 UTC). That is 33x the account's median purchase of $51.74 over its 236 earlier purchases.",u_00491,2026-07-16T21:23:38Z,1697.56,Apple,d_978745,
t_732e04bacb1bc8ae,LARGE_PURCHASE_ON_NEW_DEVICE,"Large purchase on new device: $940.07 at LUXE ELECTRONICS OUTLET on device d_978745, 1.9h after it first appeared on this account (2026-07-16 20:29 UTC). That is 18x the account's median purchase of $51.74 over its 236 earlier purchases.",u_00491,2026-07-16T22:22:38Z,940.07,LUXE ELECTRONICS OUTLET,d_978745,
t_21d7cf97eabb9ca9,LARGE_PURCHASE_ON_NEW_DEVICE,"Large purchase on new device: $1,504.21 at RESELL MARKET 24 on device d_978745, 3.3h after it first appeared on this account (2026-07-16 20:29 UTC). That is 29x the account's median purchase of $51.74 over its 236 earlier purchases.",u_00491,2026-07-16T23:48:38Z,1504.21,RESELL MARKET 24,d_978745,
t_5ee12274f6848f31,LARGE_PURCHASE_ON_NEW_DEVICE,"Large purchase on new device: $1,511.88 at RESELL MARKET 24 on device d_741671, its first transaction on this account (2026-07-17 00:11 UTC). That is 96x the account's median purchase of $15.82 over its 293 earlier purchases.",u_01863,2026-07-17T00:11:45Z,1511.88,RESELL MARKET 24,d_741671,
t_3b796d666c60b741,LARGE_PURCHASE_ON_NEW_DEVICE,"Large purchase on new device: $942.57 at JEWELRY WHOLESALE CO on device d_741671, 0.1h after it first appeared on this account (2026-07-17 00:11 UTC). That is 60x the account's median purchase of $15.82 over its 293 earlier purchases.",u_01863,2026-07-17T00:18:45Z,942.57,JEWELRY WHOLESALE CO,d_741671,
t_75fe1d51a1fc518b,LARGE_PURCHASE_ON_NEW_DEVICE,"Large purchase on new device: $982.50 at PREPAID DEPOT on device d_741671, 1.1h after it first appeared on this account (2026-07-17 00:11 UTC). That is 62x the account's median purchase of $15.82 over its 293 earlier purchases.",u_01863,2026-07-17T01:14:45Z,982.5,PREPAID DEPOT,d_741671,
t_338b0a864269fdf3,LARGE_PURCHASE_ON_NEW_DEVICE,"Large purchase on new device: $1,008.75 at Best Buy on device d_741671, 2.2h after it first appeared on this account (2026-07-17 00:11 UTC). That is 64x the account's median purchase of $15.82 over its 293 earlier purchases.",u_01863,2026-07-17T02:26:45Z,1008.75,Best Buy,d_741671,
t_5cd6f250d43627e4,LARGE_PURCHASE_ON_NEW_DEVICE,"Large purchase on new device: $1,646.79 at LUXE ELECTRONICS OUTLET on device d_741671, 2.6h after it first appeared on this account (2026-07-17 00:11 UTC). That is 104x the account's median purchase of $15.82 over its 293 earlier purchases.",u_01863,2026-07-17T02:48:45Z,1646.79,LUXE ELECTRONICS OUTLET,d_741671,
t_2a71aba17c3ec7eb,LARGE_PURCHASE_ON_NEW_DEVICE,"Large purchase on new device: $1,440.47 at GIFTCARDS EXPRESS on device d_741671, 2.8h after it first appeared on this account (2026-07-17 00:11 UTC). That is 91x the account's median purchase of $15.82 over its 293 earlier purchases.",u_01863,2026-07-17T02:56:45Z,1440.47,GIFTCARDS EXPRESS,d_741671,
t_27b2bec6068b9eaf,CARD_TESTING_BURST,Card-testing burst: 10 charges under $5 at 6 different merchants within 13 min ($26.32 so far). The burst ran to 12 charges and $31.47 by 15:39 UTC; its other charges are listed in related_txn_ids.,u_00127,2026-07-17T15:36:44Z,2.18,CLOUDHOST BASIC,d_000178,t_1c3099b7cf9b7c57;t_767da804f3655172;t_285dad22d042fe57;t_27787936d6c4034f;t_0a60fbc1d02958c5;t_0e3703dd7510f553;t_392ff0059a3898c1;t_09f4484091eba6aa;t_7eb2144ea4379ed3;t_7d232d1cd68e8e16;t_0ddf611c7eae9f55
t_5b8faca2c15ec30d,DEVICE_NEW_TO_MULTIPLE_ACCOUNTS,"Device new to multiple accounts: device d_832817 has been used by 10 accounts that had never used it before, starting 2026-06-18. One device operating several accounts points to an account-takeover ring or mule farm. This transaction: $383.00 at LUXE ELECTRONICS OUTLET.",u_00255,2026-07-17T16:50:24Z,383.0,LUXE ELECTRONICS OUTLET,d_832817,
t_7babcca4fcb53c97,CARD_TESTING_BURST,Card-testing burst: 10 charges under $5 at 7 different merchants within 14 min ($32.82 so far). The burst ran to 21 charges and $67.70 by 21:05 UTC; its other charges are listed in related_txn_ids.,u_00828,2026-07-17T20:47:09Z,1.94,GLOBALPAY NET,d_001157,t_203adadf75e2cc9e;t_1078801e62796582;t_5f98b5ffc261f661;t_4008652926c30ff7;t_2149dda5b883cc20;t_053e96c0fac79ef5;t_072b1d1458b2dd8c;t_2b90075da4490d9b;t_095361e0f074c255;t_3c652359dc6d1068;t_097c661d2b491deb;t_3ded3f0615d5f223;t_25005a0110191ef2;t_10814b222d4ca302;t_7c0e41ecad446ce5;t_4724766d5be0c8c7;t_02bd20ddaeb40571;t_37923166a1e43959;t_6cd3e9428a68c644;t_65a7e38e2e49f99e
t_4a5cdea2c5da7bb1,LARGE_PURCHASE_ON_NEW_DEVICE,"Large purchase on new device: $694.76 at GIFTCARDS EXPRESS on device d_848085, its first transaction on this account (2026-07-17 21:14 UTC). That is 62x the account's median purchase of $11.17 over its 191 earlier purchases.",u_01369,2026-07-17T21:14:01Z,694.76,GIFTCARDS EXPRESS,d_848085,
t_67e0c8918b2fbff4,LARGE_PURCHASE_ON_NEW_DEVICE,"Large purchase on new device: $1,096.02 at RESELL MARKET 24 on device d_848085, 0.6h after it first appeared on this account (2026-07-17 21:14 UTC). That is 98x the account's median purchase of $11.17 over its 191 earlier purchases.",u_01369,2026-07-17T21:49:01Z,1096.02,RESELL MARKET 24,d_848085,
t_5361424bd02ed317,LARGE_PURCHASE_ON_NEW_DEVICE,"Large purchase on new device: $1,666.59 at LUXE ELECTRONICS OUTLET on device d_848085, 2.1h after it first appeared on this account (2026-07-17 21:14 UTC). That is 149x the account's median purchase of $11.17 over its 191 earlier purchases.",u_01369,2026-07-17T23:18:01Z,1666.59,LUXE ELECTRONICS OUTLET,d_848085,
t_6e80ae1147751cd9,DEVICE_NEW_TO_MULTIPLE_ACCOUNTS,"Device new to multiple accounts: device d_832817 has been used by 10 accounts that had never used it before, starting 2026-06-18. One device operating several accounts points to an account-takeover ring or mule farm. This transaction: $110.76 at LUXE ELECTRONICS OUTLET.",u_00255,2026-07-17T23:32:04Z,110.76,LUXE ELECTRONICS OUTLET,d_832817,
t_53389263edaa950e,LARGE_PURCHASE_ON_NEW_DEVICE,"Large purchase on new device: $865.32 at RESELL MARKET 24 on device d_737139, its first transaction on this account (2026-07-18 10:31 UTC). That is 17x the account's median purchase of $52.28 over its 136 earlier purchases.",u_00261,2026-07-18T10:31:12Z,865.32,RESELL MARKET 24,d_737139,
t_3283c75e8518dc98,LARGE_PURCHASE_ON_NEW_DEVICE,"Large purchase on new device: $1,289.51 at GIFTCARDS EXPRESS on device d_737139, 0.9h after it first appeared on this account (2026-07-18 10:31 UTC). That is 25x the account's median purchase of $52.28 over its 136 earlier purchases.",u_00261,2026-07-18T11:27:12Z,1289.51,GIFTCARDS EXPRESS,d_737139,
t_09ff8474cfbb6733,LARGE_PURCHASE_ON_NEW_DEVICE,"Large purchase on new device: $1,011.62 at GIFTCARDS EXPRESS on device d_737139, 2.3h after it first appeared on this account (2026-07-18 10:31 UTC). That is 19x the account's median purchase of $52.28 over its 136 earlier purchases.",u_00261,2026-07-18T12:49:12Z,1011.62,GIFTCARDS EXPRESS,d_737139,
t_4c08b8a97020b810,LARGE_PURCHASE_ON_NEW_DEVICE,"Large purchase on new device: $1,705.86 at JEWELRY WHOLESALE CO on device d_737139, 3.7h after it first appeared on this account (2026-07-18 10:31 UTC). That is 33x the account's median purchase of $52.28 over its 136 earlier purchases.",u_00261,2026-07-18T14:12:12Z,1705.86,JEWELRY WHOLESALE CO,d_737139,
t_239d645fc13a80c8,LARGE_PURCHASE_ON_NEW_DEVICE,"Large purchase on new device: $1,741.15 at PREPAID DEPOT on device d_737139, 4.4h after it first appeared on this account (2026-07-18 10:31 UTC). That is 33x the account's median purchase of $52.28 over its 136 earlier purchases.",u_00261,2026-07-18T14:54:12Z,1741.15,PREPAID DEPOT,d_737139,
t_0de52120f98ff47c,LARGE_PURCHASE_ON_NEW_DEVICE,"Large purchase on new device: $993.61 at RESELL MARKET 24 on device d_737139, 5.8h after it first appeared on this account (2026-07-18 10:31 UTC). That is 19x the account's median purchase of $52.28 over its 136 earlier purchases.",u_00261,2026-07-18T16:20:12Z,993.61,RESELL MARKET 24,d_737139,
t_04451c78fc2b0c07,LARGE_PURCHASE_ON_NEW_DEVICE,"Large purchase on new device: $1,658.73 at LUXE ELECTRONICS OUTLET on device d_773269, its first transaction on this account (2026-07-18 16:26 UTC). That is 77x the account's median purchase of $21.45 over its 133 earlier purchases.",u_00557,2026-07-18T16:26:49Z,1658.73,LUXE ELECTRONICS OUTLET,d_773269,
t_0ad7906e67459b1f,LARGE_PURCHASE_ON_NEW_DEVICE,"Large purchase on new device: $382.08 at RESELL MARKET 24 on device d_773269, 0.3h after it first appeared on this account (2026-07-18 16:26 UTC). That is 18x the account's median purchase of $21.45 over its 133 earlier purchases.",u_00557,2026-07-18T16:46:49Z,382.08,RESELL MARKET 24,d_773269,
t_30fa5727dc39e2c1,DEVICE_NEW_TO_MULTIPLE_ACCOUNTS,"Device new to multiple accounts: device d_832817 has been used by 10 accounts that had never used it before, starting 2026-06-18. One device operating several accounts points to an account-takeover ring or mule farm. This transaction: $270.92 at JEWELRY WHOLESALE CO.",u_00255,2026-07-18T17:05:20Z,270.92,JEWELRY WHOLESALE CO,d_832817,
t_3148913751c0f236,LARGE_PURCHASE_ON_NEW_DEVICE,"Large purchase on new device: $1,059.65 at Best Buy on device d_773269, 1.4h after it first appeared on this account (2026-07-18 16:26 UTC). That is 49x the account's median purchase of $21.45 over its 133 earlier purchases.",u_00557,2026-07-18T17:50:49Z,1059.65,Best Buy,d_773269,
t_3a24f492f1ba0697,LARGE_PURCHASE_ON_NEW_DEVICE,"Large purchase on new device: $930.77 at GIFTCARDS EXPRESS on device d_773269, 2.6h after it first appeared on this account (2026-07-18 16:26 UTC). That is 43x the account's median purchase of $21.45 over its 133 earlier purchases.",u_00557,2026-07-18T19:02:49Z,930.77,GIFTCARDS EXPRESS,d_773269,
t_491e71924bbd8900,LARGE_PURCHASE_ON_NEW_DEVICE,"Large purchase on new device: $1,386.87 at LUXE ELECTRONICS OUTLET on device d_773269, 3.3h after it first appeared on this account (2026-07-18 16:26 UTC). That is 65x the account's median purchase of $21.45 over its 133 earlier purchases.",u_00557,2026-07-18T19:43:49Z,1386.87,LUXE ELECTRONICS OUTLET,d_773269,
t_013a20ecb57a68a2,LARGE_PURCHASE_ON_NEW_DEVICE,"Large purchase on new device: $1,346.80 at Apple on device d_743104, its first transaction on this account (2026-07-18 20:06 UTC). That is 32x the account's median purchase of $41.48 over its 167 earlier purchases.",u_01626,2026-07-18T20:06:51Z,1346.8,Apple,d_743104,
t_52ec25c8a0179c48,LARGE_PURCHASE_ON_NEW_DEVICE,"Large purchase on new device: $984.00 at LUXE ELECTRONICS OUTLET on device d_743104, 0.4h after it first appeared on this account (2026-07-18 20:06 UTC). That is 24x the account's median purchase of $41.48 over its 167 earlier purchases.",u_01626,2026-07-18T20:31:51Z,984.0,LUXE ELECTRONICS OUTLET,d_743104,
t_0e76ceec46446aea,LARGE_PURCHASE_ON_NEW_DEVICE,"Large purchase on new device: $709.42 at JEWELRY WHOLESALE CO on device d_773269, 4.2h after it first appeared on this account (2026-07-18 16:26 UTC). That is 33x the account's median purchase of $21.45 over its 133 earlier purchases.",u_00557,2026-07-18T20:38:49Z,709.42,JEWELRY WHOLESALE CO,d_773269,
t_08a4a99d26370d62,DEVICE_NEW_TO_MULTIPLE_ACCOUNTS,"Device new to multiple accounts: device d_832817 has been used by 10 accounts that had never used it before, starting 2026-06-18. One device operating several accounts points to an account-takeover ring or mule farm. This transaction: $376.27 at PREPAID DEPOT.",u_00255,2026-07-18T21:26:28Z,376.27,PREPAID DEPOT,d_832817,
t_3ffc97899c6dfb62,LARGE_PURCHASE_ON_NEW_DEVICE,"Large purchase on new device: $860.05 at RESELL MARKET 24 on device d_937470, its first transaction on this account (2026-07-18 21:39 UTC). That is 55x the account's median purchase of $15.75 over its 172 earlier purchases.",u_01633,2026-07-18T21:39:16Z,860.05,RESELL MARKET 24,d_937470,
t_0276a736eb6b1163,LARGE_PURCHASE_ON_NEW_DEVICE,"Large purchase on new device: $498.05 at GIFTCARDS EXPRESS on device d_743104, 1.6h after it first appeared on this account (2026-07-18 20:06 UTC). That is 12x the account's median purchase of $41.48 over its 167 earlier purchases.",u_01626,2026-07-18T21:39:51Z,498.05,GIFTCARDS EXPRESS,d_743104,
t_35068f6e7791c13a,LARGE_PURCHASE_ON_NEW_DEVICE,"Large purchase on new device: $1,723.64 at Apple on device d_937470, 0.2h after it first appeared on this account (2026-07-18 21:39 UTC). That is 109x the account's median purchase of $15.75 over its 172 earlier purchases.",u_01633,2026-07-18T21:51:16Z,1723.64,Apple,d_937470,
t_6268b8e95df7cf97,LARGE_PURCHASE_ON_NEW_DEVICE,"Large purchase on new device: $1,788.48 at PREPAID DEPOT on device d_743104, 2.3h after it first appeared on this account (2026-07-18 20:06 UTC). That is 43x the account's median purchase of $41.48 over its 167 earlier purchases.",u_01626,2026-07-18T22:23:51Z,1788.48,PREPAID DEPOT,d_743104,
t_53f8f2e20e30d3f8,LARGE_PURCHASE_ON_NEW_DEVICE,"Large purchase on new device: $606.65 at Apple on device d_937470, 1.6h after it first appeared on this account (2026-07-18 21:39 UTC). That is 39x the account's median purchase of $15.75 over its 172 earlier purchases.",u_01633,2026-07-18T23:15:16Z,606.65,Apple,d_937470,
t_65eb0f0642bffc3e,LARGE_PURCHASE_ON_NEW_DEVICE,"Large purchase on new device: $634.67 at GIFTCARDS EXPRESS on device d_743104, 3.3h after it first appeared on this account (2026-07-18 20:06 UTC). That is 15x the account's median purchase of $41.48 over its 167 earlier purchases.",u_01626,2026-07-18T23:26:51Z,634.67,GIFTCARDS EXPRESS,d_743104,
t_4daa836fc08e53fb,LARGE_PURCHASE_ON_NEW_DEVICE,"Large purchase on new device: $1,619.66 at Best Buy on device d_937470, 2.8h after it first appeared on this account (2026-07-18 21:39 UTC). That is 103x the account's median purchase of $15.75 over its 172 earlier purchases.",u_01633,2026-07-19T00:24:16Z,1619.66,Best Buy,d_937470,
t_550727533b833559,LARGE_PURCHASE_ON_NEW_DEVICE,"Large purchase on new device: $1,176.21 at LUXE ELECTRONICS OUTLET on device d_937470, 3.1h after it first appeared on this account (2026-07-18 21:39 UTC). That is 75x the account's median purchase of $15.75 over its 172 earlier purchases.",u_01633,2026-07-19T00:43:16Z,1176.21,LUXE ELECTRONICS OUTLET,d_937470,
t_6586218785d9e037,LARGE_PURCHASE_ON_NEW_DEVICE,"Large purchase on new device: $753.02 at LUXE ELECTRONICS OUTLET on device d_937470, 3.3h after it first appeared on this account (2026-07-18 21:39 UTC). That is 48x the account's median purchase of $15.75 over its 172 earlier purchases.",u_01633,2026-07-19T00:57:16Z,753.02,LUXE ELECTRONICS OUTLET,d_937470,
t_409607d8296ec22a,LARGE_PURCHASE_ON_NEW_DEVICE,"Large purchase on new device: $554.19 at RESELL MARKET 24 on device d_752033, its first transaction on this account (2026-07-19 13:58 UTC). That is 14x the account's median purchase of $39.41 over its 146 earlier purchases.",u_00636,2026-07-19T13:58:02Z,554.19,RESELL MARKET 24,d_752033,
t_65a826d872ed5ea4,LARGE_PURCHASE_ON_NEW_DEVICE,"Large purchase on new device: $1,797.78 at JEWELRY WHOLESALE CO on device d_752033, 0.1h after it first appeared on this account (2026-07-19 13:58 UTC). That is 46x the account's median purchase of $39.41 over its 146 earlier purchases.",u_00636,2026-07-19T14:03:02Z,1797.78,JEWELRY WHOLESALE CO,d_752033,
t_27870825673132dc,DEVICE_NEW_TO_MULTIPLE_ACCOUNTS,"Device new to multiple accounts: device d_832817 has been used by 10 accounts that had never used it before, starting 2026-06-18. One device operating several accounts points to an account-takeover ring or mule farm. This transaction: $272.29 at GIFTCARDS EXPRESS.",u_00255,2026-07-19T14:58:32Z,272.29,GIFTCARDS EXPRESS,d_832817,
t_1d0eb87d907e4cc2,LARGE_PURCHASE_ON_NEW_DEVICE,"Large purchase on new device: $1,217.79 at LUXE ELECTRONICS OUTLET on device d_752033, 1.6h after it first appeared on this account (2026-07-19 13:58 UTC). That is 31x the account's median purchase of $39.41 over its 146 earlier purchases.",u_00636,2026-07-19T15:31:02Z,1217.79,LUXE ELECTRONICS OUTLET,d_752033,
t_297d60609df20518,LARGE_PURCHASE_ON_NEW_DEVICE,"Large purchase on new device: $1,644.83 at PREPAID DEPOT on device d_752033, 2.6h after it first appeared on this account (2026-07-19 13:58 UTC). That is 42x the account's median purchase of $39.41 over its 146 earlier purchases.",u_00636,2026-07-19T16:36:02Z,1644.83,PREPAID DEPOT,d_752033,
t_029413f813eb066a,CARD_TESTING_BURST,Card-testing burst: 10 charges under $5 at 6 different merchants within 11 min ($20.27 so far). The burst ran to 18 charges and $38.66 by 21:51 UTC; its other charges are listed in related_txn_ids.,u_00776,2026-07-19T21:43:06Z,2.65,CLOUDHOST BASIC,d_001084,t_19505db7552797b0;t_042148a395ba948d;t_142d3881262ee64d;t_6f3c3c077ecc1cbd;t_4e13cc06b7b8bcd1;t_1084d86761aebf0d;t_2fcdcb99f7257dd2;t_71fb7800cbf6b89d;t_561efc507bf39bfd;t_6e91335510164855;t_513f7db6261a49b7;t_4378ee78ab438ebe;t_695d85da5c0947a8;t_72198bbe8f8650fc;t_103e1a787ea9ceda;t_269bbafca3feee38;t_0a1486aa62afc2be
t_6b23b121bb8e8aad,LARGE_PURCHASE_ON_NEW_DEVICE,"Large purchase on new device: $866.08 at Best Buy on device d_768933, its first transaction on this account (2026-07-19 22:15 UTC). That is 36x the account's median purchase of $23.91 over its 74 earlier purchases.",u_01847,2026-07-19T22:15:47Z,866.08,Best Buy,d_768933,
t_7420479ea7da749e,LARGE_PURCHASE_ON_NEW_DEVICE,"Large purchase on new device: $737.45 at Best Buy on device d_768933, 1.3h after it first appeared on this account (2026-07-19 22:15 UTC). That is 31x the account's median purchase of $23.91 over its 74 earlier purchases.",u_01847,2026-07-19T23:31:47Z,737.45,Best Buy,d_768933,
t_4afd7737dd5472b7,LARGE_PURCHASE_ON_NEW_DEVICE,"Large purchase on new device: $1,605.09 at LUXE ELECTRONICS OUTLET on device d_768933, 1.4h after it first appeared on this account (2026-07-19 22:15 UTC). That is 67x the account's median purchase of $23.91 over its 74 earlier purchases.",u_01847,2026-07-19T23:38:47Z,1605.09,LUXE ELECTRONICS OUTLET,d_768933,
t_1cb935804fe217f0,CARD_TESTING_BURST,Card-testing burst: 10 charges under $5 at 7 different merchants within 13 min ($26.94 so far). The burst ran to 25 charges and $67.60 by 01:15 UTC; its other charges are listed in related_txn_ids.,u_00771,2026-07-20T00:49:59Z,4.24,QUICKSUB.IO,d_001076,t_10a59364e26befdc;t_4ce38eaf77576936;t_74976a738c3862f7;t_58a34f432006bb36;t_45efd96fd1d0a0f7;t_697f2f1538ce8ab0;t_3316039dc63ef05c;t_3aacd22be56c4210;t_2b6cc524ed684b01;t_6a8c51bf12c15fdf;t_0710be1051dc4f9e;t_6b930c9879872a34;t_3d0ce4d038521673;t_786da618955f1758;t_1afc8f7d0548440c;t_25cc464bad57c52b;t_05f7b466eb70a121;t_56b17a549ae93fc0;t_3bd967ccc3a69ed0;t_1831170e6cdfc76e;t_3e1ceea0595d837c;t_7d6c8553f83e9a99;t_4efec2bd145e41c8;t_516c2bbe1b697848
t_2700268bd38b149d,DEVICE_NEW_TO_MULTIPLE_ACCOUNTS;LARGE_PURCHASE_ON_NEW_DEVICE,"Device new to multiple accounts: device d_832817 has been used by 11 accounts that had never used it before, starting 2026-06-18. One device operating several accounts points to an account-takeover ring or mule farm. This transaction: $385.69 at PREPAID DEPOT. | Large purchase on new device: $385.69 at PREPAID DEPOT on device d_832817, its first transaction on this account (2026-07-20 06:14 UTC). That is 3x the account's median purchase of $111.09 over its 114 earlier purchases.",u_00390,2026-07-20T06:14:22Z,385.69,PREPAID DEPOT,d_832817,
t_54746f069f47846d,LARGE_PURCHASE_ON_NEW_DEVICE,"Large purchase on new device: $1,063.84 at Apple on device d_726059, its first transaction on this account (2026-07-20 07:26 UTC). That is 78x the account's median purchase of $13.58 over its 100 earlier purchases.",u_00676,2026-07-20T07:26:28Z,1063.84,Apple,d_726059,
t_4148466023fbba20,LARGE_PURCHASE_ON_NEW_DEVICE,"Large purchase on new device: $946.71 at Best Buy on device d_726059, 0.6h after it first appeared on this account (2026-07-20 07:26 UTC). That is 70x the account's median purchase of $13.58 over its 100 earlier purchases.",u_00676,2026-07-20T08:04:28Z,946.71,Best Buy,d_726059,
t_3d99653458d32b53,LARGE_PURCHASE_ON_NEW_DEVICE,"Large purchase on new device: $1,213.10 at GIFTCARDS EXPRESS on device d_726059, 1.4h after it first appeared on this account (2026-07-20 07:26 UTC). That is 89x the account's median purchase of $13.58 over its 100 earlier purchases.",u_00676,2026-07-20T08:47:28Z,1213.1,GIFTCARDS EXPRESS,d_726059,
t_5d0532321ca69404,LARGE_PURCHASE_ON_NEW_DEVICE,"Large purchase on new device: $687.08 at Apple on device d_710585, its first transaction on this account (2026-07-20 13:31 UTC). That is 24x the account's median purchase of $29.00 over its 204 earlier purchases.",u_01421,2026-07-20T13:31:47Z,687.08,Apple,d_710585,
t_088f0811d8ec9bc7,LARGE_PURCHASE_ON_NEW_DEVICE,"Large purchase on new device: $841.91 at JEWELRY WHOLESALE CO on device d_710585, 1.5h after it first appeared on this account (2026-07-20 13:31 UTC). That is 29x the account's median purchase of $29.00 over its 204 earlier purchases.",u_01421,2026-07-20T14:59:47Z,841.91,JEWELRY WHOLESALE CO,d_710585,
t_78e40dabc3b30fb1,LARGE_PURCHASE_ON_NEW_DEVICE,"Large purchase on new device: $453.89 at LUXE ELECTRONICS OUTLET on device d_788486, its first transaction on this account (2026-07-20 15:01 UTC). That is 10x the account's median purchase of $45.11 over its 124 earlier purchases.",u_00801,2026-07-20T15:01:17Z,453.89,LUXE ELECTRONICS OUTLET,d_788486,
t_31f1eba2cc71fc0b,LARGE_PURCHASE_ON_NEW_DEVICE,"Large purchase on new device: $1,493.41 at Best Buy on device d_788486, 0.3h after it first appeared on this account (2026-07-20 15:01 UTC). That is 33x the account's median purchase of $45.11 over its 124 earlier purchases.",u_00801,2026-07-20T15:18:17Z,1493.41,Best Buy,d_788486,
t_3c4171ea470ee3fc,LARGE_PURCHASE_ON_NEW_DEVICE,"Large purchase on new device: $1,435.56 at Apple on device d_788486, 0.6h after it first appeared on this account (2026-07-20 15:01 UTC). That is 32x the account's median purchase of $45.11 over its 124 earlier purchases.",u_00801,2026-07-20T15:37:17Z,1435.56,Apple,d_788486,
t_1aa7a1f9dc8db37c,LARGE_PURCHASE_ON_NEW_DEVICE,"Large purchase on new device: $1,382.10 at Apple on device d_710585, 2.2h after it first appeared on this account (2026-07-20 13:31 UTC). That is 48x the account's median purchase of $29.00 over its 204 earlier purchases.",u_01421,2026-07-20T15:41:47Z,1382.1,Apple,d_710585,
t_131f2c1b6282eb65,LARGE_PURCHASE_ON_NEW_DEVICE,"Large purchase on new device: $1,161.41 at JEWELRY WHOLESALE CO on device d_788486, 1.1h after it first appeared on this account (2026-07-20 15:01 UTC). That is 26x the account's median purchase of $45.11 over its 124 earlier purchases.",u_00801,2026-07-20T16:04:17Z,1161.41,JEWELRY WHOLESALE CO,d_788486,
t_2066166e04f93ed6,LARGE_PURCHASE_ON_NEW_DEVICE,"Large purchase on new device: $1,711.63 at RESELL MARKET 24 on device d_710585, 2.8h after it first appeared on this account (2026-07-20 13:31 UTC). That is 59x the account's median purchase of $29.00 over its 204 earlier purchases.",u_01421,2026-07-20T16:17:47Z,1711.63,RESELL MARKET 24,d_710585,
t_3784acacb8b9f8d8,LARGE_PURCHASE_ON_NEW_DEVICE,"Large purchase on new device: $1,425.19 at LUXE ELECTRONICS OUTLET on device d_788486, 2.5h after it first appeared on this account (2026-07-20 15:01 UTC). That is 32x the account's median purchase of $45.11 over its 124 earlier purchases.",u_00801,2026-07-20T17:29:17Z,1425.19,LUXE ELECTRONICS OUTLET,d_788486,
t_0378b5de488d4d8e,LARGE_PURCHASE_ON_NEW_DEVICE,"Large purchase on new device: $942.32 at RESELL MARKET 24 on device d_788486, 3.2h after it first appeared on this account (2026-07-20 15:01 UTC). That is 21x the account's median purchase of $45.11 over its 124 earlier purchases.",u_00801,2026-07-20T18:13:17Z,942.32,RESELL MARKET 24,d_788486,
t_060820278b42b9ec,DEVICE_NEW_TO_MULTIPLE_ACCOUNTS,"Device new to multiple accounts: device d_832817 has been used by 11 accounts that had never used it before, starting 2026-06-18. One device operating several accounts points to an account-takeover ring or mule farm. This transaction: $317.51 at PREPAID DEPOT.",u_00390,2026-07-20T21:46:18Z,317.51,PREPAID DEPOT,d_832817,
t_4360f665da1927b1,LARGE_PURCHASE_ON_NEW_DEVICE,"Large purchase on new device: $460.20 at Best Buy on device d_808534, its first transaction on this account (2026-07-21 10:52 UTC). That is 14x the account's median purchase of $33.66 over its 307 earlier purchases.",u_01040,2026-07-21T10:52:14Z,460.2,Best Buy,d_808534,
t_0547f08089839e5b,LARGE_PURCHASE_ON_NEW_DEVICE,"Large purchase on new device: $1,277.97 at Best Buy on device d_808534, 0.8h after it first appeared on this account (2026-07-21 10:52 UTC). That is 38x the account's median purchase of $33.66 over its 307 earlier purchases.",u_01040,2026-07-21T11:39:14Z,1277.97,Best Buy,d_808534,
t_111f4b2454178c37,LARGE_PURCHASE_ON_NEW_DEVICE,"Large purchase on new device: $548.74 at LUXE ELECTRONICS OUTLET on device d_808534, 1.4h after it first appeared on this account (2026-07-21 10:52 UTC). That is 16x the account's median purchase of $33.66 over its 307 earlier purchases.",u_01040,2026-07-21T12:18:14Z,548.74,LUXE ELECTRONICS OUTLET,d_808534,
t_1fbd11bd70ae895b,LARGE_PURCHASE_ON_NEW_DEVICE,"Large purchase on new device: $270.86 at GIFTCARDS EXPRESS on device d_847598, its first transaction on this account (2026-07-21 13:50 UTC). That is 21x the account's median purchase of $13.04 over its 475 earlier purchases.",u_00327,2026-07-21T13:50:24Z,270.86,GIFTCARDS EXPRESS,d_847598,
t_378e29f4e54b84f7,LARGE_PURCHASE_ON_NEW_DEVICE,"Large purchase on new device: $271.97 at PREPAID DEPOT on device d_931250, its first transaction on this account (2026-07-21 15:00 UTC). That is 5x the account's median purchase of $52.48 over its 420 earlier purchases.",u_01778,2026-07-21T15:00:43Z,271.97,PREPAID DEPOT,d_931250,
t_4e4c735d4ce3b722,DEVICE_NEW_TO_MULTIPLE_ACCOUNTS,"Device new to multiple accounts: device d_832817 has been used by 11 accounts that had never used it before, starting 2026-06-18. One device operating several accounts points to an account-takeover ring or mule farm. This transaction: $136.15 at GIFTCARDS EXPRESS.",u_00390,2026-07-21T15:03:41Z,136.15,GIFTCARDS EXPRESS,d_832817,
t_32b343ee3e57be8b,DEVICE_NEW_TO_MULTIPLE_ACCOUNTS,"Device new to multiple accounts: device d_832817 has been used by 11 accounts that had never used it before, starting 2026-06-18. One device operating several accounts points to an account-takeover ring or mule farm. This transaction: $231.28 at PREPAID DEPOT.",u_00390,2026-07-21T23:26:09Z,231.28,PREPAID DEPOT,d_832817,
t_75fe4a0ea72dab5d,LARGE_PURCHASE_ON_NEW_DEVICE,"Large purchase on new device: $253.99 at GIFTCARDS EXPRESS on device d_931250, 10.9h after it first appeared on this account (2026-07-21 15:00 UTC). That is 5x the account's median purchase of $52.48 over its 420 earlier purchases.",u_01778,2026-07-22T01:53:29Z,253.99,GIFTCARDS EXPRESS,d_931250,
t_3d6bf427144ffeed,LARGE_PURCHASE_ON_NEW_DEVICE,"Large purchase on new device: $347.35 at JEWELRY WHOLESALE CO on device d_847598, 14.5h after it first appeared on this account (2026-07-21 13:50 UTC). That is 27x the account's median purchase of $13.04 over its 475 earlier purchases.",u_00327,2026-07-22T04:19:08Z,347.35,JEWELRY WHOLESALE CO,d_847598,
t_46d7bbbf7d8aa0d9,LARGE_PURCHASE_ON_NEW_DEVICE,"Large purchase on new device: $1,435.08 at RESELL MARKET 24 on device d_815031, its first transaction on this account (2026-07-22 06:26 UTC). That is 43x the account's median purchase of $33.65 over its 244 earlier purchases.",u_00215,2026-07-22T06:26:49Z,1435.08,RESELL MARKET 24,d_815031,
t_350a086c349fc717,LARGE_PURCHASE_ON_NEW_DEVICE,"Large purchase on new device: $84.80 at PREPAID DEPOT on device d_847598, 16.7h after it first appeared on this account (2026-07-21 13:50 UTC). That is 7x the account's median purchase of $13.04 over its 475 earlier purchases.",u_00327,2026-07-22T06:34:47Z,84.8,PREPAID DEPOT,d_847598,
t_4719d4b16bc81d0a,LARGE_PURCHASE_ON_NEW_DEVICE,"Large purchase on new device: $1,755.59 at LUXE ELECTRONICS OUTLET on device d_815031, 0.6h after it first appeared on this account (2026-07-22 06:26 UTC). That is 52x the account's median purchase of $33.65 over its 244 earlier purchases.",u_00215,2026-07-22T06:59:49Z,1755.59,LUXE ELECTRONICS OUTLET,d_815031,
t_6908733509a5ba00,LARGE_PURCHASE_ON_NEW_DEVICE,"Large purchase on new device: $1,132.59 at LUXE ELECTRONICS OUTLET on device d_815031, 1.9h after it first appeared on this account (2026-07-22 06:26 UTC). That is 34x the account's median purchase of $33.65 over its 244 earlier purchases.",u_00215,2026-07-22T08:22:49Z,1132.59,LUXE ELECTRONICS OUTLET,d_815031,
t_33172c64eaf6c4f2,LARGE_PURCHASE_ON_NEW_DEVICE,"Large purchase on new device: $1,781.46 at GIFTCARDS EXPRESS on device d_815031, 3.4h after it first appeared on this account (2026-07-22 06:26 UTC). That is 53x the account's median purchase of $33.65 over its 244 earlier purchases.",u_00215,2026-07-22T09:47:49Z,1781.46,GIFTCARDS EXPRESS,d_815031,
t_3743709201ec9e31,LARGE_PURCHASE_ON_NEW_DEVICE,"Large purchase on new device: $581.30 at PREPAID DEPOT on device d_815031, 4.1h after it first appeared on this account (2026-07-22 06:26 UTC). That is 17x the account's median purchase of $33.65 over its 244 earlier purchases.",u_00215,2026-07-22T10:32:49Z,581.3,PREPAID DEPOT,d_815031,
t_7ec5527f335625a8,LARGE_PURCHASE_ON_NEW_DEVICE,"Large purchase on new device: $1,333.79 at Apple on device d_815031, 4.5h after it first appeared on this account (2026-07-22 06:26 UTC). That is 40x the account's median purchase of $33.65 over its 244 earlier purchases.",u_00215,2026-07-22T10:53:49Z,1333.79,Apple,d_815031,
t_22114e87bfc88c1f,LARGE_PURCHASE_ON_NEW_DEVICE,"Large purchase on new device: $191.63 at RESELL MARKET 24 on device d_931250, 23.5h after it first appeared on this account (2026-07-21 15:00 UTC). That is 4x the account's median purchase of $52.48 over its 420 earlier purchases.",u_01778,2026-07-22T14:32:15Z,191.63,RESELL MARKET 24,d_931250,
t_301c3910f3dc82f6,DEVICE_NEW_TO_MULTIPLE_ACCOUNTS,"Device new to multiple accounts: device d_832817 has been used by 11 accounts that had never used it before, starting 2026-06-18. One device operating several accounts points to an account-takeover ring or mule farm. This transaction: $152.90 at LUXE ELECTRONICS OUTLET.",u_00390,2026-07-22T15:06:34Z,152.9,LUXE ELECTRONICS OUTLET,d_832817,
t_2eeb7f9f8628baf3,DEVICE_NEW_TO_MULTIPLE_ACCOUNTS,"Device new to multiple accounts: device d_832817 has been used by 11 accounts that had never used it before, starting 2026-06-18. One device operating several accounts points to an account-takeover ring or mule farm. This transaction: $412.13 at PREPAID DEPOT.",u_00390,2026-07-23T02:24:19Z,412.13,PREPAID DEPOT,d_832817,
t_2d4e00228d86a9b9,DEVICE_NEW_TO_MULTIPLE_ACCOUNTS,"Device new to multiple accounts: device d_931250 has been used by 2 accounts that had never used it before, starting 2026-07-21. One device operating several accounts points to an account-takeover ring or mule farm. This transaction: $180.38 at RESELL MARKET 24.",u_00465,2026-07-23T07:36:08Z,180.38,RESELL MARKET 24,d_931250,
t_4bb82736139ce2d4,DEVICE_NEW_TO_MULTIPLE_ACCOUNTS;LARGE_PURCHASE_ON_NEW_DEVICE,"Device new to multiple accounts: device d_847598 has been used by 2 accounts that had never used it before, starting 2026-07-21. One device operating several accounts points to an account-takeover ring or mule farm. This transaction: $419.40 at JEWELRY WHOLESALE CO. | Large purchase on new device: $419.40 at JEWELRY WHOLESALE CO on device d_847598, its first transaction on this account (2026-07-23 10:07 UTC). That is 12x the account's median purchase of $35.62 over its 681 earlier purchases.",u_00073,2026-07-23T10:07:11Z,419.4,JEWELRY WHOLESALE CO,d_847598,
t_157f2bdf55fd3ee1,DEVICE_NEW_TO_MULTIPLE_ACCOUNTS,"Device new to multiple accounts: device d_832817 has been used by 11 accounts that had never used it before, starting 2026-06-18. One device operating several accounts points to an account-takeover ring or mule farm. This transaction: $274.03 at LUXE ELECTRONICS OUTLET.",u_00390,2026-07-23T18:59:07Z,274.03,LUXE ELECTRONICS OUTLET,d_832817,
t_63edc4fc694b1f0f,CARD_TESTING_BURST,Card-testing burst: 10 charges under $5 at 6 different merchants within 16 min ($26.18 so far). The burst ran to 22 charges and $63.19 by 20:49 UTC; its other charges are listed in related_txn_ids.,u_00902,2026-07-23T20:26:42Z,4.21,VPN-SECURE LTD,d_001261,t_0b826db7e007c05c;t_66e37329e61c781c;t_1138006de9a5b412;t_6739ec6edb5241fd;t_706e61cd4406e867;t_61a9335c54fb23bb;t_1309a5fcd872f0ef;t_147f7087ff57520d;t_5deb7de119c38be6;t_46c2ce96213f41ef;t_4a7320bed54f1734;t_50ca827fe0bfb1eb;t_0d6594864f6ef8d1;t_2aa787a193a14885;t_4fd10fb8f2a9dc27;t_0c61e8e6ac3b374b;t_4067b11b863a5a69;t_1a1d9f3dd485d82c;t_593df924908f5733;t_62d2f07be328e94b;t_0088b7a9c3936db9
t_260e18ee8a50f7b4,DEVICE_NEW_TO_MULTIPLE_ACCOUNTS;LARGE_PURCHASE_ON_NEW_DEVICE,"Device new to multiple accounts: device d_832817 has been used by 12 accounts that had never used it before, starting 2026-06-18. One device operating several accounts points to an account-takeover ring or mule farm. This transaction: $392.73 at JEWELRY WHOLESALE CO. | Large purchase on new device: $392.73 at JEWELRY WHOLESALE CO on device d_832817, its first transaction on this account (2026-07-23 21:57 UTC). That is 24x the account's median purchase of $16.12 over its 236 earlier purchases.",u_00515,2026-07-23T21:57:35Z,392.73,JEWELRY WHOLESALE CO,d_832817,
t_67478725604e0b6b,DEVICE_NEW_TO_MULTIPLE_ACCOUNTS,"Device new to multiple accounts: device d_931250 has been used by 2 accounts that had never used it before, starting 2026-07-21. One device operating several accounts points to an account-takeover ring or mule farm. This transaction: $125.53 at RESELL MARKET 24.",u_00465,2026-07-24T03:33:19Z,125.53,RESELL MARKET 24,d_931250,
t_7f821d02aa166b74,LARGE_PURCHASE_ON_NEW_DEVICE,"Large purchase on new device: $1,524.43 at LUXE ELECTRONICS OUTLET on device d_709067, its first transaction on this account (2026-07-24 03:34 UTC). That is 62x the account's median purchase of $24.62 over its 138 earlier purchases.",u_00686,2026-07-24T03:34:29Z,1524.43,LUXE ELECTRONICS OUTLET,d_709067,
t_1176b88214a841f6,DEVICE_NEW_TO_MULTIPLE_ACCOUNTS;LARGE_PURCHASE_ON_NEW_DEVICE,"Device new to multiple accounts: device d_847598 has been used by 2 accounts that had never used it before, starting 2026-07-21. One device operating several accounts points to an account-takeover ring or mule farm. This transaction: $332.70 at LUXE ELECTRONICS OUTLET. | Large purchase on new device: $332.70 at LUXE ELECTRONICS OUTLET on device d_847598, 18.2h after it first appeared on this account (2026-07-23 10:07 UTC). That is 9x the account's median purchase of $35.62 over its 681 earlier purchases.",u_00073,2026-07-24T04:16:21Z,332.7,LUXE ELECTRONICS OUTLET,d_847598,
t_07cf9396780a75db,LARGE_PURCHASE_ON_NEW_DEVICE,"Large purchase on new device: $1,753.17 at Apple on device d_709067, 1.4h after it first appeared on this account (2026-07-24 03:34 UTC). That is 71x the account's median purchase of $24.62 over its 138 earlier purchases.",u_00686,2026-07-24T04:58:29Z,1753.17,Apple,d_709067,
t_2d753df81f073242,LARGE_PURCHASE_ON_NEW_DEVICE,"Large purchase on new device: $1,138.73 at GIFTCARDS EXPRESS on device d_709067, 2.2h after it first appeared on this account (2026-07-24 03:34 UTC). That is 46x the account's median purchase of $24.62 over its 138 earlier purchases.",u_00686,2026-07-24T05:46:29Z,1138.73,GIFTCARDS EXPRESS,d_709067,
t_3c1231645485f464,LARGE_PURCHASE_ON_NEW_DEVICE,"Large purchase on new device: $759.64 at Best Buy on device d_709067, 2.4h after it first appeared on this account (2026-07-24 03:34 UTC). That is 31x the account's median purchase of $24.62 over its 138 earlier purchases.",u_00686,2026-07-24T06:00:29Z,759.64,Best Buy,d_709067,
t_0e2daf4f467d593e,LARGE_PURCHASE_ON_NEW_DEVICE,"Large purchase on new device: $1,602.42 at GIFTCARDS EXPRESS on device d_709067, 2.7h after it first appeared on this account (2026-07-24 03:34 UTC). That is 65x the account's median purchase of $24.62 over its 138 earlier purchases.",u_00686,2026-07-24T06:18:29Z,1602.42,GIFTCARDS EXPRESS,d_709067,
t_28e24ca99626f975,LARGE_PURCHASE_ON_NEW_DEVICE,"Large purchase on new device: $674.32 at LUXE ELECTRONICS OUTLET on device d_709067, 4.1h after it first appeared on this account (2026-07-24 03:34 UTC). That is 27x the account's median purchase of $24.62 over its 138 earlier purchases.",u_00686,2026-07-24T07:42:29Z,674.32,LUXE ELECTRONICS OUTLET,d_709067,
t_0155f024250fcbcf,DEVICE_NEW_TO_MULTIPLE_ACCOUNTS,"Device new to multiple accounts: device d_931250 has been used by 2 accounts that had never used it before, starting 2026-07-21. One device operating several accounts points to an account-takeover ring or mule farm. This transaction: $210.69 at PREPAID DEPOT.",u_00465,2026-07-24T09:36:01Z,210.69,PREPAID DEPOT,d_931250,
t_6c3dc3ff705a5728,DEVICE_NEW_TO_MULTIPLE_ACCOUNTS;LARGE_PURCHASE_ON_NEW_DEVICE,"Device new to multiple accounts: device d_847598 has been used by 2 accounts that had never used it before, starting 2026-07-21. One device operating several accounts points to an account-takeover ring or mule farm. This transaction: $363.18 at RESELL MARKET 24. | Large purchase on new device: $363.18 at RESELL MARKET 24 on device d_847598, 23.8h after it first appeared on this account (2026-07-23 10:07 UTC). That is 10x the account's median purchase of $35.62 over its 681 earlier purchases.",u_00073,2026-07-24T09:56:46Z,363.18,RESELL MARKET 24,d_847598,
t_09c738b4deb060a4,DEVICE_NEW_TO_MULTIPLE_ACCOUNTS;LARGE_PURCHASE_ON_NEW_DEVICE,"Device new to multiple accounts: device d_832817 has been used by 12 accounts that had never used it before, starting 2026-06-18. One device operating several accounts points to an account-takeover ring or mule farm. This transaction: $442.86 at PREPAID DEPOT. | Large purchase on new device: $442.86 at PREPAID DEPOT on device d_832817, 14.6h after it first appeared on this account (2026-07-23 21:57 UTC). That is 27x the account's median purchase of $16.12 over its 236 earlier purchases.",u_00515,2026-07-24T12:32:59Z,442.86,PREPAID DEPOT,d_832817,
t_2e330ef1c99adf92,LARGE_PURCHASE_ON_NEW_DEVICE,"Large purchase on new device: $1,746.99 at PREPAID DEPOT on device d_836713, its first transaction on this account (2026-07-24 13:16 UTC). That is 55x the account's median purchase of $31.79 over its 1038 earlier purchases.",u_00851,2026-07-24T13:16:35Z,1746.99,PREPAID DEPOT,d_836713,
t_722c9d325196e2f7,DEVICE_NEW_TO_MULTIPLE_ACCOUNTS;LARGE_PURCHASE_ON_NEW_DEVICE,"Device new to multiple accounts: device d_832817 has been used by 12 accounts that had never used it before, starting 2026-06-18. One device operating several accounts points to an account-takeover ring or mule farm. This transaction: $312.55 at LUXE ELECTRONICS OUTLET. | Large purchase on new device: $312.55 at LUXE ELECTRONICS OUTLET on device d_832817, 16.0h after it first appeared on this account (2026-07-23 21:57 UTC). That is 19x the account's median purchase of $16.12 over its 236 earlier purchases.",u_00515,2026-07-24T13:58:40Z,312.55,LUXE ELECTRONICS OUTLET,d_832817,
t_703f1e6cb186b26c,LARGE_PURCHASE_ON_NEW_DEVICE,"Large purchase on new device: $1,407.95 at PREPAID DEPOT on device d_836713, 1.3h after it first appeared on this account (2026-07-24 13:16 UTC). That is 44x the account's median purchase of $31.79 over its 1038 earlier purchases.",u_00851,2026-07-24T14:32:35Z,1407.95,PREPAID DEPOT,d_836713,
t_1ac41c99491478bb,LARGE_PURCHASE_ON_NEW_DEVICE,"Large purchase on new device: $1,216.43 at LUXE ELECTRONICS OUTLET on device d_836713, 1.8h after it first appeared on this account (2026-07-24 13:16 UTC). That is 38x the account's median purchase of $31.79 over its 1038 earlier purchases.",u_00851,2026-07-24T15:02:35Z,1216.43,LUXE ELECTRONICS OUTLET,d_836713,
t_68b6068e8920702d,DEVICE_NEW_TO_MULTIPLE_ACCOUNTS;LARGE_PURCHASE_ON_NEW_DEVICE,"Device new to multiple accounts: device d_832817 has been used by 12 accounts that had never used it before, starting 2026-06-18. One device operating several accounts points to an account-takeover ring or mule farm. This transaction: $106.05 at JEWELRY WHOLESALE CO. | Large purchase on new device: $106.05 at JEWELRY WHOLESALE CO on device d_832817, 20.3h after it first appeared on this account (2026-07-23 21:57 UTC). That is 7x the account's median purchase of $16.12 over its 236 earlier purchases.",u_00515,2026-07-24T18:14:28Z,106.05,JEWELRY WHOLESALE CO,d_832817,
t_36e10b9e9ccf68d2,DEVICE_NEW_TO_MULTIPLE_ACCOUNTS;LARGE_PURCHASE_ON_NEW_DEVICE,"Device new to multiple accounts: device d_832817 has been used by 12 accounts that had never used it before, starting 2026-06-18. One device operating several accounts points to an account-takeover ring or mule farm. This transaction: $252.53 at JEWELRY WHOLESALE CO. | Large purchase on new device: $252.53 at JEWELRY WHOLESALE CO on device d_832817, 22.8h after it first appeared on this account (2026-07-23 21:57 UTC). That is 16x the account's median purchase of $16.12 over its 236 earlier purchases.",u_00515,2026-07-24T20:46:55Z,252.53,JEWELRY WHOLESALE CO,d_832817,
t_0eb628fd413d0390,DEVICE_NEW_TO_MULTIPLE_ACCOUNTS,"Device new to multiple accounts: device d_847598 has been used by 2 accounts that had never used it before, starting 2026-07-21. One device operating several accounts points to an account-takeover ring or mule farm. This transaction: $162.48 at RESELL MARKET 24.",u_00073,2026-07-24T23:45:00Z,162.48,RESELL MARKET 24,d_847598,
t_5ff855e882f5e56f,DEVICE_NEW_TO_MULTIPLE_ACCOUNTS,"Device new to multiple accounts: device d_931250 has been used by 2 accounts that had never used it before, starting 2026-07-21. One device operating several accounts points to an account-takeover ring or mule farm. This transaction: $165.15 at PREPAID DEPOT.",u_00465,2026-07-25T05:20:08Z,165.15,PREPAID DEPOT,d_931250,
t_1dc64e96a72dbd6f,CARD_TESTING_BURST,Card-testing burst: 10 charges under $5 at 5 different merchants within 14 min ($27.70 so far). The burst ran to 19 charges and $49.09 by 08:25 UTC; its other charges are listed in related_txn_ids.,u_00862,2026-07-25T08:08:47Z,4.04,DONATENOW ORG,d_001206,t_3b7f130caaee7f08;t_0deb4f3448938e0a;t_2c54b8fb75bfbc75;t_7cbb32bd84732bb5;t_22e175d190a92f4a;t_7c55ea876c0f5f1c;t_4be10e0624f82873;t_703e1dfff08cbad5;t_7002bbc062511689;t_542edb6b22203f0b;t_0ddc3b2897c7b1b3;t_4fd1e6d3906090da;t_3d9d507cb79636ae;t_7c56b78da17f8f6b;t_56ee54ba5fadc73b;t_26a8afc2c5449a3b;t_5e1fc043cad90ed1;t_51144438cc5a85ed
t_4c190451301ae9a5,DEVICE_NEW_TO_MULTIPLE_ACCOUNTS,"Device new to multiple accounts: device d_847598 has been used by 2 accounts that had never used it before, starting 2026-07-21. One device operating several accounts points to an account-takeover ring or mule farm. This transaction: $398.30 at RESELL MARKET 24.",u_00073,2026-07-25T10:29:56Z,398.3,RESELL MARKET 24,d_847598,
t_028a974cfe566fc3,CARD_TESTING_BURST,Card-testing burst: 10 charges under $5 at 8 different merchants within 17 min ($24.00 so far). The burst ran to 14 charges and $35.63 by 11:39 UTC; its other charges are listed in related_txn_ids.,u_01662,2026-07-25T11:33:04Z,1.34,ONLINE-MKT 8827,d_002320,t_4ef9ea052b739c87;t_7dd25ac5da582b20;t_578ac4dfde6c3e7b;t_5324892d95d4d634;t_19f767a00f151165;t_52b649445ec24cdc;t_5b05da717820c24c;t_75a6290597185892;t_548a2659723fd906;t_41268fe2af943656;t_3b116b270ce409d2;t_1ed5ad59a88a34dd;t_50d1f9f143cf6529
t_62087a4167cb1e80,LARGE_PURCHASE_ON_NEW_DEVICE,"Large purchase on new device: $886.53 at LUXE ELECTRONICS OUTLET on device d_905902, its first transaction on this account (2026-07-25 16:09 UTC). That is 47x the account's median purchase of $18.98 over its 324 earlier purchases.",u_01542,2026-07-25T16:09:19Z,886.53,LUXE ELECTRONICS OUTLET,d_905902,
t_7d81cd090f8c4b0c,DEVICE_NEW_TO_MULTIPLE_ACCOUNTS,"Device new to multiple accounts: device d_832817 has been used by 12 accounts that had never used it before, starting 2026-06-18. One device operating several accounts points to an account-takeover ring or mule farm. This transaction: $306.64 at JEWELRY WHOLESALE CO.",u_00515,2026-07-25T16:40:05Z,306.64,JEWELRY WHOLESALE CO,d_832817,
t_10b99d9585c52d70,LARGE_PURCHASE_ON_NEW_DEVICE,"Large purchase on new device: $750.01 at JEWELRY WHOLESALE CO on device d_905902, 0.8h after it first appeared on this account (2026-07-25 16:09 UTC). That is 40x the account's median purchase of $18.98 over its 324 earlier purchases.",u_01542,2026-07-25T16:54:19Z,750.01,JEWELRY WHOLESALE CO,d_905902,
t_3cc76845cc256a62,DEVICE_NEW_TO_MULTIPLE_ACCOUNTS,"Device new to multiple accounts: device d_931250 has been used by 2 accounts that had never used it before, starting 2026-07-21. One device operating several accounts points to an account-takeover ring or mule farm. This transaction: $229.76 at PREPAID DEPOT.",u_00465,2026-07-25T17:09:37Z,229.76,PREPAID DEPOT,d_931250,
t_702fe90fe9944c41,LARGE_PURCHASE_ON_NEW_DEVICE,"Large purchase on new device: $1,118.74 at PREPAID DEPOT on device d_905902, 1.9h after it first appeared on this account (2026-07-25 16:09 UTC). That is 59x the account's median purchase of $18.98 over its 324 earlier purchases.",u_01542,2026-07-25T18:03:19Z,1118.74,PREPAID DEPOT,d_905902,
t_492250785aaba263,LARGE_PURCHASE_ON_NEW_DEVICE,"Large purchase on new device: $349.85 at RESELL MARKET 24 on device d_905902, 2.2h after it first appeared on this account (2026-07-25 16:09 UTC). That is 18x the account's median purchase of $18.98 over its 324 earlier purchases.",u_01542,2026-07-25T18:23:19Z,349.85,RESELL MARKET 24,d_905902,
t_3ac6ff0c11636ab1,LARGE_PURCHASE_ON_NEW_DEVICE,"Large purchase on new device: $1,342.52 at LUXE ELECTRONICS OUTLET on device d_905902, 2.6h after it first appeared on this account (2026-07-25 16:09 UTC). That is 71x the account's median purchase of $18.98 over its 324 earlier purchases.",u_01542,2026-07-25T18:48:19Z,1342.52,LUXE ELECTRONICS OUTLET,d_905902,
t_5707ddf96d3dcf6c,LARGE_PURCHASE_ON_NEW_DEVICE,"Large purchase on new device: $982.03 at Best Buy on device d_905902, 2.8h after it first appeared on this account (2026-07-25 16:09 UTC). That is 52x the account's median purchase of $18.98 over its 324 earlier purchases.",u_01542,2026-07-25T18:54:19Z,982.03,Best Buy,d_905902,
t_79940bec68102bfe,DEVICE_NEW_TO_MULTIPLE_ACCOUNTS,"Device new to multiple accounts: device d_931250 has been used by 2 accounts that had never used it before, starting 2026-07-21. One device operating several accounts points to an account-takeover ring or mule farm. This transaction: $85.80 at RESELL MARKET 24.",u_00465,2026-07-25T19:12:16Z,85.8,RESELL MARKET 24,d_931250,
t_47d3b333803a8744,CARD_TESTING_BURST,Card-testing burst: 10 charges under $5 at 8 different merchants within 13 min ($30.24 so far). The burst ran to 21 charges and $59.69 by 21:07 UTC; its other charges are listed in related_txn_ids.,u_00829,2026-07-25T20:44:44Z,2.87,GLOBALPAY NET,d_001158,t_4ee588c0b4946977;t_1c3a6f2292137066;t_0bf23a3069e1ed0c;t_41dcfacb80cac8dd;t_3d39f012712c6ce1;t_06fc9cb64868b4a2;t_66d7460b1163d0be;t_5f73aa436e441c57;t_6a11d7c3a35d9a81;t_11d6bd344cdf142c;t_341c288a3760beff;t_7eaf3804797a732d;t_2bb9baa1ee04b372;t_29a1f7b9be61b390;t_5e34a6cd73087fed;t_4a4dcfb7720d16aa;t_719242e737d56ebb;t_17137460cee895c0;t_53ce002dfd48b68a;t_4d7fa2da178e6781
t_3e53d51b1f5f89da,DEVICE_NEW_TO_MULTIPLE_ACCOUNTS,"Device new to multiple accounts: device d_847598 has been used by 2 accounts that had never used it before, starting 2026-07-21. One device operating several accounts points to an account-takeover ring or mule farm. This transaction: $273.43 at RESELL MARKET 24.",u_00073,2026-07-25T22:09:58Z,273.43,RESELL MARKET 24,d_847598,
t_2211049c50156338,DEVICE_NEW_TO_MULTIPLE_ACCOUNTS,"Device new to multiple accounts: device d_832817 has been used by 12 accounts that had never used it before, starting 2026-06-18. One device operating several accounts points to an account-takeover ring or mule farm. This transaction: $391.58 at GIFTCARDS EXPRESS.",u_00515,2026-07-26T03:31:18Z,391.58,GIFTCARDS EXPRESS,d_832817,
t_69e4c2412b9c851b,DEVICE_NEW_TO_MULTIPLE_ACCOUNTS,"Device new to multiple accounts: device d_847598 has been used by 3 accounts that had never used it before, starting 2026-07-21. One device operating several accounts points to an account-takeover ring or mule farm. This transaction: $234.54 at JEWELRY WHOLESALE CO.",u_01036,2026-07-26T09:12:10Z,234.54,JEWELRY WHOLESALE CO,d_847598,
t_0ae6c6ed8d3f0c4c,DEVICE_NEW_TO_MULTIPLE_ACCOUNTS,"Device new to multiple accounts: device d_847598 has been used by 3 accounts that had never used it before, starting 2026-07-21. One device operating several accounts points to an account-takeover ring or mule farm. This transaction: $361.30 at RESELL MARKET 24.",u_01036,2026-07-26T11:49:32Z,361.3,RESELL MARKET 24,d_847598,
t_185674f7920459e9,DEVICE_NEW_TO_MULTIPLE_ACCOUNTS,"Device new to multiple accounts: device d_931250 has been used by 2 accounts that had never used it before, starting 2026-07-21. One device operating several accounts points to an account-takeover ring or mule farm. This transaction: $372.99 at RESELL MARKET 24.",u_00465,2026-07-26T13:16:33Z,372.99,RESELL MARKET 24,d_931250,
t_20f8506d0dc265fa,DEVICE_NEW_TO_MULTIPLE_ACCOUNTS,"Device new to multiple accounts: device d_847598 has been used by 3 accounts that had never used it before, starting 2026-07-21. One device operating several accounts points to an account-takeover ring or mule farm. This transaction: $99.35 at LUXE ELECTRONICS OUTLET.",u_01036,2026-07-26T13:17:39Z,99.35,LUXE ELECTRONICS OUTLET,d_847598,
t_5475391480794e72,DEVICE_NEW_TO_MULTIPLE_ACCOUNTS;LARGE_PURCHASE_ON_NEW_DEVICE,"Device new to multiple accounts: device d_832817 has been used by 13 accounts that had never used it before, starting 2026-06-18. One device operating several accounts points to an account-takeover ring or mule farm. This transaction: $431.73 at GIFTCARDS EXPRESS. | Large purchase on new device: $431.73 at GIFTCARDS EXPRESS on device d_832817, its first transaction on this account (2026-07-26 15:03 UTC). That is 4x the account's median purchase of $99.61 over its 1843 earlier purchases.",u_01496,2026-07-26T15:03:56Z,431.73,GIFTCARDS EXPRESS,d_832817,
t_5ef6acc94d789513,DEVICE_NEW_TO_MULTIPLE_ACCOUNTS,"Device new to multiple accounts: device d_931250 has been used by 2 accounts that had never used it before, starting 2026-07-21. One device operating several accounts points to an account-takeover ring or mule farm. This transaction: $365.25 at GIFTCARDS EXPRESS.",u_00465,2026-07-26T15:42:59Z,365.25,GIFTCARDS EXPRESS,d_931250,
t_1311ac90aa5069c7,DEVICE_NEW_TO_MULTIPLE_ACCOUNTS;LARGE_PURCHASE_ON_NEW_DEVICE,"Device new to multiple accounts: device d_832817 has been used by 13 accounts that had never used it before, starting 2026-06-18. One device operating several accounts points to an account-takeover ring or mule farm. This transaction: $408.86 at PREPAID DEPOT. | Large purchase on new device: $408.86 at PREPAID DEPOT on device d_832817, 7.3h after it first appeared on this account (2026-07-26 15:03 UTC). That is 4x the account's median purchase of $99.61 over its 1843 earlier purchases.",u_01496,2026-07-26T22:23:05Z,408.86,PREPAID DEPOT,d_832817,
t_0bacb0294eb38bf7,DEVICE_NEW_TO_MULTIPLE_ACCOUNTS;LARGE_PURCHASE_ON_NEW_DEVICE,"Device new to multiple accounts: device d_931250 has been used by 3 accounts that had never used it before, starting 2026-07-21. One device operating several accounts points to an account-takeover ring or mule farm. This transaction: $98.38 at PREPAID DEPOT. | Large purchase on new device: $98.38 at PREPAID DEPOT on device d_931250, its first transaction on this account (2026-07-27 04:09 UTC). That is 5x the account's median purchase of $19.36 over its 205 earlier purchases.",u_00022,2026-07-27T04:09:37Z,98.38,PREPAID DEPOT,d_931250,
t_7dd950c1236d58c9,DEVICE_NEW_TO_MULTIPLE_ACCOUNTS,"Device new to multiple accounts: device d_832817 has been used by 13 accounts that had never used it before, starting 2026-06-18. One device operating several accounts points to an account-takeover ring or mule farm. This transaction: $220.85 at PREPAID DEPOT.",u_01496,2026-07-27T05:42:08Z,220.85,PREPAID DEPOT,d_832817,
t_4d7b2a626e366bb0,DEVICE_NEW_TO_MULTIPLE_ACCOUNTS;LARGE_PURCHASE_ON_NEW_DEVICE,"Device new to multiple accounts: device d_931250 has been used by 3 accounts that had never used it before, starting 2026-07-21. One device operating several accounts points to an account-takeover ring or mule farm. This transaction: $349.10 at PREPAID DEPOT. | Large purchase on new device: $349.10 at PREPAID DEPOT on device d_931250, 2.1h after it first appeared on this account (2026-07-27 04:09 UTC). That is 18x the account's median purchase of $19.36 over its 205 earlier purchases.",u_00022,2026-07-27T06:17:26Z,349.1,PREPAID DEPOT,d_931250,
t_6c4adadba2818547,DEVICE_NEW_TO_MULTIPLE_ACCOUNTS,"Device new to multiple accounts: device d_847598 has been used by 3 accounts that had never used it before, starting 2026-07-21. One device operating several accounts points to an account-takeover ring or mule farm. This transaction: $81.56 at JEWELRY WHOLESALE CO.",u_01036,2026-07-27T07:28:57Z,81.56,JEWELRY WHOLESALE CO,d_847598,
t_0f766f63a3e080d3,CARD_TESTING_BURST,Card-testing burst: 10 charges under $5 at 5 different merchants within 13 min ($30.68 so far). The burst ran to 19 charges and $55.94 by 08:48 UTC; its other charges are listed in related_txn_ids.,u_00930,2026-07-27T08:37:10Z,1.73,QUICKSUB.IO,d_001301,t_5c3cefa6b791730d;t_41c1fda9c709755b;t_20d876056f736645;t_6c9b94e8e62cc871;t_222ebed4cf0951e2;t_11a30d1edd3a9b57;t_285da300e7db7071;t_0be8c5e4a13730b0;t_5fc02dd19a7770e7;t_299ca3799e5bfa9b;t_36ce66733062e8ef;t_7c3ad035cced3a42;t_12e79479e8cdc030;t_4c8ea020150a3f3b;t_6767661e2080380a;t_336d499894bfff44;t_0c74910da428c806;t_2c1a0e8d21650360
t_45485ba66bda303f,DEVICE_NEW_TO_MULTIPLE_ACCOUNTS;LARGE_PURCHASE_ON_NEW_DEVICE,"Device new to multiple accounts: device d_931250 has been used by 3 accounts that had never used it before, starting 2026-07-21. One device operating several accounts points to an account-takeover ring or mule farm. This transaction: $264.57 at GIFTCARDS EXPRESS. | Large purchase on new device: $264.57 at GIFTCARDS EXPRESS on device d_931250, 5.1h after it first appeared on this account (2026-07-27 04:09 UTC). That is 14x the account's median purchase of $19.36 over its 205 earlier purchases.",u_00022,2026-07-27T09:17:47Z,264.57,GIFTCARDS EXPRESS,d_931250,
t_5aeb2fef4f8fd588,DEVICE_NEW_TO_MULTIPLE_ACCOUNTS;LARGE_PURCHASE_ON_NEW_DEVICE,"Device new to multiple accounts: device d_832817 has been used by 13 accounts that had never used it before, starting 2026-06-18. One device operating several accounts points to an account-takeover ring or mule farm. This transaction: $424.24 at LUXE ELECTRONICS OUTLET. | Large purchase on new device: $424.24 at LUXE ELECTRONICS OUTLET on device d_832817, 21.4h after it first appeared on this account (2026-07-26 15:03 UTC). That is 4x the account's median purchase of $99.61 over its 1843 earlier purchases.",u_01496,2026-07-27T12:28:49Z,424.24,LUXE ELECTRONICS OUTLET,d_832817,
t_1d715ede5c39f193,DEVICE_NEW_TO_MULTIPLE_ACCOUNTS;LARGE_PURCHASE_ON_NEW_DEVICE,"Device new to multiple accounts: device d_931250 has been used by 3 accounts that had never used it before, starting 2026-07-21. One device operating several accounts points to an account-takeover ring or mule farm. This transaction: $372.24 at GIFTCARDS EXPRESS. | Large purchase on new device: $372.24 at GIFTCARDS EXPRESS on device d_931250, 9.3h after it first appeared on this account (2026-07-27 04:09 UTC). That is 19x the account's median purchase of $19.36 over its 205 earlier purchases.",u_00022,2026-07-27T13:24:56Z,372.24,GIFTCARDS EXPRESS,d_931250,
t_6730c4eaecf42376,DEVICE_NEW_TO_MULTIPLE_ACCOUNTS,"Device new to multiple accounts: device d_847598 has been used by 3 accounts that had never used it before, starting 2026-07-21. One device operating several accounts points to an account-takeover ring or mule farm. This transaction: $362.43 at JEWELRY WHOLESALE CO.",u_01036,2026-07-27T14:24:41Z,362.43,JEWELRY WHOLESALE CO,d_847598,
t_29d9384edb1a5039,DEVICE_NEW_TO_MULTIPLE_ACCOUNTS,"Device new to multiple accounts: device d_847598 has been used by 3 accounts that had never used it before, starting 2026-07-21. One device operating several accounts points to an account-takeover ring or mule farm. This transaction: $249.76 at JEWELRY WHOLESALE CO.",u_01036,2026-07-27T23:20:45Z,249.76,JEWELRY WHOLESALE CO,d_847598,
t_57cddfa920e2eca0,DEVICE_NEW_TO_MULTIPLE_ACCOUNTS;LARGE_PURCHASE_ON_NEW_DEVICE,"Device new to multiple accounts: device d_832817 has been used by 14 accounts that had never used it before, starting 2026-06-18. One device operating several accounts points to an account-takeover ring or mule farm. This transaction: $224.30 at PREPAID DEPOT. | Large purchase on new device: $224.30 at PREPAID DEPOT on device d_832817, its first transaction on this account (2026-07-28 01:28 UTC). That is 4x the account's median purchase of $59.41 over its 553 earlier purchases.",u_01498,2026-07-28T01:28:16Z,224.3,PREPAID DEPOT,d_832817,
t_75bde246cc8b7bc1,DEVICE_NEW_TO_MULTIPLE_ACCOUNTS,"Device new to multiple accounts: device d_832817 has been used by 14 accounts that had never used it before, starting 2026-06-18. One device operating several accounts points to an account-takeover ring or mule farm. This transaction: $144.36 at JEWELRY WHOLESALE CO.",u_01498,2026-07-28T02:42:30Z,144.36,JEWELRY WHOLESALE CO,d_832817,
t_3a3af14caf0fa26b,LARGE_PURCHASE_ON_NEW_DEVICE,"Large purchase on new device: $1,144.90 at RESELL MARKET 24 on device d_945424, its first transaction on this account (2026-07-28 03:56 UTC). That is 96x the account's median purchase of $11.98 over its 1146 earlier purchases.",u_00126,2026-07-28T03:56:46Z,1144.9,RESELL MARKET 24,d_945424,
t_7bcd4e59f737bb52,DEVICE_NEW_TO_MULTIPLE_ACCOUNTS;LARGE_PURCHASE_ON_NEW_DEVICE,"Device new to multiple accounts: device d_847598 has been used by 4 accounts that had never used it before, starting 2026-07-21. One device operating several accounts points to an account-takeover ring or mule farm. This transaction: $118.11 at GIFTCARDS EXPRESS. | Large purchase on new device: $118.11 at GIFTCARDS EXPRESS on device d_847598, its first transaction on this account (2026-07-28 04:11 UTC). That is 14x the account's median purchase of $8.23 over its 404 earlier purchases.",u_01587,2026-07-28T04:11:11Z,118.11,GIFTCARDS EXPRESS,d_847598,
t_469a9a6c8eb28b4b,LARGE_PURCHASE_ON_NEW_DEVICE,"Large purchase on new device: $1,044.01 at LUXE ELECTRONICS OUTLET on device d_945424, 1.5h after it first appeared on this account (2026-07-28 03:56 UTC). That is 87x the account's median purchase of $11.98 over its 1146 earlier purchases.",u_00126,2026-07-28T05:25:46Z,1044.01,LUXE ELECTRONICS OUTLET,d_945424,
t_6f64c3359ad4c262,DEVICE_NEW_TO_MULTIPLE_ACCOUNTS,"Device new to multiple accounts: device d_931250 has been used by 3 accounts that had never used it before, starting 2026-07-21. One device operating several accounts points to an account-takeover ring or mule farm. This transaction: $98.34 at RESELL MARKET 24.",u_00022,2026-07-28T05:45:21Z,98.34,RESELL MARKET 24,d_931250,
t_75d1cce3d75b6534,LARGE_PURCHASE_ON_NEW_DEVICE,"Large purchase on new device: $1,469.21 at GIFTCARDS EXPRESS on device d_945424, 1.9h after it first appeared on this account (2026-07-28 03:56 UTC). That is 123x the account's median purchase of $11.98 over its 1146 earlier purchases.",u_00126,2026-07-28T05:47:46Z,1469.21,GIFTCARDS EXPRESS,d_945424,
t_6c917559f6557f0a,LARGE_PURCHASE_ON_NEW_DEVICE,"Large purchase on new device: $1,585.50 at Apple on device d_945424, 2.4h after it first appeared on this account (2026-07-28 03:56 UTC). That is 132x the account's median purchase of $11.98 over its 1146 earlier purchases.",u_00126,2026-07-28T06:18:46Z,1585.5,Apple,d_945424,
t_2abcfdac1f7a654b,LARGE_PURCHASE_ON_NEW_DEVICE,"Large purchase on new device: $1,592.05 at Apple on device d_945424, 2.5h after it first appeared on this account (2026-07-28 03:56 UTC). That is 133x the account's median purchase of $11.98 over its 1146 earlier purchases.",u_00126,2026-07-28T06:29:46Z,1592.05,Apple,d_945424,
t_4cbf0b0caf2ac1f2,DEVICE_NEW_TO_MULTIPLE_ACCOUNTS;LARGE_PURCHASE_ON_NEW_DEVICE,"Device new to multiple accounts: device d_832817 has been used by 14 accounts that had never used it before, starting 2026-06-18. One device operating several accounts points to an account-takeover ring or mule farm. This transaction: $322.00 at GIFTCARDS EXPRESS. | Large purchase on new device: $322.00 at GIFTCARDS EXPRESS on device d_832817, 5.0h after it first appeared on this account (2026-07-28 01:28 UTC). That is 5x the account's median purchase of $59.41 over its 553 earlier purchases.",u_01498,2026-07-28T06:30:35Z,322.0,GIFTCARDS EXPRESS,d_832817,
t_7510fd1c73526bd4,DEVICE_NEW_TO_MULTIPLE_ACCOUNTS,"Device new to multiple accounts: device d_832817 has been used by 14 accounts that had never used it before, starting 2026-06-18. One device operating several accounts points to an account-takeover ring or mule farm. This transaction: $111.68 at LUXE ELECTRONICS OUTLET.",u_01498,2026-07-28T10:06:01Z,111.68,LUXE ELECTRONICS OUTLET,d_832817,
t_2d0d31cebf5102d6,LARGE_PURCHASE_ON_NEW_DEVICE,"Large purchase on new device: $1,204.34 at JEWELRY WHOLESALE CO on device d_739614, its first transaction on this account (2026-07-28 13:39 UTC). That is 13x the account's median purchase of $89.25 over its 82 earlier purchases.",u_00213,2026-07-28T13:39:16Z,1204.34,JEWELRY WHOLESALE CO,d_739614,
t_1f793153ca0e01ab,DEVICE_NEW_TO_MULTIPLE_ACCOUNTS;LARGE_PURCHASE_ON_NEW_DEVICE,"Device new to multiple accounts: device d_847598 has been used by 4 accounts that had never used it before, starting 2026-07-21. One device operating several accounts points to an account-takeover ring or mule farm. This transaction: $142.88 at JEWELRY WHOLESALE CO. | Large purchase on new device: $142.88 at JEWELRY WHOLESALE CO on device d_847598, 10.6h after it first appeared on this account (2026-07-28 04:11 UTC). That is 17x the account's median purchase of $8.23 over its 404 earlier purchases.",u_01587,2026-07-28T14:49:27Z,142.88,JEWELRY WHOLESALE CO,d_847598,
t_6e4b5efdd88bf714,DEVICE_NEW_TO_MULTIPLE_ACCOUNTS,"Device new to multiple accounts: device d_931250 has been used by 3 accounts that had never used it before, starting 2026-07-21. One device operating several accounts points to an account-takeover ring or mule farm. This transaction: $393.36 at RESELL MARKET 24.",u_00022,2026-07-28T14:53:07Z,393.36,RESELL MARKET 24,d_931250,
t_73e17964ba7343b2,LARGE_PURCHASE_ON_NEW_DEVICE,"Large purchase on new device: $1,126.65 at PREPAID DEPOT on device d_739614, 1.4h after it first appeared on this account (2026-07-28 13:39 UTC). That is 13x the account's median purchase of $89.25 over its 82 earlier purchases.",u_00213,2026-07-28T15:04:16Z,1126.65,PREPAID DEPOT,d_739614,
t_659e253bf6d00930,LARGE_PURCHASE_ON_NEW_DEVICE,"Large purchase on new device: $1,669.27 at GIFTCARDS EXPRESS on device d_739614, 2.0h after it first appeared on this account (2026-07-28 13:39 UTC). That is 19x the account's median purchase of $89.25 over its 82 earlier purchases.",u_00213,2026-07-28T15:41:16Z,1669.27,GIFTCARDS EXPRESS,d_739614,
t_00006372f2898f1b,DEVICE_NEW_TO_MULTIPLE_ACCOUNTS;LARGE_PURCHASE_ON_NEW_DEVICE,"Device new to multiple accounts: device d_847598 has been used by 4 accounts that had never used it before, starting 2026-07-21. One device operating several accounts points to an account-takeover ring or mule farm. This transaction: $401.65 at LUXE ELECTRONICS OUTLET. | Large purchase on new device: $401.65 at LUXE ELECTRONICS OUTLET on device d_847598, 12.5h after it first appeared on this account (2026-07-28 04:11 UTC). That is 49x the account's median purchase of $8.23 over its 404 earlier purchases.",u_01587,2026-07-28T16:42:30Z,401.65,LUXE ELECTRONICS OUTLET,d_847598,
t_16e80d167f4a9d32,LARGE_PURCHASE_ON_NEW_DEVICE,"Large purchase on new device: $1,212.09 at Apple on device d_739614, 3.4h after it first appeared on this account (2026-07-28 13:39 UTC). That is 14x the account's median purchase of $89.25 over its 82 earlier purchases.",u_00213,2026-07-28T17:00:16Z,1212.09,Apple,d_739614,
t_03ac85d4180b9b13,LARGE_PURCHASE_ON_NEW_DEVICE,"Large purchase on new device: $976.63 at JEWELRY WHOLESALE CO on device d_739614, 4.0h after it first appeared on this account (2026-07-28 13:39 UTC). That is 11x the account's median purchase of $89.25 over its 82 earlier purchases.",u_00213,2026-07-28T17:37:16Z,976.63,JEWELRY WHOLESALE CO,d_739614,
t_34aa85bde8cbe821,DEVICE_NEW_TO_MULTIPLE_ACCOUNTS,"Device new to multiple accounts: device d_832817 has been used by 14 accounts that had never used it before, starting 2026-06-18. One device operating several accounts points to an account-takeover ring or mule farm. This transaction: $133.97 at PREPAID DEPOT.",u_01498,2026-07-28T18:22:10Z,133.97,PREPAID DEPOT,d_832817,
t_5b030795f0073aa4,DEVICE_NEW_TO_MULTIPLE_ACCOUNTS;LARGE_PURCHASE_ON_NEW_DEVICE,"Device new to multiple accounts: device d_847598 has been used by 4 accounts that had never used it before, starting 2026-07-21. One device operating several accounts points to an account-takeover ring or mule farm. This transaction: $183.00 at LUXE ELECTRONICS OUTLET. | Large purchase on new device: $183.00 at LUXE ELECTRONICS OUTLET on device d_847598, 16.9h after it first appeared on this account (2026-07-28 04:11 UTC). That is 22x the account's median purchase of $8.23 over its 404 earlier purchases.",u_01587,2026-07-28T21:03:18Z,183.0,LUXE ELECTRONICS OUTLET,d_847598,
t_187efa6010a78fb4,DEVICE_NEW_TO_MULTIPLE_ACCOUNTS,"Device new to multiple accounts: device d_832817 has been used by 14 accounts that had never used it before, starting 2026-06-18. One device operating several accounts points to an account-takeover ring or mule farm. This transaction: $174.80 at GIFTCARDS EXPRESS.",u_01498,2026-07-28T22:08:45Z,174.8,GIFTCARDS EXPRESS,d_832817,
t_6869313e7e9868b1,DEVICE_NEW_TO_MULTIPLE_ACCOUNTS,"Device new to multiple accounts: device d_931250 has been used by 3 accounts that had never used it before, starting 2026-07-21. One device operating several accounts points to an account-takeover ring or mule farm. This transaction: $298.02 at JEWELRY WHOLESALE CO.",u_00022,2026-07-28T22:47:11Z,298.02,JEWELRY WHOLESALE CO,d_931250,
t_6a45ea92b6b5613a,DEVICE_NEW_TO_MULTIPLE_ACCOUNTS;LARGE_PURCHASE_ON_NEW_DEVICE,"Device new to multiple accounts: device d_847598 has been used by 4 accounts that had never used it before, starting 2026-07-21. One device operating several accounts points to an account-takeover ring or mule farm. This transaction: $244.82 at GIFTCARDS EXPRESS. | Large purchase on new device: $244.82 at GIFTCARDS EXPRESS on device d_847598, 20.5h after it first appeared on this account (2026-07-28 04:11 UTC). That is 30x the account's median purchase of $8.23 over its 404 earlier purchases.",u_01587,2026-07-29T00:40:44Z,244.82,GIFTCARDS EXPRESS,d_847598,
t_1744e23f46d05330,DEVICE_NEW_TO_MULTIPLE_ACCOUNTS;LARGE_PURCHASE_ON_NEW_DEVICE,"Device new to multiple accounts: device d_931250 has been used by 4 accounts that had never used it before, starting 2026-07-21. One device operating several accounts points to an account-takeover ring or mule farm. This transaction: $321.51 at GIFTCARDS EXPRESS. | Large purchase on new device: $321.51 at GIFTCARDS EXPRESS on device d_931250, its first transaction on this account (2026-07-29 06:23 UTC). That is 15x the account's median purchase of $21.23 over its 198 earlier purchases.",u_00951,2026-07-29T06:23:00Z,321.51,GIFTCARDS EXPRESS,d_931250,
t_7ebde1e860355498,DEVICE_NEW_TO_MULTIPLE_ACCOUNTS,"Device new to multiple accounts: device d_832817 has been used by 14 accounts that had never used it before, starting 2026-06-18. One device operating several accounts points to an account-takeover ring or mule farm. This transaction: $395.53 at JEWELRY WHOLESALE CO.",u_01498,2026-07-29T09:20:46Z,395.53,JEWELRY WHOLESALE CO,d_832817,
t_6887257dbfbf4d42,DEVICE_NEW_TO_MULTIPLE_ACCOUNTS;LARGE_PURCHASE_ON_NEW_DEVICE,"Device new to multiple accounts: device d_931250 has been used by 4 accounts that had never used it before, starting 2026-07-21. One device operating several accounts points to an account-takeover ring or mule farm. This transaction: $398.25 at GIFTCARDS EXPRESS. | Large purchase on new device: $398.25 at GIFTCARDS EXPRESS on device d_931250, 3.5h after it first appeared on this account (2026-07-29 06:23 UTC). That is 19x the account's median purchase of $21.23 over its 198 earlier purchases.",u_00951,2026-07-29T09:55:20Z,398.25,GIFTCARDS EXPRESS,d_931250,
t_3a7b686d531660f2,DEVICE_NEW_TO_MULTIPLE_ACCOUNTS,"Device new to multiple accounts: device d_847598 has been used by 4 accounts that had never used it before, starting 2026-07-21. One device operating several accounts points to an account-takeover ring or mule farm. This transaction: $325.80 at JEWELRY WHOLESALE CO.",u_01587,2026-07-29T19:36:28Z,325.8,JEWELRY WHOLESALE CO,d_847598,
t_738e71fd1a3d9e2a,DEVICE_NEW_TO_MULTIPLE_ACCOUNTS;LARGE_PURCHASE_ON_NEW_DEVICE,"Device new to multiple accounts: device d_931250 has been used by 4 accounts that had never used it before, starting 2026-07-21. One device operating several accounts points to an account-takeover ring or mule farm. This transaction: $340.31 at RESELL MARKET 24. | Large purchase on new device: $340.31 at RESELL MARKET 24 on device d_931250, 15.5h after it first appeared on this account (2026-07-29 06:23 UTC). That is 16x the account's median purchase of $21.23 over its 198 earlier purchases.",u_00951,2026-07-29T21:52:29Z,340.31,RESELL MARKET 24,d_931250,
t_51f9423d3a4b05d7,DEVICE_NEW_TO_MULTIPLE_ACCOUNTS,"Device new to multiple accounts: device d_832817 has been used by 14 accounts that had never used it before, starting 2026-06-18. One device operating several accounts points to an account-takeover ring or mule farm. This transaction: $312.44 at JEWELRY WHOLESALE CO.",u_01498,2026-07-30T00:37:23Z,312.44,JEWELRY WHOLESALE CO,d_832817,
t_6b2dfeb6a53d1913,DEVICE_NEW_TO_MULTIPLE_ACCOUNTS,"Device new to multiple accounts: device d_931250 has been used by 4 accounts that had never used it before, starting 2026-07-21. One device operating several accounts points to an account-takeover ring or mule farm. This transaction: $155.51 at LUXE ELECTRONICS OUTLET.",u_00951,2026-07-30T07:03:57Z,155.51,LUXE ELECTRONICS OUTLET,d_931250,
t_30931720a22b9e03,DEVICE_NEW_TO_MULTIPLE_ACCOUNTS;LARGE_PURCHASE_ON_NEW_DEVICE,"Device new to multiple accounts: device d_847598 has been used by 5 accounts that had never used it before, starting 2026-07-21. One device operating several accounts points to an account-takeover ring or mule farm. This transaction: $94.96 at PREPAID DEPOT. | Large purchase on new device: $94.96 at PREPAID DEPOT on device d_847598, its first transaction on this account (2026-07-30 09:05 UTC). That is 6x the account's median purchase of $16.79 over its 239 earlier purchases.",u_00819,2026-07-30T09:05:02Z,94.96,PREPAID DEPOT,d_847598,
t_5a3926cb9b678c99,DEVICE_NEW_TO_MULTIPLE_ACCOUNTS,"Device new to multiple accounts: device d_931250 has been used by 4 accounts that had never used it before, starting 2026-07-21. One device operating several accounts points to an account-takeover ring or mule farm. This transaction: $299.41 at GIFTCARDS EXPRESS.",u_00951,2026-07-31T02:19:34Z,299.41,GIFTCARDS EXPRESS,d_931250,
t_15dc43761ed1f913,DEVICE_NEW_TO_MULTIPLE_ACCOUNTS;LARGE_PURCHASE_ON_NEW_DEVICE,"Device new to multiple accounts: device d_847598 has been used by 5 accounts that had never used it before, starting 2026-07-21. One device operating several accounts points to an account-takeover ring or mule farm. This transaction: $182.17 at JEWELRY WHOLESALE CO. | Large purchase on new device: $182.17 at JEWELRY WHOLESALE CO on device d_847598, 19.1h after it first appeared on this account (2026-07-30 09:05 UTC). That is 11x the account's median purchase of $16.79 over its 239 earlier purchases.",u_00819,2026-07-31T04:08:47Z,182.17,JEWELRY WHOLESALE CO,d_847598,
t_5189857ffccd7d68,CARD_TESTING_BURST,Card-testing burst: 10 charges under $5 at 8 different merchants within 15 min ($31.50 so far). The burst ran to 24 charges and $69.62 by 13:42 UTC; its other charges are listed in related_txn_ids.,u_00632,2026-07-31T13:17:59Z,3.59,GAMETOP CREDITS,d_000890,t_14316dd578b22270;t_68f9684e8567f99e;t_1795b0ca9bad95aa;t_60c6a38d9584287c;t_41f4600a0b21b3e2;t_41bcc93c2c1be66d;t_0ba3236fcb6c0892;t_63bedd034992876c;t_67961823e51bc7cf;t_7c535f951c256a97;t_11d31aa4a2fc67b0;t_6251ad2b6f93d315;t_69be7447136dcf93;t_079289ad4a7fc594;t_13d59dd4a9fe7bdd;t_1e6a91059d0440ba;t_722e520211a7f5a6;t_1d2fd79fdab2d4b9;t_684a6f71df5052db;t_649b071daba7eae8;t_465bd98466e16dca;t_37ebd4e315793cb3;t_42db7a6690a12dfc
t_761f18d942c33cd4,DEVICE_NEW_TO_MULTIPLE_ACCOUNTS,"Device new to multiple accounts: device d_847598 has been used by 5 accounts that had never used it before, starting 2026-07-21. One device operating several accounts points to an account-takeover ring or mule farm. This transaction: $154.71 at RESELL MARKET 24.",u_00819,2026-07-31T17:05:03Z,154.71,RESELL MARKET 24,d_847598,
t_16a9ad78e673817d,DEVICE_NEW_TO_MULTIPLE_ACCOUNTS,"Device new to multiple accounts: device d_931250 has been used by 4 accounts that had never used it before, starting 2026-07-21. One device operating several accounts points to an account-takeover ring or mule farm. This transaction: $281.23 at JEWELRY WHOLESALE CO.",u_00951,2026-07-31T19:27:17Z,281.23,JEWELRY WHOLESALE CO,d_931250,
t_1209b40d83316625,DEVICE_NEW_TO_MULTIPLE_ACCOUNTS;LARGE_PURCHASE_ON_NEW_DEVICE,"Device new to multiple accounts: device d_931250 has been used by 11 accounts that had never used it before, starting 2026-07-21. One device operating several accounts points to an account-takeover ring or mule farm. This transaction: $181.31 at JEWELRY WHOLESALE CO. | Large purchase on new device: $181.31 at JEWELRY WHOLESALE CO on device d_931250, its first transaction on this account (2026-07-31 23:00 UTC). That is 5x the account's median purchase of $36.61 over its 146 earlier purchases.",u_01976,2026-07-31T23:00:00Z,181.31,JEWELRY WHOLESALE CO,d_931250,
t_79918fdbb8bb4b69,DEVICE_NEW_TO_MULTIPLE_ACCOUNTS;LARGE_PURCHASE_ON_NEW_DEVICE,"Device new to multiple accounts: device d_931250 has been used by 11 accounts that had never used it before, starting 2026-07-21. One device operating several accounts points to an account-takeover ring or mule farm. This transaction: $109.29 at GIFTCARDS EXPRESS. | Large purchase on new device: $109.29 at GIFTCARDS EXPRESS on device d_931250, its first transaction on this account (2026-07-31 23:00 UTC). That is 5x the account's median purchase of $22.95 over its 193 earlier purchases.",u_01901,2026-07-31T23:00:00Z,109.29,GIFTCARDS EXPRESS,d_931250,
t_1f50f82c8972e89b,DEVICE_NEW_TO_MULTIPLE_ACCOUNTS;LARGE_PURCHASE_ON_NEW_DEVICE,"Device new to multiple accounts: device d_847598 has been used by 14 accounts that had never used it before, starting 2026-07-21. One device operating several accounts points to an account-takeover ring or mule farm. This transaction: $246.03 at LUXE ELECTRONICS OUTLET. | Large purchase on new device: $246.03 at LUXE ELECTRONICS OUTLET on device d_847598, its first transaction on this account (2026-07-31 23:00 UTC). That is 6x the account's median purchase of $42.36 over its 160 earlier purchases.",u_00296,2026-07-31T23:00:00Z,246.03,LUXE ELECTRONICS OUTLET,d_847598,
t_1f728978e1daf4e8,DEVICE_NEW_TO_MULTIPLE_ACCOUNTS;LARGE_PURCHASE_ON_NEW_DEVICE,"Device new to multiple accounts: device d_847598 has been used by 14 accounts that had never used it before, starting 2026-07-21. One device operating several accounts points to an account-takeover ring or mule farm. This transaction: $358.65 at JEWELRY WHOLESALE CO. | Large purchase on new device: $358.65 at JEWELRY WHOLESALE CO on device d_847598, its first transaction on this account (2026-07-31 23:00 UTC). That is 15x the account's median purchase of $24.23 over its 248 earlier purchases.",u_01416,2026-07-31T23:00:00Z,358.65,JEWELRY WHOLESALE CO,d_847598,
t_21cb0a672325b571,DEVICE_NEW_TO_MULTIPLE_ACCOUNTS;LARGE_PURCHASE_ON_NEW_DEVICE,"Device new to multiple accounts: device d_847598 has been used by 14 accounts that had never used it before, starting 2026-07-21. One device operating several accounts points to an account-takeover ring or mule farm. This transaction: $280.66 at RESELL MARKET 24. | Large purchase on new device: $280.66 at RESELL MARKET 24 on device d_847598, its first transaction on this account (2026-07-31 23:00 UTC). That is 23x the account's median purchase of $12.47 over its 205 earlier purchases.",u_00650,2026-07-31T23:00:00Z,280.66,RESELL MARKET 24,d_847598,
t_02c140ef600bb675,DEVICE_NEW_TO_MULTIPLE_ACCOUNTS;LARGE_PURCHASE_ON_NEW_DEVICE,"Device new to multiple accounts: device d_847598 has been used by 14 accounts that had never used it before, starting 2026-07-21. One device operating several accounts points to an account-takeover ring or mule farm. This transaction: $235.30 at PREPAID DEPOT. | Large purchase on new device: $235.30 at PREPAID DEPOT on device d_847598, its first transaction on this account (2026-07-31 23:00 UTC). That is 14x the account's median purchase of $17.35 over its 295 earlier purchases.",u_00766,2026-07-31T23:00:00Z,235.3,PREPAID DEPOT,d_847598,
t_23ed347ea1ee687f,DEVICE_NEW_TO_MULTIPLE_ACCOUNTS;LARGE_PURCHASE_ON_NEW_DEVICE,"Device new to multiple accounts: device d_847598 has been used by 14 accounts that had never used it before, starting 2026-07-21. One device operating several accounts points to an account-takeover ring or mule farm. This transaction: $392.20 at PREPAID DEPOT. | Large purchase on new device: $392.20 at PREPAID DEPOT on device d_847598, its first transaction on this account (2026-07-31 23:00 UTC). That is 38x the account's median purchase of $10.22 over its 259 earlier purchases.",u_00967,2026-07-31T23:00:00Z,392.2,PREPAID DEPOT,d_847598,
t_0229532a940f4d9f,DEVICE_NEW_TO_MULTIPLE_ACCOUNTS;LARGE_PURCHASE_ON_NEW_DEVICE,"Device new to multiple accounts: device d_931250 has been used by 11 accounts that had never used it before, starting 2026-07-21. One device operating several accounts points to an account-takeover ring or mule farm. This transaction: $367.69 at PREPAID DEPOT. | Large purchase on new device: $367.69 at PREPAID DEPOT on device d_931250, its first transaction on this account (2026-07-31 23:00 UTC). That is 12x the account's median purchase of $29.52 over its 1264 earlier purchases.",u_00204,2026-07-31T23:00:00Z,367.69,PREPAID DEPOT,d_931250,
t_78fc6d23aba86edb,DEVICE_NEW_TO_MULTIPLE_ACCOUNTS;LARGE_PURCHASE_ON_NEW_DEVICE,"Device new to multiple accounts: device d_847598 has been used by 14 accounts that had never used it before, starting 2026-07-21. One device operating several accounts points to an account-takeover ring or mule farm. This transaction: $309.22 at LUXE ELECTRONICS OUTLET. | Large purchase on new device: $309.22 at LUXE ELECTRONICS OUTLET on device d_847598, its first transaction on this account (2026-07-31 23:00 UTC). That is 18x the account's median purchase of $17.02 over its 294 earlier purchases.",u_00659,2026-07-31T23:00:00Z,309.22,LUXE ELECTRONICS OUTLET,d_847598,
t_2480f0e4d924b656,DEVICE_NEW_TO_MULTIPLE_ACCOUNTS;LARGE_PURCHASE_ON_NEW_DEVICE,"Device new to multiple accounts: device d_931250 has been used by 11 accounts that had never used it before, starting 2026-07-21. One device operating several accounts points to an account-takeover ring or mule farm. This transaction: $344.11 at GIFTCARDS EXPRESS. | Large purchase on new device: $344.11 at GIFTCARDS EXPRESS on device d_931250, its first transaction on this account (2026-07-31 23:00 UTC). That is 15x the account's median purchase of $22.95 over its 193 earlier purchases.",u_01901,2026-07-31T23:00:00Z,344.11,GIFTCARDS EXPRESS,d_931250,
t_26292122e1d1b0ec,DEVICE_NEW_TO_MULTIPLE_ACCOUNTS,"Device new to multiple accounts: device d_847598 has been used by 14 accounts that had never used it before, starting 2026-07-21. One device operating several accounts points to an account-takeover ring or mule farm. This transaction: $336.60 at JEWELRY WHOLESALE CO.",u_00819,2026-07-31T23:00:00Z,336.6,JEWELRY WHOLESALE CO,d_847598,
t_29ff510417b5cdb3,DEVICE_NEW_TO_MULTIPLE_ACCOUNTS,"Device new to multiple accounts: device d_931250 has been used by 11 accounts that had never used it before, starting 2026-07-21. One device operating several accounts points to an account-takeover ring or mule farm. This transaction: $136.75 at PREPAID DEPOT.",u_00951,2026-07-31T23:00:00Z,136.75,PREPAID DEPOT,d_931250,
t_7743252e6309b6de,DEVICE_NEW_TO_MULTIPLE_ACCOUNTS;LARGE_PURCHASE_ON_NEW_DEVICE,"Device new to multiple accounts: device d_847598 has been used by 14 accounts that had never used it before, starting 2026-07-21. One device operating several accounts points to an account-takeover ring or mule farm. This transaction: $418.57 at PREPAID DEPOT. | Large purchase on new device: $418.57 at PREPAID DEPOT on device d_847598, its first transaction on this account (2026-07-31 23:00 UTC). That is 17x the account's median purchase of $25.16 over its 184 earlier purchases.",u_00020,2026-07-31T23:00:00Z,418.57,PREPAID DEPOT,d_847598,
t_2b4a0acb50ab3784,DEVICE_NEW_TO_MULTIPLE_ACCOUNTS;LARGE_PURCHASE_ON_NEW_DEVICE,"Device new to multiple accounts: device d_931250 has been used by 11 accounts that had never used it before, starting 2026-07-21. One device operating several accounts points to an account-takeover ring or mule farm. This transaction: $270.19 at GIFTCARDS EXPRESS. | Large purchase on new device: $270.19 at GIFTCARDS EXPRESS on device d_931250, its first transaction on this account (2026-07-31 23:00 UTC). That is 8x the account's median purchase of $32.18 over its 202 earlier purchases.",u_01359,2026-07-31T23:00:00Z,270.19,GIFTCARDS EXPRESS,d_931250,
t_01e622bab28d4ee1,DEVICE_NEW_TO_MULTIPLE_ACCOUNTS;LARGE_PURCHASE_ON_NEW_DEVICE,"Device new to multiple accounts: device d_931250 has been used by 11 accounts that had never used it before, starting 2026-07-21. One device operating several accounts points to an account-takeover ring or mule farm. This transaction: $329.34 at JEWELRY WHOLESALE CO. | Large purchase on new device: $329.34 at JEWELRY WHOLESALE CO on device d_931250, its first transaction on this account (2026-07-31 23:00 UTC). That is 11x the account's median purchase of $29.52 over its 1264 earlier purchases.",u_00204,2026-07-31T23:00:00Z,329.34,JEWELRY WHOLESALE CO,d_931250,
t_2e0f9e81959681c6,DEVICE_NEW_TO_MULTIPLE_ACCOUNTS;LARGE_PURCHASE_ON_NEW_DEVICE,"Device new to multiple accounts: device d_931250 has been used by 11 accounts that had never used it before, starting 2026-07-21. One device operating several accounts points to an account-takeover ring or mule farm. This transaction: $117.42 at GIFTCARDS EXPRESS. | Large purchase on new device: $117.42 at GIFTCARDS EXPRESS on device d_931250, its first transaction on this account (2026-07-31 23:00 UTC). That is 5x the account's median purchase of $22.95 over its 193 earlier purchases.",u_01901,2026-07-31T23:00:00Z,117.42,GIFTCARDS EXPRESS,d_931250,
t_008c13105c40fecb,DEVICE_NEW_TO_MULTIPLE_ACCOUNTS;LARGE_PURCHASE_ON_NEW_DEVICE,"Device new to multiple accounts: device d_931250 has been used by 11 accounts that had never used it before, starting 2026-07-21. One device operating several accounts points to an account-takeover ring or mule farm. This transaction: $229.89 at PREPAID DEPOT. | Large purchase on new device: $229.89 at PREPAID DEPOT on device d_931250, its first transaction on this account (2026-07-31 23:00 UTC). That is 9x the account's median purchase of $24.55 over its 323 earlier purchases.",u_01468,2026-07-31T23:00:00Z,229.89,PREPAID DEPOT,d_931250,
t_2f4cee11e1700b94,DEVICE_NEW_TO_MULTIPLE_ACCOUNTS;LARGE_PURCHASE_ON_NEW_DEVICE,"Device new to multiple accounts: device d_931250 has been used by 11 accounts that had never used it before, starting 2026-07-21. One device operating several accounts points to an account-takeover ring or mule farm. This transaction: $322.36 at GIFTCARDS EXPRESS. | Large purchase on new device: $322.36 at GIFTCARDS EXPRESS on device d_931250, its first transaction on this account (2026-07-31 23:00 UTC). That is 12x the account's median purchase of $25.96 over its 259 earlier purchases.",u_00151,2026-07-31T23:00:00Z,322.36,GIFTCARDS EXPRESS,d_931250,
t_1c32b64460cd5894,DEVICE_NEW_TO_MULTIPLE_ACCOUNTS;LARGE_PURCHASE_ON_NEW_DEVICE,"Device new to multiple accounts: device d_847598 has been used by 14 accounts that had never used it before, starting 2026-07-21. One device operating several accounts points to an account-takeover ring or mule farm. This transaction: $310.03 at LUXE ELECTRONICS OUTLET. | Large purchase on new device: $310.03 at LUXE ELECTRONICS OUTLET on device d_847598, its first transaction on this account (2026-07-31 23:00 UTC). That is 18x the account's median purchase of $17.02 over its 294 earlier purchases.",u_00659,2026-07-31T23:00:00Z,310.03,LUXE ELECTRONICS OUTLET,d_847598,
t_11acd5bb063b66db,DEVICE_NEW_TO_MULTIPLE_ACCOUNTS;LARGE_PURCHASE_ON_NEW_DEVICE,"Device new to multiple accounts: device d_931250 has been used by 11 accounts that had never used it before, starting 2026-07-21. One device operating several accounts points to an account-takeover ring or mule farm. This transaction: $236.42 at RESELL MARKET 24. | Large purchase on new device: $236.42 at RESELL MARKET 24 on device d_931250, its first transaction on this account (2026-07-31 23:00 UTC). That is 6x the account's median purchase of $36.61 over its 146 earlier purchases.",u_01976,2026-07-31T23:00:00Z,236.42,RESELL MARKET 24,d_931250,
t_1a7416fff33f317d,DEVICE_NEW_TO_MULTIPLE_ACCOUNTS;LARGE_PURCHASE_ON_NEW_DEVICE,"Device new to multiple accounts: device d_931250 has been used by 11 accounts that had never used it before, starting 2026-07-21. One device operating several accounts points to an account-takeover ring or mule farm. This transaction: $413.39 at GIFTCARDS EXPRESS. | Large purchase on new device: $413.39 at GIFTCARDS EXPRESS on device d_931250, its first transaction on this account (2026-07-31 23:00 UTC). That is 11x the account's median purchase of $36.61 over its 146 earlier purchases.",u_01976,2026-07-31T23:00:00Z,413.39,GIFTCARDS EXPRESS,d_931250,
t_79bf67f670f2e8c9,DEVICE_NEW_TO_MULTIPLE_ACCOUNTS;LARGE_PURCHASE_ON_NEW_DEVICE,"Device new to multiple accounts: device d_931250 has been used by 11 accounts that had never used it before, starting 2026-07-21. One device operating several accounts points to an account-takeover ring or mule farm. This transaction: $288.26 at RESELL MARKET 24. | Large purchase on new device: $288.26 at RESELL MARKET 24 on device d_931250, its first transaction on this account (2026-07-31 23:00 UTC). That is 11x the account's median purchase of $25.96 over its 259 earlier purchases.",u_00151,2026-07-31T23:00:00Z,288.26,RESELL MARKET 24,d_931250,
t_10efbb5e7e61bb8e,DEVICE_NEW_TO_MULTIPLE_ACCOUNTS;LARGE_PURCHASE_ON_NEW_DEVICE,"Device new to multiple accounts: device d_931250 has been used by 11 accounts that had never used it before, starting 2026-07-21. One device operating several accounts points to an account-takeover ring or mule farm. This transaction: $204.70 at PREPAID DEPOT. | Large purchase on new device: $204.70 at PREPAID DEPOT on device d_931250, its first transaction on this account (2026-07-31 23:00 UTC). That is 7x the account's median purchase of $29.52 over its 1264 earlier purchases.",u_00204,2026-07-31T23:00:00Z,204.7,PREPAID DEPOT,d_931250,
t_0feb1176eec6a736,DEVICE_NEW_TO_MULTIPLE_ACCOUNTS;LARGE_PURCHASE_ON_NEW_DEVICE,"Device new to multiple accounts: device d_847598 has been used by 14 accounts that had never used it before, starting 2026-07-21. One device operating several accounts points to an account-takeover ring or mule farm. This transaction: $84.50 at RESELL MARKET 24. | Large purchase on new device: $84.50 at RESELL MARKET 24 on device d_847598, its first transaction on this account (2026-07-31 23:00 UTC). That is 7x the account's median purchase of $12.47 over its 205 earlier purchases.",u_00650,2026-07-31T23:00:00Z,84.5,RESELL MARKET 24,d_847598,
t_12815210a61e4f64,DEVICE_NEW_TO_MULTIPLE_ACCOUNTS;LARGE_PURCHASE_ON_NEW_DEVICE,"Device new to multiple accounts: device d_847598 has been used by 14 accounts that had never used it before, starting 2026-07-21. One device operating several accounts points to an account-takeover ring or mule farm. This transaction: $150.73 at GIFTCARDS EXPRESS. | Large purchase on new device: $150.73 at GIFTCARDS EXPRESS on device d_847598, its first transaction on this account (2026-07-31 23:00 UTC). That is 12x the account's median purchase of $12.47 over its 205 earlier purchases.",u_00650,2026-07-31T23:00:00Z,150.73,GIFTCARDS EXPRESS,d_847598,
t_14c13e3a60a7b152,DEVICE_NEW_TO_MULTIPLE_ACCOUNTS;LARGE_PURCHASE_ON_NEW_DEVICE,"Device new to multiple accounts: device d_931250 has been used by 11 accounts that had never used it before, starting 2026-07-21. One device operating several accounts points to an account-takeover ring or mule farm. This transaction: $328.30 at LUXE ELECTRONICS OUTLET. | Large purchase on new device: $328.30 at LUXE ELECTRONICS OUTLET on device d_931250, its first transaction on this account (2026-07-31 23:00 UTC). That is 10x the account's median purchase of $32.18 over its 202 earlier purchases.",u_01359,2026-07-31T23:00:00Z,328.3,LUXE ELECTRONICS OUTLET,d_931250,
t_154f33eb4c6f635a,DEVICE_NEW_TO_MULTIPLE_ACCOUNTS;LARGE_PURCHASE_ON_NEW_DEVICE,"Device new to multiple accounts: device d_847598 has been used by 14 accounts that had never used it before, starting 2026-07-21. One device operating several accounts points to an account-takeover ring or mule farm. This transaction: $332.83 at JEWELRY WHOLESALE CO. | Large purchase on new device: $332.83 at JEWELRY WHOLESALE CO on device d_847598, its first transaction on this account (2026-07-31 23:00 UTC). That is 13x the account's median purchase of $25.16 over its 184 earlier purchases.",u_00020,2026-07-31T23:00:00Z,332.83,JEWELRY WHOLESALE CO,d_847598,
t_0d86dce776be46e5,DEVICE_NEW_TO_MULTIPLE_ACCOUNTS;LARGE_PURCHASE_ON_NEW_DEVICE,"Device new to multiple accounts: device d_931250 has been used by 11 accounts that had never used it before, starting 2026-07-21. One device operating several accounts points to an account-takeover ring or mule farm. This transaction: $439.72 at RESELL MARKET 24. | Large purchase on new device: $439.72 at RESELL MARKET 24 on device d_931250, its first transaction on this account (2026-07-31 23:00 UTC). That is 12x the account's median purchase of $36.61 over its 146 earlier purchases.",u_01976,2026-07-31T23:00:00Z,439.72,RESELL MARKET 24,d_931250,
t_0d682d5c136d5200,DEVICE_NEW_TO_MULTIPLE_ACCOUNTS;LARGE_PURCHASE_ON_NEW_DEVICE,"Device new to multiple accounts: device d_847598 has been used by 14 accounts that had never used it before, starting 2026-07-21. One device operating several accounts points to an account-takeover ring or mule farm. This transaction: $368.60 at LUXE ELECTRONICS OUTLET. | Large purchase on new device: $368.60 at LUXE ELECTRONICS OUTLET on device d_847598, its first transaction on this account (2026-07-31 23:00 UTC). That is 30x the account's median purchase of $12.47 over its 205 earlier purchases.",u_00650,2026-07-31T23:00:00Z,368.6,LUXE ELECTRONICS OUTLET,d_847598,
t_0a3d3a4b4c117481,DEVICE_NEW_TO_MULTIPLE_ACCOUNTS;LARGE_PURCHASE_ON_NEW_DEVICE,"Device new to multiple accounts: device d_931250 has been used by 11 accounts that had never used it before, starting 2026-07-21. One device operating several accounts points to an account-takeover ring or mule farm. This transaction: $157.41 at RESELL MARKET 24. | Large purchase on new device: $157.41 at RESELL MARKET 24 on device d_931250, its first transaction on this account (2026-07-31 23:00 UTC). That is 5x the account's median purchase of $32.18 over its 202 earlier purchases.",u_01359,2026-07-31T23:00:00Z,157.41,RESELL MARKET 24,d_931250,
t_160f36543c33b329,DEVICE_NEW_TO_MULTIPLE_ACCOUNTS;LARGE_PURCHASE_ON_NEW_DEVICE,"Device new to multiple accounts: device d_847598 has been used by 14 accounts that had never used it before, starting 2026-07-21. One device operating several accounts points to an account-takeover ring or mule farm. This transaction: $226.91 at PREPAID DEPOT. | Large purchase on new device: $226.91 at PREPAID DEPOT on device d_847598, its first transaction on this account (2026-07-31 23:00 UTC). That is 11x the account's median purchase of $19.80 over its 222 earlier purchases.",u_01249,2026-07-31T23:00:00Z,226.91,PREPAID DEPOT,d_847598,
t_08d904c635f11e56,DEVICE_NEW_TO_MULTIPLE_ACCOUNTS;LARGE_PURCHASE_ON_NEW_DEVICE,"Device new to multiple accounts: device d_847598 has been used by 14 accounts that had never used it before, starting 2026-07-21. One device operating several accounts points to an account-takeover ring or mule farm. This transaction: $287.60 at PREPAID DEPOT. | Large purchase on new device: $287.60 at PREPAID DEPOT on device d_847598, its first transaction on this account (2026-07-31 23:00 UTC). That is 15x the account's median purchase of $19.80 over its 222 earlier purchases.",u_01249,2026-07-31T23:00:00Z,287.6,PREPAID DEPOT,d_847598,
t_7b01da2f5b53eb55,DEVICE_NEW_TO_MULTIPLE_ACCOUNTS;LARGE_PURCHASE_ON_NEW_DEVICE,"Device new to multiple accounts: device d_847598 has been used by 14 accounts that had never used it before, starting 2026-07-21. One device operating several accounts points to an account-takeover ring or mule farm. This transaction: $108.67 at GIFTCARDS EXPRESS. | Large purchase on new device: $108.67 at GIFTCARDS EXPRESS on device d_847598, its first transaction on this account (2026-07-31 23:00 UTC). That is 9x the account's median purchase of $12.47 over its 205 earlier purchases.",u_00650,2026-07-31T23:00:00Z,108.67,GIFTCARDS EXPRESS,d_847598,
t_06aef8b1fa80bd09,DEVICE_NEW_TO_MULTIPLE_ACCOUNTS;LARGE_PURCHASE_ON_NEW_DEVICE,"Device new to multiple accounts: device d_931250 has been used by 11 accounts that had never used it before, starting 2026-07-21. One device operating several accounts points to an account-takeover ring or mule farm. This transaction: $439.22 at JEWELRY WHOLESALE CO. | Large purchase on new device: $439.22 at JEWELRY WHOLESALE CO on device d_931250, its first transaction on this account (2026-07-31 23:00 UTC). That is 18x the account's median purchase of $24.55 over its 323 earlier purchases.",u_01468,2026-07-31T23:00:00Z,439.22,JEWELRY WHOLESALE CO,d_931250,
t_0621e402b000c2b0,DEVICE_NEW_TO_MULTIPLE_ACCOUNTS;LARGE_PURCHASE_ON_NEW_DEVICE,"Device new to multiple accounts: device d_847598 has been used by 14 accounts that had never used it before, starting 2026-07-21. One device operating several accounts points to an account-takeover ring or mule farm. This transaction: $198.28 at LUXE ELECTRONICS OUTLET. | Large purchase on new device: $198.28 at LUXE ELECTRONICS OUTLET on device d_847598, its first transaction on this account (2026-07-31 23:00 UTC). That is 5x the account's median purchase of $42.36 over its 160 earlier purchases.",u_00296,2026-07-31T23:00:00Z,198.28,LUXE ELECTRONICS OUTLET,d_847598,
t_7ea70a0d799b321f,DEVICE_NEW_TO_MULTIPLE_ACCOUNTS;LARGE_PURCHASE_ON_NEW_DEVICE,"Device new to multiple accounts: device d_847598 has been used by 14 accounts that had never used it before, starting 2026-07-21. One device operating several accounts points to an account-takeover ring or mule farm. This transaction: $320.69 at LUXE ELECTRONICS OUTLET. | Large purchase on new device: $320.69 at LUXE ELECTRONICS OUTLET on device d_847598, its first transaction on this account (2026-07-31 23:00 UTC). That is 5x the account's median purchase of $63.96 over its 153 earlier purchases.",u_00539,2026-07-31T23:00:00Z,320.69,LUXE ELECTRONICS OUTLET,d_847598,
t_19ae85f114702472,DEVICE_NEW_TO_MULTIPLE_ACCOUNTS;LARGE_PURCHASE_ON_NEW_DEVICE,"Device new to multiple accounts: device d_847598 has been used by 14 accounts that had never used it before, starting 2026-07-21. One device operating several accounts points to an account-takeover ring or mule farm. This transaction: $335.49 at GIFTCARDS EXPRESS. | Large purchase on new device: $335.49 at GIFTCARDS EXPRESS on device d_847598, its first transaction on this account (2026-07-31 23:00 UTC). That is 17x the account's median purchase of $19.80 over its 222 earlier purchases.",u_01249,2026-07-31T23:00:00Z,335.49,GIFTCARDS EXPRESS,d_847598,
t_7a070373a1b3bf9e,DEVICE_NEW_TO_MULTIPLE_ACCOUNTS;LARGE_PURCHASE_ON_NEW_DEVICE,"Device new to multiple accounts: device d_847598 has been used by 14 accounts that had never used it before, starting 2026-07-21. One device operating several accounts points to an account-takeover ring or mule farm. This transaction: $117.65 at JEWELRY WHOLESALE CO. | Large purchase on new device: $117.65 at JEWELRY WHOLESALE CO on device d_847598, its first transaction on this account (2026-07-31 23:00 UTC). That is 7x the account's median purchase of $17.35 over its 295 earlier purchases.",u_00766,2026-07-31T23:00:00Z,117.65,JEWELRY WHOLESALE CO,d_847598,
t_79ed690980c4aee4,DEVICE_NEW_TO_MULTIPLE_ACCOUNTS;LARGE_PURCHASE_ON_NEW_DEVICE,"Device new to multiple accounts: device d_847598 has been used by 14 accounts that had never used it before, starting 2026-07-21. One device operating several accounts points to an account-takeover ring or mule farm. This transaction: $156.53 at JEWELRY WHOLESALE CO. | Large purchase on new device: $156.53 at JEWELRY WHOLESALE CO on device d_847598, its first transaction on this account (2026-07-31 23:00 UTC). That is 6x the account's median purchase of $25.16 over its 184 earlier purchases.",u_00020,2026-07-31T23:00:00Z,156.53,JEWELRY WHOLESALE CO,d_847598,
t_79ac6b2e46fa7d61,DEVICE_NEW_TO_MULTIPLE_ACCOUNTS;LARGE_PURCHASE_ON_NEW_DEVICE,"Device new to multiple accounts: device d_847598 has been used by 14 accounts that had never used it before, starting 2026-07-21. One device operating several accounts points to an account-takeover ring or mule farm. This transaction: $133.22 at LUXE ELECTRONICS OUTLET. | Large purchase on new device: $133.22 at LUXE ELECTRONICS OUTLET on device d_847598, its first transaction on this account (2026-07-31 23:00 UTC). That is 7x the account's median purchase of $19.80 over its 222 earlier purchases.",u_01249,2026-07-31T23:00:00Z,133.22,LUXE ELECTRONICS OUTLET,d_847598,
t_6a141d8a027c660a,DEVICE_NEW_TO_MULTIPLE_ACCOUNTS;LARGE_PURCHASE_ON_NEW_DEVICE,"Device new to multiple accounts: device d_931250 has been used by 11 accounts that had never used it before, starting 2026-07-21. One device operating several accounts points to an account-takeover ring or mule farm. This transaction: $207.83 at RESELL MARKET 24. | Large purchase on new device: $207.83 at RESELL MARKET 24 on device d_931250, its first transaction on this account (2026-07-31 23:00 UTC). That is 7x the account's median purchase of $29.52 over its 1264 earlier purchases.",u_00204,2026-07-31T23:00:00Z,207.83,RESELL MARKET 24,d_931250,
t_368fa385b896a2ba,DEVICE_NEW_TO_MULTIPLE_ACCOUNTS,"Device new to multiple accounts: device d_847598 has been used by 14 accounts that had never used it before, starting 2026-07-21. One device operating several accounts points to an account-takeover ring or mule farm. This transaction: $312.74 at PREPAID DEPOT.",u_00819,2026-07-31T23:00:00Z,312.74,PREPAID DEPOT,d_847598,
t_3612911f5209d389,DEVICE_NEW_TO_MULTIPLE_ACCOUNTS;LARGE_PURCHASE_ON_NEW_DEVICE,"Device new to multiple accounts: device d_847598 has been used by 14 accounts that had never used it before, starting 2026-07-21. One device operating several accounts points to an account-takeover ring or mule farm. This transaction: $288.92 at RESELL MARKET 24. | Large purchase on new device: $288.92 at RESELL MARKET 24 on device d_847598, its first transaction on this account (2026-07-31 23:00 UTC). That is 12x the account's median purchase of $24.23 over its 248 earlier purchases.",u_01416,2026-07-31T23:00:00Z,288.92,RESELL MARKET 24,d_847598,
t_524b90363a8ae785,DEVICE_NEW_TO_MULTIPLE_ACCOUNTS;LARGE_PURCHASE_ON_NEW_DEVICE,"Device new to multiple accounts: device d_931250 has been used by 11 accounts that had never used it before, starting 2026-07-21. One device operating several accounts points to an account-takeover ring or mule farm. This transaction: $394.07 at PREPAID DEPOT. | Large purchase on new device: $394.07 at PREPAID DEPOT on device d_931250, its first transaction on this account (2026-07-31 23:00 UTC). That is 17x the account's median purchase of $22.95 over its 193 earlier purchases.",u_01901,2026-07-31T23:00:00Z,394.07,PREPAID DEPOT,d_931250,
t_53525cc113ce9a8c,DEVICE_NEW_TO_MULTIPLE_ACCOUNTS;LARGE_PURCHASE_ON_NEW_DEVICE,"Device new to multiple accounts: device d_847598 has been used by 14 accounts that had never used it before, starting 2026-07-21. One device operating several accounts points to an account-takeover ring or mule farm. This transaction: $189.22 at PREPAID DEPOT. | Large purchase on new device: $189.22 at PREPAID DEPOT on device d_847598, its first transaction on this account (2026-07-31 23:00 UTC). That is 8x the account's median purchase of $25.16 over its 184 earlier purchases.",u_00020,2026-07-31T23:00:00Z,189.22,PREPAID DEPOT,d_847598,
t_5375e38b62b56419,DEVICE_NEW_TO_MULTIPLE_ACCOUNTS;LARGE_PURCHASE_ON_NEW_DEVICE,"Device new to multiple accounts: device d_931250 has been used by 11 accounts that had never used it before, starting 2026-07-21. One device operating several accounts points to an account-takeover ring or mule farm. This transaction: $447.63 at RESELL MARKET 24. | Large purchase on new device: $447.63 at RESELL MARKET 24 on device d_931250, its first transaction on this account (2026-07-31 23:00 UTC). That is 20x the account's median purchase of $22.95 over its 193 earlier purchases.",u_01901,2026-07-31T23:00:00Z,447.63,RESELL MARKET 24,d_931250,
t_5445fd0e45917c3a,DEVICE_NEW_TO_MULTIPLE_ACCOUNTS;LARGE_PURCHASE_ON_NEW_DEVICE,"Device new to multiple accounts: device d_847598 has been used by 14 accounts that had never used it before, starting 2026-07-21. One device operating several accounts points to an account-takeover ring or mule farm. This transaction: $149.44 at GIFTCARDS EXPRESS. | Large purchase on new device: $149.44 at GIFTCARDS EXPRESS on device d_847598, its first transaction on this account (2026-07-31 23:00 UTC). That is 6x the account's median purchase of $24.23 over its 248 earlier purchases.",u_01416,2026-07-31T23:00:00Z,149.44,GIFTCARDS EXPRESS,d_847598,
t_6e8da96f02615647,DEVICE_NEW_TO_MULTIPLE_ACCOUNTS;LARGE_PURCHASE_ON_NEW_DEVICE,"Device new to multiple accounts: device d_931250 has been used by 11 accounts that had never used it before, starting 2026-07-21. One device operating several accounts points to an account-takeover ring or mule farm. This transaction: $260.20 at JEWELRY WHOLESALE CO. | Large purchase on new device: $260.20 at JEWELRY WHOLESALE CO on device d_931250, its first transaction on this account (2026-07-31 23:00 UTC). That is 8x the account's median purchase of $32.18 over its 202 earlier purchases.",u_01359,2026-07-31T23:00:00Z,260.2,JEWELRY WHOLESALE CO,d_931250,
t_5b2065d87f5cceb9,DEVICE_NEW_TO_MULTIPLE_ACCOUNTS;LARGE_PURCHASE_ON_NEW_DEVICE,"Device new to multiple accounts: device d_931250 has been used by 11 accounts that had never used it before, starting 2026-07-21. One device operating several accounts points to an account-takeover ring or mule farm. This transaction: $301.80 at JEWELRY WHOLESALE CO. | Large purchase on new device: $301.80 at JEWELRY WHOLESALE CO on device d_931250, its first transaction on this account (2026-07-31 23:00 UTC). That is 12x the account's median purchase of $25.96 over its 259 earlier purchases.",u_00151,2026-07-31T23:00:00Z,301.8,JEWELRY WHOLESALE CO,d_931250,
t_6e4c588ee203b450,DEVICE_NEW_TO_MULTIPLE_ACCOUNTS;LARGE_PURCHASE_ON_NEW_DEVICE,"Device new to multiple accounts: device d_847598 has been used by 14 accounts that had never used it before, starting 2026-07-21. One device operating several accounts points to an account-takeover ring or mule farm. This transaction: $270.64 at PREPAID DEPOT. | Large purchase on new device: $270.64 at PREPAID DEPOT on device d_847598, its first transaction on this account (2026-07-31 23:00 UTC). That is 16x the account's median purchase of $17.35 over its 295 earlier purchases.",u_00766,2026-07-31T23:00:00Z,270.64,PREPAID DEPOT,d_847598,
t_5d142840d24419bd,DEVICE_NEW_TO_MULTIPLE_ACCOUNTS;LARGE_PURCHASE_ON_NEW_DEVICE,"Device new to multiple accounts: device d_931250 has been used by 11 accounts that had never used it before, starting 2026-07-21. One device operating several accounts points to an account-takeover ring or mule farm. This transaction: $113.98 at LUXE ELECTRONICS OUTLET. | Large purchase on new device: $113.98 at LUXE ELECTRONICS OUTLET on device d_931250, its first transaction on this account (2026-07-31 23:00 UTC). That is 5x the account's median purchase of $22.95 over its 193 earlier purchases.",u_01901,2026-07-31T23:00:00Z,113.98,LUXE ELECTRONICS OUTLET,d_931250,
t_5e74ca01137292ec,DEVICE_NEW_TO_MULTIPLE_ACCOUNTS;LARGE_PURCHASE_ON_NEW_DEVICE,"Device new to multiple accounts: device d_847598 has been used by 14 accounts that had never used it before, starting 2026-07-21. One device operating several accounts points to an account-takeover ring or mule farm. This transaction: $248.07 at PREPAID DEPOT. | Large purchase on new device: $248.07 at PREPAID DEPOT on device d_847598, its first transaction on this account (2026-07-31 23:00 UTC). That is 6x the account's median purchase of $42.36 over its 160 earlier purchases.",u_00296,2026-07-31T23:00:00Z,248.07,PREPAID DEPOT,d_847598,
t_5ea318d9ff87ddff,DEVICE_NEW_TO_MULTIPLE_ACCOUNTS;LARGE_PURCHASE_ON_NEW_DEVICE,"Device new to multiple accounts: device d_931250 has been used by 11 accounts that had never used it before, starting 2026-07-21. One device operating several accounts points to an account-takeover ring or mule farm. This transaction: $299.47 at PREPAID DEPOT. | Large purchase on new device: $299.47 at PREPAID DEPOT on device d_931250, its first transaction on this account (2026-07-31 23:00 UTC). That is 10x the account's median purchase of $29.00 over its 7258 earlier purchases.",u_01730,2026-07-31T23:00:00Z,299.47,PREPAID DEPOT,d_931250,
t_5eb915321094540f,DEVICE_NEW_TO_MULTIPLE_ACCOUNTS;LARGE_PURCHASE_ON_NEW_DEVICE,"Device new to multiple accounts: device d_847598 has been used by 14 accounts that had never used it before, starting 2026-07-21. One device operating several accounts points to an account-takeover ring or mule farm. This transaction: $411.85 at LUXE ELECTRONICS OUTLET. | Large purchase on new device: $411.85 at LUXE ELECTRONICS OUTLET on device d_847598, its first transaction on this account (2026-07-31 23:00 UTC). That is 24x the account's median purchase of $17.02 over its 294 earlier purchases.",u_00659,2026-07-31T23:00:00Z,411.85,LUXE ELECTRONICS OUTLET,d_847598,
t_606e2d79cd22aeec,DEVICE_NEW_TO_MULTIPLE_ACCOUNTS;LARGE_PURCHASE_ON_NEW_DEVICE,"Device new to multiple accounts: device d_931250 has been used by 11 accounts that had never used it before, starting 2026-07-21. One device operating several accounts points to an account-takeover ring or mule farm. This transaction: $203.32 at PREPAID DEPOT. | Large purchase on new device: $203.32 at PREPAID DEPOT on device d_931250, its first transaction on this account (2026-07-31 23:00 UTC). That is 6x the account's median purchase of $36.61 over its 146 earlier purchases.",u_01976,2026-07-31T23:00:00Z,203.32,PREPAID DEPOT,d_931250,
t_60cf7f3b1c08a4a0,DEVICE_NEW_TO_MULTIPLE_ACCOUNTS;LARGE_PURCHASE_ON_NEW_DEVICE,"Device new to multiple accounts: device d_847598 has been used by 14 accounts that had never used it before, starting 2026-07-21. One device operating several accounts points to an account-takeover ring or mule farm. This transaction: $99.21 at GIFTCARDS EXPRESS. | Large purchase on new device: $99.21 at GIFTCARDS EXPRESS on device d_847598, its first transaction on this account (2026-07-31 23:00 UTC). That is 6x the account's median purchase of $17.02 over its 294 earlier purchases.",u_00659,2026-07-31T23:00:00Z,99.21,GIFTCARDS EXPRESS,d_847598,
t_61237880413a9db7,DEVICE_NEW_TO_MULTIPLE_ACCOUNTS;LARGE_PURCHASE_ON_NEW_DEVICE,"Device new to multiple accounts: device d_931250 has been used by 11 accounts that had never used it before, starting 2026-07-21. One device operating several accounts points to an account-takeover ring or mule farm. This transaction: $161.05 at LUXE ELECTRONICS OUTLET. | Large purchase on new device: $161.05 at LUXE ELECTRONICS OUTLET on device d_931250, its first transaction on this account (2026-07-31 23:00 UTC). That is 4x the account's median purchase of $36.61 over its 146 earlier purchases.",u_01976,2026-07-31T23:00:00Z,161.05,LUXE ELECTRONICS OUTLET,d_931250,
t_638fc72d63cd98b2,DEVICE_NEW_TO_MULTIPLE_ACCOUNTS;LARGE_PURCHASE_ON_NEW_DEVICE,"Device new to multiple accounts: device d_931250 has been used by 11 accounts that had never used it before, starting 2026-07-21. One device operating several accounts points to an account-takeover ring or mule farm. This transaction: $378.24 at RESELL MARKET 24. | Large purchase on new device: $378.24 at RESELL MARKET 24 on device d_931250, its first transaction on this account (2026-07-31 23:00 UTC). That is 13x the account's median purchase of $29.00 over its 7258 earlier purchases.",u_01730,2026-07-31T23:00:00Z,378.24,RESELL MARKET 24,d_931250,
t_6d40ecda9556cc6a,DEVICE_NEW_TO_MULTIPLE_ACCOUNTS;LARGE_PURCHASE_ON_NEW_DEVICE,"Device new to multiple accounts: device d_931250 has been used by 11 accounts that had never used it before, starting 2026-07-21. One device operating several accounts points to an account-takeover ring or mule farm. This transaction: $351.33 at JEWELRY WHOLESALE CO. | Large purchase on new device: $351.33 at JEWELRY WHOLESALE CO on device d_931250, its first transaction on this account (2026-07-31 23:00 UTC). That is 12x the account's median purchase of $29.00 over its 7258 earlier purchases.",u_01730,2026-07-31T23:00:00Z,351.33,JEWELRY WHOLESALE CO,d_931250,
t_660cbbc142bd1300,DEVICE_NEW_TO_MULTIPLE_ACCOUNTS;LARGE_PURCHASE_ON_NEW_DEVICE,"Device new to multiple accounts: device d_847598 has been used by 14 accounts that had never used it before, starting 2026-07-21. One device operating several accounts points to an account-takeover ring or mule farm. This transaction: $209.83 at RESELL MARKET 24. | Large purchase on new device: $209.83 at RESELL MARKET 24 on device d_847598, its first transaction on this account (2026-07-31 23:00 UTC). That is 21x the account's median purchase of $10.22 over its 259 earlier purchases.",u_00967,2026-07-31T23:00:00Z,209.83,RESELL MARKET 24,d_847598,
t_672fcc3e6210eb7c,DEVICE_NEW_TO_MULTIPLE_ACCOUNTS;LARGE_PURCHASE_ON_NEW_DEVICE,"Device new to multiple accounts: device d_847598 has been used by 14 accounts that had never used it before, starting 2026-07-21. One device operating several accounts points to an account-takeover ring or mule farm. This transaction: $154.85 at JEWELRY WHOLESALE CO. | Large purchase on new device: $154.85 at JEWELRY WHOLESALE CO on device d_847598, its first transaction on this account (2026-07-31 23:00 UTC). That is 4x the account's median purchase of $42.36 over its 160 earlier purchases.",u_00296,2026-07-31T23:00:00Z,154.85,JEWELRY WHOLESALE CO,d_847598,
t_6c7034fd54cfa7e7,DEVICE_NEW_TO_MULTIPLE_ACCOUNTS;LARGE_PURCHASE_ON_NEW_DEVICE,"Device new to multiple accounts: device d_847598 has been used by 14 accounts that had never used it before, starting 2026-07-21. One device operating several accounts points to an account-takeover ring or mule farm. This transaction: $271.92 at JEWELRY WHOLESALE CO. | Large purchase on new device: $271.92 at JEWELRY WHOLESALE CO on device d_847598, its first transaction on this account (2026-07-31 23:00 UTC). That is 11x the account's median purchase of $24.23 over its 248 earlier purchases.",u_01416,2026-07-31T23:00:00Z,271.92,JEWELRY WHOLESALE CO,d_847598,
t_68aaa2153cc88929,DEVICE_NEW_TO_MULTIPLE_ACCOUNTS;LARGE_PURCHASE_ON_NEW_DEVICE,"Device new to multiple accounts: device d_931250 has been used by 11 accounts that had never used it before, starting 2026-07-21. One device operating several accounts points to an account-takeover ring or mule farm. This transaction: $160.32 at RESELL MARKET 24. | Large purchase on new device: $160.32 at RESELL MARKET 24 on device d_931250, its first transaction on this account (2026-07-31 23:00 UTC). That is 4x the account's median purchase of $36.61 over its 146 earlier purchases.",u_01976,2026-07-31T23:00:00Z,160.32,RESELL MARKET 24,d_931250,
t_6972708e8910895b,DEVICE_NEW_TO_MULTIPLE_ACCOUNTS;LARGE_PURCHASE_ON_NEW_DEVICE,"Device new to multiple accounts: device d_847598 has been used by 14 accounts that had never used it before, starting 2026-07-21. One device operating several accounts points to an account-takeover ring or mule farm. This transaction: $437.40 at LUXE ELECTRONICS OUTLET. | Large purchase on new device: $437.40 at LUXE ELECTRONICS OUTLET on device d_847598, its first transaction on this account (2026-07-31 23:00 UTC). That is 17x the account's median purchase of $25.16 over its 184 earlier purchases.",u_00020,2026-07-31T23:00:00Z,437.4,LUXE ELECTRONICS OUTLET,d_847598,
t_50f0cfce9bd451d7,DEVICE_NEW_TO_MULTIPLE_ACCOUNTS;LARGE_PURCHASE_ON_NEW_DEVICE,"Device new to multiple accounts: device d_931250 has been used by 11 accounts that had never used it before, starting 2026-07-21. One device operating several accounts points to an account-takeover ring or mule farm. This transaction: $186.08 at LUXE ELECTRONICS OUTLET. | Large purchase on new device: $186.08 at LUXE ELECTRONICS OUTLET on device d_931250, its first transaction on this account (2026-07-31 23:00 UTC). That is 6x the account's median purchase of $29.52 over its 1264 earlier purchases.",u_00204,2026-07-31T23:00:00Z,186.08,LUXE ELECTRONICS OUTLET,d_931250,
t_3003f3677b263063,DEVICE_NEW_TO_MULTIPLE_ACCOUNTS;LARGE_PURCHASE_ON_NEW_DEVICE,"Device new to multiple accounts: device d_847598 has been used by 14 accounts that had never used it before, starting 2026-07-21. One device operating several accounts points to an account-takeover ring or mule farm. This transaction: $264.45 at JEWELRY WHOLESALE CO. | Large purchase on new device: $264.45 at JEWELRY WHOLESALE CO on device d_847598, its first transaction on this account (2026-07-31 23:00 UTC). That is 26x the account's median purchase of $10.22 over its 259 earlier purchases.",u_00967,2026-07-31T23:00:00Z,264.45,JEWELRY WHOLESALE CO,d_847598,
t_5044b4955dc11f0e,DEVICE_NEW_TO_MULTIPLE_ACCOUNTS;LARGE_PURCHASE_ON_NEW_DEVICE,"Device new to multiple accounts: device d_847598 has been used by 14 accounts that had never used it before, starting 2026-07-21. One device operating several accounts points to an account-takeover ring or mule farm. This transaction: $299.04 at GIFTCARDS EXPRESS. | Large purchase on new device: $299.04 at GIFTCARDS EXPRESS on device d_847598, its first transaction on this account (2026-07-31 23:00 UTC). That is 5x the account's median purchase of $63.96 over its 153 earlier purchases.",u_00539,2026-07-31T23:00:00Z,299.04,GIFTCARDS EXPRESS,d_847598,
t_7067fd5aa4adecbd,DEVICE_NEW_TO_MULTIPLE_ACCOUNTS;LARGE_PURCHASE_ON_NEW_DEVICE,"Device new to multiple accounts: device d_847598 has been used by 14 accounts that had never used it before, starting 2026-07-21. One device operating several accounts points to an account-takeover ring or mule farm. This transaction: $106.60 at LUXE ELECTRONICS OUTLET. | Large purchase on new device: $106.60 at LUXE ELECTRONICS OUTLET on device d_847598, its first transaction on this account (2026-07-31 23:00 UTC). That is 4x the account's median purchase of $24.23 over its 248 earlier purchases.",u_01416,2026-07-31T23:00:00Z,106.6,LUXE ELECTRONICS OUTLET,d_847598,
t_367fdc718aee028b,DEVICE_NEW_TO_MULTIPLE_ACCOUNTS;LARGE_PURCHASE_ON_NEW_DEVICE,"Device new to multiple accounts: device d_847598 has been used by 14 accounts that had never used it before, starting 2026-07-21. One device operating several accounts points to an account-takeover ring or mule farm. This transaction: $137.67 at RESELL MARKET 24. | Large purchase on new device: $137.67 at RESELL MARKET 24 on device d_847598, its first transaction on this account (2026-07-31 23:00 UTC). That is 8x the account's median purchase of $17.35 over its 295 earlier purchases.",u_00766,2026-07-31T23:00:00Z,137.67,RESELL MARKET 24,d_847598,
t_38c6f4e1ca6c9fe7,DEVICE_NEW_TO_MULTIPLE_ACCOUNTS;LARGE_PURCHASE_ON_NEW_DEVICE,"Device new to multiple accounts: device d_847598 has been used by 14 accounts that had never used it before, starting 2026-07-21. One device operating several accounts points to an account-takeover ring or mule farm. This transaction: $397.72 at LUXE ELECTRONICS OUTLET. | Large purchase on new device: $397.72 at LUXE ELECTRONICS OUTLET on device d_847598, its first transaction on this account (2026-07-31 23:00 UTC). That is 39x the account's median purchase of $10.22 over its 259 earlier purchases.",u_00967,2026-07-31T23:00:00Z,397.72,LUXE ELECTRONICS OUTLET,d_847598,
t_38dafc58fdb77c86,DEVICE_NEW_TO_MULTIPLE_ACCOUNTS;LARGE_PURCHASE_ON_NEW_DEVICE,"Device new to multiple accounts: device d_847598 has been used by 14 accounts that had never used it before, starting 2026-07-21. One device operating several accounts points to an account-takeover ring or mule farm. This transaction: $90.77 at RESELL MARKET 24. | Large purchase on new device: $90.77 at RESELL MARKET 24 on device d_847598, its first transaction on this account (2026-07-31 23:00 UTC). That is 4x the account's median purchase of $25.16 over its 184 earlier purchases.",u_00020,2026-07-31T23:00:00Z,90.77,RESELL MARKET 24,d_847598,
t_3907b5a3e1a1c59c,DEVICE_NEW_TO_MULTIPLE_ACCOUNTS;LARGE_PURCHASE_ON_NEW_DEVICE,"Device new to multiple accounts: device d_847598 has been used by 14 accounts that had never used it before, starting 2026-07-21. One device operating several accounts points to an account-takeover ring or mule farm. This transaction: $403.42 at RESELL MARKET 24. | Large purchase on new device: $403.42 at RESELL MARKET 24 on device d_847598, its first transaction on this account (2026-07-31 23:00 UTC). That is 24x the account's median purchase of $17.02 over its 294 earlier purchases.",u_00659,2026-07-31T23:00:00Z,403.42,RESELL MARKET 24,d_847598,
t_7535485b67f5063e,DEVICE_NEW_TO_MULTIPLE_ACCOUNTS;LARGE_PURCHASE_ON_NEW_DEVICE,"Device new to multiple accounts: device d_931250 has been used by 11 accounts that had never used it before, starting 2026-07-21. One device operating several accounts points to an account-takeover ring or mule farm. This transaction: $236.12 at PREPAID DEPOT. | Large purchase on new device: $236.12 at PREPAID DEPOT on device d_931250, its first transaction on this account (2026-07-31 23:00 UTC). That is 9x the account's median purchase of $25.96 over its 259 earlier purchases.",u_00151,2026-07-31T23:00:00Z,236.12,PREPAID DEPOT,d_931250,
t_3a2ad9ffa8986326,DEVICE_NEW_TO_MULTIPLE_ACCOUNTS;LARGE_PURCHASE_ON_NEW_DEVICE,"Device new to multiple accounts: device d_847598 has been used by 14 accounts that had never used it before, starting 2026-07-21. One device operating several accounts points to an account-takeover ring or mule farm. This transaction: $420.99 at LUXE ELECTRONICS OUTLET. | Large purchase on new device: $420.99 at LUXE ELECTRONICS OUTLET on device d_847598, its first transaction on this account (2026-07-31 23:00 UTC). That is 25x the account's median purchase of $17.02 over its 294 earlier purchases.",u_00659,2026-07-31T23:00:00Z,420.99,LUXE ELECTRONICS OUTLET,d_847598,
t_3a2ea6feb36eab7f,DEVICE_NEW_TO_MULTIPLE_ACCOUNTS;LARGE_PURCHASE_ON_NEW_DEVICE,"Device new to multiple accounts: device d_847598 has been used by 14 accounts that had never used it before, starting 2026-07-21. One device operating several accounts points to an account-takeover ring or mule farm. This transaction: $245.86 at LUXE ELECTRONICS OUTLET. | Large purchase on new device: $245.86 at LUXE ELECTRONICS OUTLET on device d_847598, its first transaction on this account (2026-07-31 23:00 UTC). That is 14x the account's median purchase of $17.35 over its 295 earlier purchases.",u_00766,2026-07-31T23:00:00Z,245.86,LUXE ELECTRONICS OUTLET,d_847598,
t_3c35494806a96694,DEVICE_NEW_TO_MULTIPLE_ACCOUNTS;LARGE_PURCHASE_ON_NEW_DEVICE,"Device new to multiple accounts: device d_847598 has been used by 14 accounts that had never used it before, starting 2026-07-21. One device operating several accounts points to an account-takeover ring or mule farm. This transaction: $236.20 at GIFTCARDS EXPRESS. | Large purchase on new device: $236.20 at GIFTCARDS EXPRESS on device d_847598, its first transaction on this account (2026-07-31 23:00 UTC). That is 10x the account's median purchase of $24.23 over its 248 earlier purchases.",u_01416,2026-07-31T23:00:00Z,236.2,GIFTCARDS EXPRESS,d_847598,
t_3d382db0ed392f36,DEVICE_NEW_TO_MULTIPLE_ACCOUNTS;LARGE_PURCHASE_ON_NEW_DEVICE,"Device new to multiple accounts: device d_847598 has been used by 14 accounts that had never used it before, starting 2026-07-21. One device operating several accounts points to an account-takeover ring or mule farm. This transaction: $118.38 at GIFTCARDS EXPRESS. | Large purchase on new device: $118.38 at GIFTCARDS EXPRESS on device d_847598, its first transaction on this account (2026-07-31 23:00 UTC). That is 6x the account's median purchase of $19.80 over its 222 earlier purchases.",u_01249,2026-07-31T23:00:00Z,118.38,GIFTCARDS EXPRESS,d_847598,
t_3e7f6ef6c91e913f,DEVICE_NEW_TO_MULTIPLE_ACCOUNTS;LARGE_PURCHASE_ON_NEW_DEVICE,"Device new to multiple accounts: device d_931250 has been used by 11 accounts that had never used it before, starting 2026-07-21. One device operating several accounts points to an account-takeover ring or mule farm. This transaction: $209.38 at LUXE ELECTRONICS OUTLET. | Large purchase on new device: $209.38 at LUXE ELECTRONICS OUTLET on device d_931250, its first transaction on this account (2026-07-31 23:00 UTC). That is 8x the account's median purchase of $25.96 over its 259 earlier purchases.",u_00151,2026-07-31T23:00:00Z,209.38,LUXE ELECTRONICS OUTLET,d_931250,
t_4146aef7c1f8f293,DEVICE_NEW_TO_MULTIPLE_ACCOUNTS;LARGE_PURCHASE_ON_NEW_DEVICE,"Device new to multiple accounts: device d_847598 has been used by 14 accounts that had never used it before, starting 2026-07-21. One device operating several accounts points to an account-takeover ring or mule farm. This transaction: $238.50 at PREPAID DEPOT. | Large purchase on new device: $238.50 at PREPAID DEPOT on device d_847598, its first transaction on this account (2026-07-31 23:00 UTC). That is 14x the account's median purchase of $17.02 over its 294 earlier purchases.",u_00659,2026-07-31T23:00:00Z,238.5,PREPAID DEPOT,d_847598,
t_414f5aba5f0804fe,DEVICE_NEW_TO_MULTIPLE_ACCOUNTS;LARGE_PURCHASE_ON_NEW_DEVICE,"Device new to multiple accounts: device d_931250 has been used by 11 accounts that had never used it before, starting 2026-07-21. One device operating several accounts points to an account-takeover ring or mule farm. This transaction: $263.09 at PREPAID DEPOT. | Large purchase on new device: $263.09 at PREPAID DEPOT on device d_931250, its first transaction on this account (2026-07-31 23:00 UTC). That is 7x the account's median purchase of $36.61 over its 146 earlier purchases.",u_01976,2026-07-31T23:00:00Z,263.09,PREPAID DEPOT,d_931250,
t_43e811b72d697b6d,DEVICE_NEW_TO_MULTIPLE_ACCOUNTS;LARGE_PURCHASE_ON_NEW_DEVICE,"Device new to multiple accounts: device d_931250 has been used by 11 accounts that had never used it before, starting 2026-07-21. One device operating several accounts points to an account-takeover ring or mule farm. This transaction: $298.37 at LUXE ELECTRONICS OUTLET. | Large purchase on new device: $298.37 at LUXE ELECTRONICS OUTLET on device d_931250, its first transaction on this account (2026-07-31 23:00 UTC). That is 12x the account's median purchase of $24.55 over its 323 earlier purchases.",u_01468,2026-07-31T23:00:00Z,298.37,LUXE ELECTRONICS OUTLET,d_931250,
t_471f4b3ce27bb153,DEVICE_NEW_TO_MULTIPLE_ACCOUNTS;LARGE_PURCHASE_ON_NEW_DEVICE,"Device new to multiple accounts: device d_847598 has been used by 14 accounts that had never used it before, starting 2026-07-21. One device operating several accounts points to an account-takeover ring or mule farm. This transaction: $112.33 at JEWELRY WHOLESALE CO. | Large purchase on new device: $112.33 at JEWELRY WHOLESALE CO on device d_847598, its first transaction on this account (2026-07-31 23:00 UTC). That is 6x the account's median purchase of $19.80 over its 222 earlier purchases.",u_01249,2026-07-31T23:00:00Z,112.33,JEWELRY WHOLESALE CO,d_847598,
t_721ec71849e1a628,DEVICE_NEW_TO_MULTIPLE_ACCOUNTS;LARGE_PURCHASE_ON_NEW_DEVICE,"Device new to multiple accounts: device d_847598 has been used by 14 accounts that had never used it before, starting 2026-07-21. One device operating several accounts points to an account-takeover ring or mule farm. This transaction: $329.64 at LUXE ELECTRONICS OUTLET. | Large purchase on new device: $329.64 at LUXE ELECTRONICS OUTLET on device d_847598, its first transaction on this account (2026-07-31 23:00 UTC). That is 32x the account's median purchase of $10.22 over its 259 earlier purchases.",u_00967,2026-07-31T23:00:00Z,329.64,LUXE ELECTRONICS OUTLET,d_847598,
t_479593fa8665bf92,DEVICE_NEW_TO_MULTIPLE_ACCOUNTS,"Device new to multiple accounts: device d_847598 has been used by 14 accounts that had never used it before, starting 2026-07-21. One device operating several accounts points to an account-takeover ring or mule farm. This transaction: $427.73 at LUXE ELECTRONICS OUTLET.",u_00819,2026-07-31T23:00:00Z,427.73,LUXE ELECTRONICS OUTLET,d_847598,
t_4871a40d30b2df60,DEVICE_NEW_TO_MULTIPLE_ACCOUNTS;LARGE_PURCHASE_ON_NEW_DEVICE,"Device new to multiple accounts: device d_847598 has been used by 14 accounts that had never used it before, starting 2026-07-21. One device operating several accounts points to an account-takeover ring or mule farm. This transaction: $218.62 at LUXE ELECTRONICS OUTLET. | Large purchase on new device: $218.62 at LUXE ELECTRONICS OUTLET on device d_847598, its first transaction on this account (2026-07-31 23:00 UTC). That is 3x the account's median purchase of $63.96 over its 153 earlier purchases.",u_00539,2026-07-31T23:00:00Z,218.62,LUXE ELECTRONICS OUTLET,d_847598,
t_4888cc3358abfc71,DEVICE_NEW_TO_MULTIPLE_ACCOUNTS;LARGE_PURCHASE_ON_NEW_DEVICE,"Device new to multiple accounts: device d_847598 has been used by 14 accounts that had never used it before, starting 2026-07-21. One device operating several accounts points to an account-takeover ring or mule farm. This transaction: $425.92 at JEWELRY WHOLESALE CO. | Large purchase on new device: $425.92 at JEWELRY WHOLESALE CO on device d_847598, its first transaction on this account (2026-07-31 23:00 UTC). That is 7x the account's median purchase of $63.96 over its 153 earlier purchases.",u_00539,2026-07-31T23:00:00Z,425.92,JEWELRY WHOLESALE CO,d_847598,
t_496b3b702ab0ad3a,DEVICE_NEW_TO_MULTIPLE_ACCOUNTS;LARGE_PURCHASE_ON_NEW_DEVICE,"Device new to multiple accounts: device d_847598 has been used by 14 accounts that had never used it before, starting 2026-07-21. One device operating several accounts points to an account-takeover ring or mule farm. This transaction: $80.97 at JEWELRY WHOLESALE CO. | Large purchase on new device: $80.97 at JEWELRY WHOLESALE CO on device d_847598, its first transaction on this account (2026-07-31 23:00 UTC). That is 3x the account's median purchase of $25.16 over its 184 earlier purchases.",u_00020,2026-07-31T23:00:00Z,80.97,JEWELRY WHOLESALE CO,d_847598,
t_4c746c0baf252f14,DEVICE_NEW_TO_MULTIPLE_ACCOUNTS;LARGE_PURCHASE_ON_NEW_DEVICE,"Device new to multiple accounts: device d_847598 has been used by 14 accounts that had never used it before, starting 2026-07-21. One device operating several accounts points to an account-takeover ring or mule farm. This transaction: $449.98 at PREPAID DEPOT. | Large purchase on new device: $449.98 at PREPAID DEPOT on device d_847598, its first transaction on this account (2026-07-31 23:00 UTC). That is 11x the account's median purchase of $42.36 over its 160 earlier purchases.",u_00296,2026-07-31T23:00:00Z,449.98,PREPAID DEPOT,d_847598,
t_4cec5cf867a301d5,DEVICE_NEW_TO_MULTIPLE_ACCOUNTS;LARGE_PURCHASE_ON_NEW_DEVICE,"Device new to multiple accounts: device d_931250 has been used by 11 accounts that had never used it before, starting 2026-07-21. One device operating several accounts points to an account-takeover ring or mule farm. This transaction: $199.33 at LUXE ELECTRONICS OUTLET. | Large purchase on new device: $199.33 at LUXE ELECTRONICS OUTLET on device d_931250, its first transaction on this account (2026-07-31 23:00 UTC). That is 7x the account's median purchase of $29.00 over its 7258 earlier purchases.",u_01730,2026-07-31T23:00:00Z,199.33,LUXE ELECTRONICS OUTLET,d_931250,
t_4fc65162f96b8584,DEVICE_NEW_TO_MULTIPLE_ACCOUNTS;LARGE_PURCHASE_ON_NEW_DEVICE,"Device new to multiple accounts: device d_847598 has been used by 14 accounts that had never used it before, starting 2026-07-21. One device operating several accounts points to an account-takeover ring or mule farm. This transaction: $258.76 at LUXE ELECTRONICS OUTLET. | Large purchase on new device: $258.76 at LUXE ELECTRONICS OUTLET on device d_847598, its first transaction on this account (2026-07-31 23:00 UTC). That is 10x the account's median purchase of $25.16 over its 184 earlier purchases.",u_00020,2026-07-31T23:00:00Z,258.76,LUXE ELECTRONICS OUTLET,d_847598,
t_3ebf109745acd6ff,DEVICE_NEW_TO_MULTIPLE_ACCOUNTS;LARGE_PURCHASE_ON_NEW_DEVICE,"Device new to multiple accounts: device d_931250 has been used by 11 accounts that had never used it before, starting 2026-07-21. One device operating several accounts points to an account-takeover ring or mule farm. This transaction: $342.64 at LUXE ELECTRONICS OUTLET. | Large purchase on new device: $342.64 at LUXE ELECTRONICS OUTLET on device d_931250, its first transaction on this account (2026-07-31 23:00 UTC). That is 14x the account's median purchase of $24.55 over its 323 earlier purchases.",u_01468,2026-07-31T23:00:00Z,342.64,LUXE ELECTRONICS OUTLET,d_931250,
