file_line,txn_id,user_id,timestamp,merchant_name,amount,device_id,reject_reason
20371,t_5c0a3d9ac8ccd55d,u_01290,not_a_timestamp,Grubhub,63.64,d_001803,unparseable_timestamp
38131,t_3f08cfbcfd6430b2,u_01677,2026-07-27T02:26:13Z,SQ *SUBWAY,,d_002344,missing_or_invalid_amount
44235,t_2c8fc5dc3396cb88,u_01340,2026-07-09T05:57:01Z,Etsy,49.38,d_001871,exact_duplicate
59832,t_736053bd15d6df8f,u_01012,2026-07-29T10:18:44Z,PHILZ COFFEE,51.66,d_001413,exact_duplicate
66869,t_4a2b28e08fa8d83c,u_00976,2026-06-12T01:24:26Z,SQ *IN-N-OUT,18.24,d_002847,exact_duplicate
69481,t_2e4bb10eb7294f4b,u_00423,2026-06-21T03:42:09Z,Shein,48.3,d_000591,exact_duplicate
71308,t_04f06b2aba12239c,u_00397,2026-06-18T02:07:51Z,Shell,43.79,d_000553,exact_duplicate
71783,t_48f0b518cf347262,u_01893,2026-07-20T03:45:12Z,eBay,22.75,d_002654,exact_duplicate
85552,t_00656c1aa253f942,u_00630,2026-07-20T10:57:48Z,Nordstrom,130.14,d_000886,exact_duplicate
91846,t_7871a9aec86906a1,u_01577,2026-07-31T18:54:27Z,In-N-Out,13.93,d_002202,exact_duplicate
93859,t_715651edd9324d62,u_00180,2026-06-23T13:50:25Z,Amazon,25.53,d_000249,exact_duplicate
101110,t_10b40f56e82c4d86,u_01781,not_a_timestamp,Sephora,45.9,d_002496,unparseable_timestamp
101124,t_643cab36e40ff328,u_00789,2026-06-28T05:53:54Z,WALMART #9653,20.34,d_001104,exact_duplicate
103960,t_52d1ffe676b319c8,u_01050,2026-05-14T14:21:20Z,Home Depot,10.89,d_001468,exact_duplicate
104692,t_10318e25efa3a004,u_00836,not_a_timestamp,SQ *UBER,73.37,d_001169,unparseable_timestamp
104717,t_692fc18c6d3f40d2,u_01781,2026-05-12T02:02:20Z,Walmart,80.36,d_002496,exact_duplicate
111704,t_3af335a529b0e41a,u_01793,2026-06-10T12:36:11Z,Verizon,72.91,d_002514,exact_duplicate
115451,t_73a08c250639019a,u_00738,2026-06-07T11:26:48Z,PlayStation Store 12,21.93,d_001035,exact_duplicate
119048,t_66d388eef00f310a,u_00736,2026-05-03T08:14:14Z,Airbnb,142.33,d_001033,exact_duplicate
124619,t_307100ecae1b4c07,u_00549,2026-07-12T02:51:55Z,ZELLE TRANSFER #9191,47.31,d_000770,exact_duplicate
130129,t_33ee7102056507ec,u_01812,2026-07-02T14:15:13Z,WALMART SAN JOSE CA,22.39,d_002541,exact_duplicate
132124,t_4e27af39dbc3db4b,u_00656,2026-06-13T12:03:54Z,Spotify,2.73,d_000926,exact_duplicate
133025,t_0a2314c327821556,u_00812,2026-05-03T17:40:39Z,Costco,26.82,d_001134,exact_duplicate
145414,t_25b72283cad66c52,u_00720,2026-05-25T03:53:28Z,In-N-Out,19.05,d_001015,exact_duplicate
145523,t_78e558dca980cfab,u_00912,2026-07-02T12:47:51Z,Spotify,42.95,d_002815,exact_duplicate
146091,t_15e1f63dbc2cf673,u_00736,not_a_timestamp,TARGET,114.9,d_001033,unparseable_timestamp
147436,t_7dd5c3a412d353e2,u_00633,2026-05-05T06:13:15Z,PLANET FITNESS CA,129.0,d_000891,exact_duplicate
149215,t_4db83581d4000b7f,u_00692,2026-06-16T06:12:02Z,Home Depot,16.36,d_000974,exact_duplicate
158246,t_4855f88832cd1db5,u_00373,2026-07-15T00:23:23Z,Nike,21.73,d_000518,exact_duplicate
159429,t_7529e4c26a85d842,u_00245,2026-06-13T13:17:10Z,Philz Coffee,36.07,d_000341,exact_duplicate
163209,t_7ae45f8ef781a0ce,u_00984,2026-07-01T03:11:24Z,Costco Store 660,33.98,d_001373,exact_duplicate
166233,t_6e7a81dbc99b9f61,u_00391,2026-07-15T21:50:26Z,Philz Coffee Store 549,6.84,d_000545,exact_duplicate
172695,t_59b6900f0aa64a7f,u_00564,2026-05-27T20:41:57Z,DOORDASH #3734,8.74,d_000788,exact_duplicate
175324,t_279373320c4be236,u_00362,2026-05-07T02:00:05Z,REI Store 195,16.53,d_000502,exact_duplicate
180933,t_5d955f1b5a1aa6cf,u_00228,2026-05-25T21:26:44Z,PG&E,19.98,d_000317,exact_duplicate
181312,t_16a8205e12081aff,u_01793,2026-06-07T16:43:20Z,NETFLIX,10.18,d_002514,exact_duplicate
181688,t_53b5a9882ecaaabf,u_00848,2026-06-24T19:00:24Z,Temu,7.09,d_001185,exact_duplicate
182084,t_2bd43c550a80bed1,u_00092,2026-05-14T18:28:05Z,Delta Air Lines,26.91,d_000130,exact_duplicate
182428,t_30d657d06bb774d3,u_00541,2026-05-04T22:49:55Z,Planet Fitness,55.85,d_002808,exact_duplicate
184951,t_35cec876e1e08ac6,u_01805,2026-05-24T05:07:12Z,NORDSTROM SAN JOSE CA,54.12,d_002532,exact_duplicate
185104,t_1ff92e53937f8789,u_01352,2026-07-21T18:40:32Z,Philz Coffee,10.98,d_001888,exact_duplicate
190312,t_1e1a151c06214b52,u_01738,2026-05-30T22:42:27Z,NORDSTROM HTTPSWWW,,d_002435,missing_or_invalid_amount
190872,t_48a20abec3a5bbfb,u_00091,2026-05-22T20:00:14Z,eBay,,d_000128,missing_or_invalid_amount
193551,t_40eeaa76d5279be5,u_00014,2026-05-15T15:53:39Z,DELTA AIR LINES,50.83,d_000023,exact_duplicate
194349,t_51a976647d9f4775,u_00652,2026-05-20T14:17:36Z,CHIPOTLE,44.05,d_002851,exact_duplicate
199455,t_07f6df3bca61d511,u_00391,2026-07-28T13:51:43Z,PG&E,11.84,d_000545,exact_duplicate
200506,t_31bf0bf450bb2908,u_01545,2026-07-07T12:21:15Z,Lyft,,d_002157,missing_or_invalid_amount
203752,t_427fa31256f79cb2,u_01178,2026-07-18T04:10:50Z,PLANET FITNESS,20.72,d_001654,exact_duplicate
206631,t_7607565e03511fa9,u_00421,2026-05-25T19:57:05Z,CVS,10.03,d_000589,exact_duplicate
207797,t_3bffa5b7a0c9cbe0,u_00588,2026-06-11T08:32:10Z,WHOLE FOODS,,d_000822,missing_or_invalid_amount
209198,t_55aef69f9ee66105,u_00916,2026-07-08T17:25:33Z,Temu Store 686,97.92,d_001283,exact_duplicate
209262,t_313ebc037c7d6524,u_01269,not_a_timestamp,Philz Coffee,15.03,d_001777,unparseable_timestamp
211174,t_06917723642e1882,u_00980,2026-05-10T21:56:34Z,Nordstrom Store 181,18.9,d_001366,exact_duplicate
213142,t_04f018d70011b69b,u_00133,2026-07-15T13:29:35Z,Netflix,13.6,d_000185,exact_duplicate
213871,t_6ee6569022ff609b,u_01861,2026-07-17T12:44:43Z,SQ *SEPHORA,17.91,d_002609,exact_duplicate
214518,t_70177bb8daabd15f,u_01669,2026-06-16T21:14:02Z,7-Eleven,26.82,d_002331,exact_duplicate
216909,t_134935feb60e852e,u_01501,2026-06-24T14:29:21Z,SQ *PLAYSTATION,11.71,d_002098,exact_duplicate
217456,t_684b02c7fe299555,u_00691,2026-05-13T06:55:09Z,Best Buy,12.41,d_000973,exact_duplicate
217824,t_30a1bab9d8693f6f,u_00944,2026-06-09T02:07:51Z,CVS,6.84,d_001320,exact_duplicate
218475,t_214a60923961b88a,u_00467,2026-05-27T00:42:44Z,GEICO HTTPSWWW,,d_000660,missing_or_invalid_amount
218501,t_0d289d611e27520d,u_01260,2026-06-25T13:49:31Z,TARGET,15.76,d_001765,exact_duplicate
224099,t_503b213a6b6b268d,u_01346,2026-05-10T08:42:29Z,Temu,65.67,d_001880,exact_duplicate
224389,t_03f72e808bf9124e,u_01602,2026-07-06T00:20:25Z,Chevron,26.93,d_002238,exact_duplicate
226632,t_4740d0fd61dccb4c,u_00916,2026-07-25T05:21:40Z,SAFEWAY #3953,37.88,d_001283,exact_duplicate
227082,t_19f16ac24b1c34b3,u_01661,2026-07-12T06:35:40Z,In-N-Out,45.57,d_002318,exact_duplicate
228841,t_060f242c0f6d15ad,u_01781,2026-06-20T02:34:50Z,Costco,1.81,d_002497,exact_duplicate
232508,t_4e930ce5cf989228,u_01880,2026-07-02T00:13:32Z,PLANET FITNESS #4207,13.92,d_002637,exact_duplicate
232651,t_474bdbc766e87e9d,u_01826,2026-06-16T09:42:23Z,Marriott,35.51,d_002561,exact_duplicate
234698,t_6dfa6663d123fb42,u_00953,2026-06-12T20:03:26Z,BEST BUY,35.24,d_001332,exact_duplicate
235249,t_1795cafd433ab28b,u_01974,2026-07-27T16:49:35Z,Whole Foods,2.99,d_002825,exact_duplicate
238744,t_67154e6bdeae637b,u_00776,2026-07-12T08:01:04Z,SQ *CVS,65.25,d_001083,exact_duplicate
239331,t_13b38940ff9d134c,u_00438,2026-06-15T10:55:27Z,BEST BUY,20.96,d_000615,exact_duplicate
242289,t_5bc3b42e519dcd5b,u_00374,2026-07-13T10:15:05Z,Trader Joes Store 727,21.92,d_000519,exact_duplicate
242349,t_6073f09bf007de1a,u_01602,2026-06-30T03:52:02Z,Panda Express,30.31,d_002237,exact_duplicate
243580,t_43affc2a1ee84277,u_01852,2026-07-18T18:31:18Z,DoorDash,34.14,d_002596,exact_duplicate
244034,t_28d1b0740a340cdc,u_00367,2026-07-26T02:32:03Z,DELTA AIR LINES #5883,29.15,d_000509,exact_duplicate
244975,t_1fce70681ff08cd1,u_01250,2026-07-04T02:55:13Z,UBER,14.11,d_001750,exact_duplicate
245152,t_1bbc453adbb68535,u_00227,2026-05-15T00:56:18Z,Peets Coffee,26.22,d_000315,exact_duplicate
246679,t_172c149e7062f6bd,u_01999,2026-07-10T08:40:31Z,Spotify,5.99,d_002804,exact_duplicate
251056,t_6bc67cd668668d04,u_01645,2026-07-08T11:58:08Z,Subway Store 880,6.24,d_002296,exact_duplicate
255187,t_7fb1b8bf99591ea0,u_01584,2026-05-20T17:11:36Z,CHEVRON,29.68,d_002213,exact_duplicate
256974,t_437a6c3723ff2e8f,u_01799,2026-07-19T04:27:08Z,STEAM CA,7.69,d_002521,exact_duplicate
256997,t_3103d09dcdc28064,u_00191,2026-06-29T00:30:03Z,PEETS COFFEE #1895,270.39,d_000266,exact_duplicate
257840,t_7338339fd24af954,u_00048,2026-06-05T04:48:15Z,CVS,17.83,d_000072,exact_duplicate
259177,t_6924dcbd3b6c7094,u_01238,2026-05-21T13:45:13Z,CHIPOTLE #3693,19.63,d_001734,exact_duplicate
263992,t_2ff9ca61cd6c33c8,u_01439,2026-05-31T20:18:01Z,STEAM,10.09,d_002011,exact_duplicate
264953,t_237a3e0cdba5af6b,u_00206,2026-07-03T00:33:07Z,MARRIOTT,16.45,d_000285,exact_duplicate
265589,t_11115226bad2ed6a,u_01624,2026-07-08T23:29:17Z,SQ *PANDA EXPRESS,57.2,d_002267,exact_duplicate
267485,t_0ad01415b1225527,u_01662,2026-05-19T17:52:27Z,Best Buy,26.87,d_002320,exact_duplicate
269800,t_3f29322e78673265,u_01702,2026-07-24T04:51:19Z,WALMART #5862,30.39,d_002382,exact_duplicate
270285,t_587a0d208b256db2,u_01844,2026-06-25T03:30:28Z,SQ *LULULEMON,16.39,d_002584,exact_duplicate
271770,t_689a02b7a800ac80,u_00696,2026-05-29T00:54:06Z,MCDONALDS #1899,40.59,d_000980,exact_duplicate
273617,t_1b85b512bad99ecc,u_01882,2026-07-13T10:14:00Z,Geico,26.41,d_002640,exact_duplicate
276643,t_5a46299f50707bf8,u_01861,2026-07-27T21:41:13Z,VERIZON CA,32.61,d_002608,exact_duplicate
279202,t_5c7608fd35d22ca3,u_00662,2026-05-29T01:58:41Z,Ulta,42.01,d_000934,exact_duplicate
279587,t_3a97b25c27d4fcb2,u_01893,2026-05-10T04:02:08Z,ALIEXPRESS #6777,13.09,d_002654,exact_duplicate
280592,t_2493301147b66085,u_01701,2026-06-12T05:01:04Z,Hilton,21.77,d_002381,exact_duplicate
283937,t_4712dad5ea8a22fb,u_00227,2026-06-12T08:27:13Z,AIRBNB #5929,71.21,d_000315,exact_duplicate
284609,t_34ee3fcd501148fc,u_01290,2026-07-31T04:02:51Z,Nordstrom,15.61,d_001803,exact_duplicate
285976,t_3d218b24d7fc3e3e,u_00982,2026-07-13T23:30:34Z,Lyft,30.11,d_001371,exact_duplicate
286319,t_130f2df7e125ef72,u_00981,2026-05-20T07:12:07Z,Chipotle,11.78,d_001368,exact_duplicate
286681,t_271c4bbb76861811,u_00199,2026-07-30T06:09:46Z,Zelle Transfer,31.58,d_000276,exact_duplicate
286856,t_09c0fd54e79efffe,u_00117,2026-07-08T21:52:33Z,WHOLE FOODS,12.92,d_000166,exact_duplicate
289420,t_087dfc61e02c932f,u_00267,2026-06-08T12:23:52Z,Lyft,37.09,d_000371,exact_duplicate
294373,t_70f550b06e971dcb,u_01501,2026-07-12T03:41:44Z,Zelle Transfer,10.75,d_002098,exact_duplicate
298099,t_104cb435a04484a7,u_01113,2026-05-30T12:12:45Z,CVS,327.15,d_001561,exact_duplicate
301114,t_215259dbaeab7725,u_00932,2026-06-14T21:19:02Z,PG&E Store 54,10.99,d_002841,exact_duplicate
301421,t_4556f3d75e24860c,u_00590,2026-06-18T22:59:36Z,DoorDash,34.37,d_000824,exact_duplicate
301852,t_7ef1b8d8b2db179f,u_01964,2026-05-25T16:35:10Z,Peets Coffee,4.22,d_002754,exact_duplicate
301964,t_7118958e8ec622bf,u_00887,2026-05-18T10:28:47Z,McDonalds,14.71,d_001242,exact_duplicate
302626,t_45d1258142872721,u_00818,2026-06-10T02:55:08Z,Instacart,19.08,d_001144,exact_duplicate
304216,t_358abe99a2f081e1,u_01166,2026-05-31T19:04:37Z,DELTA AIR LINES,32.2,d_001638,exact_duplicate
306299,t_68e87955eb9e41b7,u_01872,2026-07-04T19:50:22Z,SEPHORA #6031,20.97,d_002846,exact_duplicate
307802,t_61586d4ef58ab801,u_01610,2026-07-31T21:44:21Z,Chipotle,25.31,d_002248,exact_duplicate
309481,t_7659b871507364e8,u_00343,2026-06-23T07:48:10Z,Nordstrom,13.41,d_000476,exact_duplicate
309562,t_26a28d0981e5a010,u_00435,2026-06-06T10:44:23Z,7-Eleven,57.75,d_000611,exact_duplicate
309894,t_477624b18f5ca20e,u_01990,2026-06-10T05:46:38Z,Instacart,2.64,d_002792,exact_duplicate
311327,t_31d710c5c055e6a5,u_01954,2026-05-22T00:07:52Z,Airbnb,34.01,d_002738,exact_duplicate
312610,t_780e4a29f6c3ea33,u_00944,2026-05-14T11:06:49Z,Panda Express,57.77,d_001320,exact_duplicate
319008,t_1da69e3568c5e055,u_00881,2026-05-18T16:02:14Z,Nordstrom,35.36,d_001235,exact_duplicate
320673,t_3ad649efb47fa7d2,u_00306,2026-05-31T10:54:45Z,TEMU,21.58,d_000423,exact_duplicate
322400,t_4983603af56359f9,u_01805,2026-07-06T17:02:21Z,PlayStation,53.44,d_002533,exact_duplicate
322760,t_30487ed6cabd8d4a,u_01781,2026-05-31T11:55:17Z,eBay,53.38,d_002497,exact_duplicate
323588,t_656a7591b6fee0b2,u_00903,2026-07-22T20:07:26Z,Trader Joes,5.27,d_001262,exact_duplicate
324893,t_4a8ceceaf6e0526d,u_01345,2026-07-23T14:37:07Z,TRADER JOES #5928,3.31,d_001879,exact_duplicate
325296,t_4b6d3eff928d001d,u_00129,2026-07-19T19:17:17Z,Venmo,23.59,d_000180,exact_duplicate
326245,t_4d62f25df4f92130,u_01446,2026-07-05T13:44:49Z,Starbucks,8.6,d_002019,exact_duplicate
326266,t_0cc17b4f69455185,u_00620,2026-05-13T04:14:49Z,SQ *T-MOBILE,21.84,d_000871,exact_duplicate
327109,t_38c8a04792fe67d3,u_00525,2026-06-20T12:44:13Z,eBay,24.96,d_000735,exact_duplicate
327412,t_13ad78bfb5abcc1e,u_01693,2026-05-10T04:38:52Z,Costco,31.33,d_002367,exact_duplicate
328818,t_1dccc7729fc4cdc1,u_00736,2026-05-11T21:29:55Z,ETSY ONLINE,4.46,d_001033,exact_duplicate
330474,t_77a466ce1e074b10,u_00101,2026-07-14T07:05:45Z,Temu,29.93,d_000142,exact_duplicate
330654,t_02897eeff06d059b,u_01781,2026-06-04T17:53:16Z,T-Mobile,29.32,d_002497,exact_duplicate
331076,t_41825014f856b3ab,u_01328,2026-07-14T15:44:09Z,Trader Joes,10.7,d_001854,exact_duplicate
331133,t_0987271426444628,u_01012,2026-07-06T07:55:47Z,Subway Store 133,6.31,d_001413,exact_duplicate
331289,t_76270b691c96b636,u_00467,2026-07-29T06:00:15Z,Home Depot,119.35,d_000659,exact_duplicate
331978,t_7d3f3903b60c4523,u_01166,2026-07-24T06:46:09Z,SQ *MARRIOTT,41.13,d_001637,exact_duplicate
333360,t_36ec3858f7b7035f,u_01045,2026-07-19T03:41:56Z,CHEVRON,15.33,d_001461,exact_duplicate
334697,t_3c522058afb41a73,u_01239,2026-07-29T18:52:40Z,Whole Foods,8.7,d_001735,exact_duplicate
334703,t_5603671a19afa978,u_01538,2026-06-09T07:14:10Z,IN-N-OUT #9417,9.63,d_002149,exact_duplicate
335105,t_08cbd24d46b8ee13,u_01111,2026-07-01T22:19:20Z,Safeway,43.96,d_001557,exact_duplicate
336686,t_060418cce575d306,u_00117,2026-05-31T04:59:52Z,Shein,13.14,d_000166,exact_duplicate
339396,t_7928125e1da32b3b,u_01844,2026-07-04T16:19:29Z,AIRBNB,19.79,d_002584,exact_duplicate
339657,t_63e7ce0b9e00896d,u_01844,2026-07-01T15:25:09Z,Steam,23.94,d_002584,exact_duplicate
341505,t_4dcb42720600a2ec,u_01498,2026-06-26T08:04:34Z,GOOGLE PLAY,36.48,d_002092,exact_duplicate
343144,t_1d61e686d46d017b,u_01442,2026-07-06T18:07:27Z,BEST BUY SUNNYVALE CA,,d_002014,missing_or_invalid_amount
343262,t_1d675e3fe658820a,u_01781,2026-07-27T13:37:02Z,Safeway,13.28,d_002497,exact_duplicate
344372,t_153632ef1fc280ed,u_00391,2026-07-04T18:31:30Z,Shein Store 867,57.2,d_000545,exact_duplicate
346133,t_0ff5f9c0a24d4321,u_00845,2026-07-03T10:30:58Z,Hilton,6.46,d_001180,exact_duplicate
346920,t_19a78538cca6f339,u_01426,2026-07-08T10:23:36Z,SQ *SHELL,27.13,d_001992,exact_duplicate
346933,t_334dc986b4d98fef,u_01844,not_a_timestamp,Temu,41.6,d_002584,unparseable_timestamp
347303,t_738d1231a281aa18,u_00092,2026-06-03T08:25:26Z,Spotify,,d_000130,missing_or_invalid_amount
348859,t_0653982f2adcb56c,u_00860,2026-06-26T12:01:04Z,Subway,12.12,d_001202,exact_duplicate
349341,t_34af31c8a814495a,u_01660,2026-06-04T01:28:21Z,TEMU ONLINE,55.43,d_002316,exact_duplicate
351945,t_3917488a285c96a1,u_00672,2026-05-20T05:47:17Z,Panda Express,46.26,d_000948,exact_duplicate
352490,t_3caaad9bcf36f0c8,u_00877,2026-06-25T03:20:26Z,AMC Theatres,15.75,d_001229,exact_duplicate
352699,t_7e7b71109fab9a64,u_00215,not_a_timestamp,UBER #9877,13.91,d_000298,unparseable_timestamp
357375,t_6ca2ed02df0642e1,u_01272,2026-07-17T14:47:45Z,SPOTIFY #5318,29.3,d_001781,exact_duplicate
358044,t_00013e1a86f11df3,u_00840,2026-07-28T20:43:11Z,7-ELEVEN,11.59,d_001174,exact_duplicate
360192,t_178a7269dd7b5bb3,u_00919,2026-07-15T22:23:35Z,TARGET #5146,12.96,d_001286,exact_duplicate
361182,t_192116552711b3fa,u_01290,2026-06-21T06:02:48Z,McDonalds,9.32,d_001803,exact_duplicate
361649,t_1b691a2081de25b2,u_00912,2026-06-04T21:29:45Z,Best Buy,290.62,d_002815,exact_duplicate
361863,t_768c0fc1dfd2de23,u_01083,2026-05-30T21:20:30Z,Spotify,19.97,d_001518,exact_duplicate
362529,t_1c5f12345b4d152d,u_01691,2026-07-02T21:09:52Z,Lululemon,4.61,d_002363,exact_duplicate
363215,t_7538c0d33f76f1da,u_01581,2026-06-02T07:47:29Z,Panda Express,10.57,d_002209,exact_duplicate
363510,t_35c8c9fa70f189fc,u_01708,2026-06-13T06:01:39Z,SQ *NIKE,27.95,d_002391,exact_duplicate
365171,t_645792574f788287,u_01891,2026-07-13T18:11:24Z,Nordstrom,55.16,d_002651,exact_duplicate
366080,t_1d76864bbf26d6e3,u_01345,2026-05-07T00:39:18Z,AMC Theatres,18.22,d_001878,exact_duplicate
366551,t_05bae3a525257a01,u_01110,2026-05-22T12:01:14Z,Chipotle,15.62,d_001556,exact_duplicate
369384,t_7160d32b07da7ddd,u_01245,2026-05-20T18:11:07Z,Whole Foods,9.75,d_001742,exact_duplicate
369672,t_22319b357a8412fa,u_00031,2026-07-05T16:47:42Z,REI,35.88,d_000048,exact_duplicate
372466,t_3dda44daf5c790b0,u_00221,2026-07-09T06:54:32Z,Venmo,5.44,d_000306,exact_duplicate
373845,t_55a69699f4b73dbb,u_01350,2026-07-21T17:47:47Z,Safeway,12.31,d_001884,exact_duplicate
375610,t_4c52db3fb253e524,u_01906,2026-05-07T01:49:53Z,Chipotle,10.52,d_002670,exact_duplicate
376094,t_0d933ca785afef85,u_01805,2026-05-11T00:48:23Z,Walgreens Store 89,21.7,d_002533,exact_duplicate
376474,t_444d9ee75916cb9b,u_01515,2026-05-08T09:00:15Z,eBay,4.76,d_002118,exact_duplicate
377341,t_2d09cbceb575860a,u_00903,2026-05-21T05:33:25Z,Temu Store 882,10.25,d_001262,exact_duplicate
378014,t_2a3b731da9a27300,u_00137,2026-05-04T03:36:48Z,MCDONALDS #9708,20.41,d_000190,exact_duplicate
378986,t_67094a7efa78c365,u_00845,2026-06-21T13:27:05Z,AMC THEATRES #9764,10.69,d_001181,exact_duplicate
379471,t_4b70675b8af53cd8,u_00278,2026-05-04T18:37:09Z,Chevron Store 987,,d_000384,missing_or_invalid_amount
380643,t_14e0d0bca8ecc965,u_01731,2026-06-06T04:26:40Z,PLAYSTATION,29.8,d_002424,exact_duplicate
382206,t_6b9fccd9411a48dd,u_00662,2026-07-12T22:47:23Z,SQ *TRADER JOES,114.32,d_000934,exact_duplicate
382979,t_071d7603d34fe149,u_01526,2026-07-15T07:23:09Z,SQ *HILTON,15.9,d_002133,exact_duplicate
383528,t_42b1f63c65591f03,u_01711,2026-05-11T14:05:47Z,Nordstrom,46.7,d_002395,exact_duplicate
383756,t_0516c7f1a8cfc689,u_01046,2026-05-20T17:09:24Z,PG&E,9.4,d_001462,exact_duplicate
383955,t_57aa0e83d026fac7,u_00227,2026-05-07T07:12:37Z,United Airlines,31.31,d_000315,exact_duplicate
385004,t_787ceba06de40342,u_01435,2026-07-03T04:37:27Z,PANDA EXPRESS #6283,23.29,d_002005,exact_duplicate
387761,t_2aea42cb39a1b27d,u_00435,2026-07-03T04:47:35Z,ULTA #7286,18.34,d_000611,exact_duplicate
391818,t_19c02aa68d0888fd,u_00464,2026-05-18T02:22:05Z,AMC Theatres Store 751,23.79,d_000654,exact_duplicate
392248,t_4b3ce801623935fb,u_01164,2026-06-14T21:26:54Z,ULTA,9.83,d_001634,exact_duplicate
393864,t_291743eec5ada490,u_00471,2026-06-16T12:14:47Z,APPLE,15.91,d_000664,exact_duplicate
395997,t_2ab0353388840e8f,u_01844,2026-07-06T05:21:57Z,Geico,10.42,d_002584,exact_duplicate
396244,t_77b2afeeb728b71d,u_00434,2026-06-15T13:02:28Z,Chipotle,26.84,d_000610,exact_duplicate
397014,t_21e381125c6e4f23,u_00841,2026-05-11T07:01:25Z,Etsy Store 185,51.88,d_001175,exact_duplicate
399348,t_2cb18b055a4bc220,u_00848,2026-07-13T01:00:03Z,PLANET FITNESS SAN JOSE CA,2.5,d_001185,exact_duplicate
400155,t_21d18451fbe18861,u_01893,2026-07-04T08:14:28Z,Verizon,23.94,d_002654,exact_duplicate
400480,t_4e912737129dddaa,u_01464,2026-07-26T03:20:16Z,Nike,100.85,d_002045,exact_duplicate
400911,t_22862a5737380ce0,u_01889,2026-05-14T10:16:08Z,MARRIOTT,40.92,d_002649,exact_duplicate
401708,t_383f1faa393a4584,u_00736,2026-05-23T05:24:21Z,AMC Theatres Store 974,45.13,d_001033,exact_duplicate
403051,t_7ea17882f835c86f,u_01854,2026-07-31T17:31:45Z,United Airlines,35.01,d_002599,exact_duplicate
403156,t_0e0965d9397cf6dd,u_01577,2026-06-16T08:23:38Z,VERIZON,36.67,d_002201,exact_duplicate
403726,t_7d2f7f86c512cffc,u_01970,2026-07-14T02:08:33Z,Google Play,,d_002762,missing_or_invalid_amount
404486,t_3e17245054c2023f,u_01316,2026-05-09T16:27:20Z,Ulta,18.56,d_001838,exact_duplicate
405770,t_0a1816bb905cd848,u_01228,2026-07-02T05:24:38Z,LYFT,52.6,d_001722,exact_duplicate
409778,t_05efa6d9b6af2041,u_00845,2026-05-25T00:01:27Z,Chipotle,5.74,d_001181,exact_duplicate
410312,t_05590936f508ffa7,u_00462,2026-06-21T04:54:28Z,In-N-Out,39.88,d_000652,exact_duplicate
410895,t_45dbdae21dd4470d,u_01321,2026-06-22T18:26:09Z,Zelle Transfer,51.31,d_001845,exact_duplicate
413186,t_57d5d5d672e4e4b5,u_00920,2026-07-22T11:05:25Z,CVS,23.16,d_001287,exact_duplicate
415562,t_4a5877ca669a1070,u_00845,2026-05-28T10:53:02Z,Geico,18.51,d_001180,exact_duplicate
419721,t_780e2975c68c798b,u_00376,2026-07-10T13:24:51Z,PANDA EXPRESS SUNNYVALE CA,7.68,d_000522,exact_duplicate
419732,t_78e2e07014d8ed78,u_00513,2026-07-10T20:38:00Z,Airbnb,65.78,d_000719,exact_duplicate
420301,t_301ecc247d650ca4,u_00903,not_a_timestamp,Shell,4.53,d_001262,unparseable_timestamp
420699,t_0ccd4e36d8a5e0f5,u_00585,2026-05-18T11:59:59Z,Target,6.46,d_000819,exact_duplicate
421044,t_7c9ae21eb09cff53,u_01660,2026-06-10T09:02:22Z,SPOTIFY,26.49,d_002316,exact_duplicate
421177,t_62bcc0f9883f6a98,u_01761,2026-07-17T23:19:13Z,Etsy,9.77,d_002469,exact_duplicate
426647,t_367791ad19542302,u_00713,2026-07-22T23:32:59Z,AMC Theatres Store 203,26.2,d_001005,exact_duplicate
428659,t_063034c838fbd554,u_00228,2026-06-15T08:15:53Z,Chipotle,34.2,d_000316,exact_duplicate
429180,t_26c4ca7f6b1273a3,u_01893,2026-07-11T04:26:35Z,SQ *CHEVRON,9.85,d_002654,exact_duplicate
430934,t_0f64478c903281c1,u_01990,2026-06-27T22:55:25Z,Panda Express,4.78,d_002792,exact_duplicate
431380,t_2a010309293474c2,u_01313,2026-07-31T16:58:01Z,In-N-Out Store 583,12.19,d_001834,exact_duplicate
431779,t_0f063bdec4554a49,u_01893,2026-06-23T03:37:44Z,Peets Coffee,1.61,d_002654,exact_duplicate
433347,t_29ea13747a69e955,u_01803,2026-06-11T15:45:04Z,Nike,5.76,d_002529,exact_duplicate
434802,t_14bee3c64f3ab14b,u_01297,2026-07-08T20:24:13Z,REI #3314,20.04,d_001811,exact_duplicate
441035,t_7ef0a971e6e3d439,u_01464,2026-06-05T10:37:09Z,ALIEXPRESS ONLINE,39.5,d_002044,exact_duplicate
441235,t_325395963483d970,u_01195,2026-06-26T11:42:58Z,Google Play Store 297,68.33,d_001678,exact_duplicate
441382,t_1d19c1caf927eb9b,u_00912,2026-05-12T20:22:54Z,Trader Joes,2.71,d_001276,exact_duplicate
441446,t_5be09b03693fd40c,u_01469,2026-06-30T15:17:12Z,Netflix,22.46,d_002052,exact_duplicate
442786,t_0305cdd6ba5a1386,u_00761,2026-05-11T15:30:18Z,MARRIOTT,82.87,d_001064,exact_duplicate
444335,t_11eed54d677f7130,u_00689,2026-05-27T19:49:23Z,Zelle Transfer Store 811,54.49,d_002818,exact_duplicate
445190,t_66a17d8af00bcf98,u_01009,2026-07-18T13:40:33Z,HILTON #296,96.66,d_001409,exact_duplicate
445598,t_4a172c42a5a40377,u_00958,2026-07-02T05:06:21Z,SQ *COSTCO,15.87,d_001340,exact_duplicate
446601,t_332088bb49037216,u_01540,2026-06-02T05:14:36Z,McDonalds,11.21,d_002151,exact_duplicate
446933,t_6ef328ff50716c2e,u_01788,2026-05-18T05:07:50Z,HOME DEPOT,11.71,d_002506,exact_duplicate
447125,t_19e30e5b8e27177f,u_01290,2026-05-07T14:44:36Z,eBay,11.73,d_001803,exact_duplicate
448442,t_454341b357cc742c,u_00742,2026-06-06T19:58:43Z,AMC THEATRES CA,17.39,d_001039,exact_duplicate
450125,t_0882bd0de882384f,u_00314,2026-07-07T13:16:02Z,7-Eleven Store 844,2.83,d_000432,exact_duplicate
451419,t_268c851a42783b6b,u_00981,2026-06-29T07:59:59Z,Costco Store 716,15.44,d_001369,exact_duplicate
451645,t_36a102f15cb98c9a,u_00848,2026-06-12T15:55:09Z,Ulta,3.9,d_001185,exact_duplicate
452724,t_402a5ad66d0a678c,u_01957,2026-06-25T02:36:04Z,GRUBHUB HTTPSWWW,4.8,d_002743,exact_duplicate
453268,t_1ff06c3d376cd02b,u_01730,2026-05-18T22:03:36Z,Whole Foods,52.83,d_002423,exact_duplicate
453596,t_0386849df416941e,u_00692,2026-05-15T13:22:11Z,Target,40.58,d_000974,exact_duplicate
457068,t_575e71407e71fa3b,u_01264,2026-05-05T11:49:11Z,Apple,27.19,d_001770,exact_duplicate
459708,t_3aac1384878e2ede,u_00944,2026-07-19T23:47:09Z,REI,101.6,d_001320,exact_duplicate
461025,t_2a74af653431cd34,u_00662,2026-07-09T21:40:28Z,Trader Joes,,d_000934,missing_or_invalid_amount
461396,t_7217c07424061223,u_00255,2026-06-02T13:58:03Z,Chipotle,126.83,d_000355,exact_duplicate
461825,t_4359e596e91ba839,u_00321,2026-05-20T17:30:32Z,Lululemon,130.71,d_000442,exact_duplicate
463675,t_1bae7daef1af4fa0,u_01821,2026-05-14T21:22:31Z,Spotify,28.23,d_002554,exact_duplicate
464071,t_332e6e0e7b0443ed,u_00554,2026-06-08T18:10:23Z,Walmart,53.1,d_000776,exact_duplicate
464138,t_1e2a29b19ee679bf,u_01706,2026-06-30T14:41:50Z,PlayStation,39.33,d_002388,exact_duplicate
464149,t_0574aed2298ebd38,u_00189,2026-05-07T03:38:07Z,AIRBNB,52.36,d_000263,exact_duplicate
464717,t_180e7e5b8d6b25f7,u_01290,2026-06-22T17:46:45Z,Whole Foods Store 257,265.33,d_001803,exact_duplicate
464780,t_521d7c5599033576,u_01578,2026-05-16T20:39:52Z,Home Depot,9.82,d_002204,exact_duplicate
465274,t_3c7afa57d73e1082,u_01140,2026-07-31T23:47:14Z,Walmart,64.76,d_001600,exact_duplicate
467185,t_046cc42ee66012d2,u_01070,2026-05-07T23:20:14Z,Airbnb,12.11,d_001498,exact_duplicate
468544,t_2009e7e1d27aa6d0,u_00615,2026-05-04T15:00:05Z,BEST BUY,37.65,d_000865,exact_duplicate
468616,t_199183a477d23e3b,u_00399,2026-06-11T18:48:54Z,GEICO,48.39,d_000555,exact_duplicate
468814,t_2365e554b89be50d,u_01166,2026-05-18T06:56:00Z,eBay Store 758,50.94,d_001638,exact_duplicate
471135,t_27af81fc93c44c02,u_00619,2026-06-11T22:08:13Z,Chevron,22.73,d_000870,exact_duplicate
472736,t_1654224a2fb028db,u_01599,2026-07-27T09:17:58Z,Lyft Store 903,29.83,d_002233,exact_duplicate
473795,t_31d7a9b005f91e11,u_00736,2026-07-01T05:16:36Z,Geico Store 818,80.48,d_001033,exact_duplicate
473849,t_52451cdfde0e3dc7,u_00397,2026-05-27T19:52:45Z,Shein,39.25,d_000553,exact_duplicate
473972,t_61639e953772f0cb,u_00845,2026-07-23T01:14:10Z,SPOTIFY #1596,7.33,d_001180,exact_duplicate
475544,t_6d8b291c4ec4ded6,u_00227,2026-07-01T02:12:32Z,Shein,110.94,d_000315,exact_duplicate
477257,t_04a8060c7660d2f3,u_01845,2026-07-29T07:51:53Z,Netflix Store 653,15.28,d_002586,exact_duplicate
479359,t_482a26dbfff2944f,u_00194,2026-07-30T13:39:27Z,REI ONLINE,21.47,d_002819,exact_duplicate
480676,t_678d0a259cf1c780,u_01256,2026-07-31T20:08:05Z,Philz Coffee,4.74,d_001759,exact_duplicate
482598,t_6d7745c329b4b1f7,u_01857,2026-07-15T23:56:01Z,Etsy,9.87,d_002604,exact_duplicate
483158,t_04c973c239f42716,u_00512,2026-06-08T14:15:20Z,Geico Store 927,25.59,d_000718,exact_duplicate
483942,t_505b15f9aaeee310,u_00636,not_a_timestamp,Steam,59.7,d_000894,unparseable_timestamp
484186,t_31fe015b530184b1,u_00170,2026-06-01T19:43:09Z,SPOTIFY #9928,6.93,d_000235,exact_duplicate
485335,t_13bd5de9751a9d09,u_01702,2026-07-05T18:05:23Z,SQ *IN-N-OUT,53.54,d_002382,exact_duplicate
485467,t_3058dd1461971d7b,u_01602,2026-05-07T15:34:35Z,Subway,71.03,d_002238,exact_duplicate
486265,t_321f2cb5b3091abd,u_00736,2026-07-28T15:23:43Z,PG&E,55.36,d_001033,exact_duplicate
486290,t_78bcfdb5dcbc7b97,u_00343,2026-07-07T00:14:11Z,Uber,25.25,d_000476,exact_duplicate
488949,t_096026a69bf0588f,u_01215,2026-06-30T23:48:49Z,eBay Store 160,39.45,d_001705,exact_duplicate
489699,t_43f931528aec9b9f,u_01038,not_a_timestamp,Netflix,16.65,d_001451,unparseable_timestamp
490843,t_509e8bd366178e10,u_01090,2026-07-13T02:54:30Z,Lululemon,11.12,d_001529,exact_duplicate
490999,t_7b64535572a3e837,u_00409,2026-05-12T05:03:11Z,Nordstrom,20.53,d_000570,exact_duplicate
493518,t_52a85ee385564184,u_00271,2026-06-07T04:32:41Z,Home Depot,6.78,d_000375,exact_duplicate
494713,t_610e3472a1e4d658,u_00522,2026-05-05T15:39:43Z,Shell Store 123,25.58,d_000731,exact_duplicate
496731,t_4b8a48dab4983e29,u_01298,2026-06-28T11:06:16Z,AMC Theatres,16.33,d_001812,exact_duplicate
499177,t_2438fd784401eca1,u_01361,2026-06-22T22:11:01Z,LULULEMON,71.49,d_001900,exact_duplicate
499714,t_2d2d0aed95c1408e,u_00271,2026-05-31T09:09:49Z,SQ *WHOLE FOODS,5.61,d_000375,exact_duplicate
500264,t_4c1a096189de2efe,u_01426,2026-06-07T18:35:55Z,7-Eleven,31.06,d_001992,exact_duplicate
502058,t_4f8842244602eb47,u_01073,2026-05-30T02:50:00Z,Sephora,97.73,d_001502,exact_duplicate
502331,t_2933e2e598fe588e,u_00848,2026-06-21T18:51:49Z,SQ *PANDA EXPRESS,5.81,d_001185,exact_duplicate
502651,t_6e01038aad767712,u_01861,2026-06-21T07:56:33Z,Airbnb,21.7,d_002609,exact_duplicate
505439,t_670d7432d16d00d8,u_00461,2026-05-17T15:10:23Z,CHIPOTLE,16.44,d_000650,exact_duplicate
505446,t_3f04330e5310f7fd,u_00157,2026-07-06T15:45:28Z,SAFEWAY #1754,33.32,d_000215,exact_duplicate
507582,t_5c9d09e4a830e014,u_00569,2026-05-31T04:38:48Z,COSTCO,32.93,d_000796,exact_duplicate
509623,t_42e91f997b338d2d,u_00954,2026-07-16T13:03:23Z,Chevron,30.47,d_001334,exact_duplicate
513627,t_2b980fb782883f47,u_01176,2026-05-17T02:13:52Z,Planet Fitness,43.43,d_001652,exact_duplicate
513632,t_611d6bdc3b74d88a,u_01974,2026-05-22T23:41:51Z,In-N-Out Store 743,15.23,d_002825,exact_duplicate
513704,t_1b8960ee4d9f3d48,u_01870,2026-06-29T10:13:02Z,Ulta,16.21,d_002623,exact_duplicate
516551,t_5322842984d8c39e,u_00861,2026-07-14T12:26:33Z,Safeway,76.6,d_001204,exact_duplicate
516682,t_0ea9cf9940905459,u_00799,2026-05-19T01:30:34Z,Walgreens,34.87,d_001117,exact_duplicate
516729,t_048b6931cf85c3f1,u_01471,not_a_timestamp,MARRIOTT,53.33,d_002055,unparseable_timestamp
517371,t_29d7f5bb63817507,u_00587,2026-06-09T13:25:12Z,SQ *T-MOBILE,42.24,d_000821,exact_duplicate
518096,t_50275714d9559276,u_00164,not_a_timestamp,VERIZON,38.58,d_000226,unparseable_timestamp
518124,t_490c66215389a35f,u_01470,2026-06-09T22:14:10Z,GOOGLE PLAY,19.56,d_002054,exact_duplicate
520381,t_1641482528afdea0,u_00845,2026-06-06T10:18:07Z,TARGET #9370,25.56,d_001180,exact_duplicate
520816,t_6bdb1070cc394697,u_00346,2026-07-16T15:44:31Z,ZELLE TRANSFER,34.58,d_000481,exact_duplicate
523709,t_00348974a913fb4a,u_00840,2026-07-25T22:50:26Z,Walmart Store 923,26.81,d_001174,exact_duplicate
525424,t_5e3775d5b4e228e0,u_01581,2026-05-27T13:57:30Z,Panda Express,4.05,d_002209,exact_duplicate
527599,t_175c6bc44abc0815,u_01174,2026-07-22T13:35:27Z,PG&E Store 897,8.75,d_001649,exact_duplicate
528835,t_1b33740c0ef76657,u_00588,2026-07-22T04:55:28Z,Venmo,25.44,d_000822,exact_duplicate
529028,t_19ca66281cbb3d40,u_01610,2026-05-30T15:43:29Z,EBAY,8.5,d_002248,exact_duplicate
529997,t_5b41ed823fd8d660,u_00605,2026-06-25T19:00:44Z,Lululemon,18.34,d_000848,exact_duplicate
530285,t_009394dc6452aa28,u_01211,2026-06-03T07:30:52Z,Verizon Store 205,19.14,d_001700,exact_duplicate
531480,t_52d88a4c563e8c67,u_00416,2026-06-05T22:31:50Z,Ulta,116.2,d_000581,exact_duplicate
531764,t_5ea98a0f7b257f16,u_00519,2026-06-06T00:53:19Z,SQ *SHEIN,16.42,d_000727,exact_duplicate
532258,t_3d07aa1d9ee11463,u_01638,2026-05-29T04:48:44Z,SUBWAY #3696,63.63,d_002287,exact_duplicate
532857,t_531291cead643383,u_00642,2026-05-12T17:45:24Z,Whole Foods,31.83,d_000906,exact_duplicate
534514,t_73136d1ee11ac7d7,u_01568,2026-07-08T04:39:22Z,Google Play,3.57,d_002190,exact_duplicate
535262,t_738fa0929651f75e,u_01351,2026-05-07T10:13:20Z,Trader Joes,13.77,d_001886,exact_duplicate
537955,t_2550b3ebab59c0f4,u_00975,2026-07-01T17:34:36Z,Starbucks Store 263,16.91,d_001360,exact_duplicate
538002,t_4f64bca9c0935a0c,u_01433,2026-05-17T01:54:08Z,Nike,52.79,d_002002,exact_duplicate
538032,t_1582a780aedab3ed,u_00845,2026-07-31T08:49:55Z,Delta Air Lines,18.69,d_001181,exact_duplicate
539269,t_42a2caddc8b73a67,u_00588,2026-06-29T05:20:30Z,Hilton,78.81,d_000822,exact_duplicate
541083,t_0f5c495386d5ebef,u_00133,2026-05-12T09:51:50Z,Subway,9.54,d_000185,exact_duplicate
541996,t_05cf79de7c8158c4,u_01904,2026-06-19T08:02:21Z,PG&E,12.91,d_002668,exact_duplicate
542824,t_7da88ffc818dd2f1,u_01290,2026-05-07T12:10:20Z,COSTCO SUNNYVALE CA,25.47,d_001803,exact_duplicate
543719,t_0c3ff1122a13b9cb,u_01321,2026-06-20T03:39:43Z,CVS,22.0,d_001845,exact_duplicate
544359,t_5773b9d7c957c614,u_00580,2026-06-21T20:33:35Z,VERIZON #2399,254.11,d_000812,exact_duplicate
546655,t_2d4d3b73c8bb688d,u_01433,2026-05-09T08:02:56Z,Hilton,38.84,d_002002,exact_duplicate
546815,t_747d70a298b1555f,u_01746,2026-05-05T14:18:42Z,TRADER JOES #861,7.46,d_002448,exact_duplicate
547884,t_0625cb82756a5834,u_01844,2026-07-29T12:38:11Z,Peets Coffee,6.4,d_002584,exact_duplicate
548678,t_69574b7b3bb628f2,u_01012,2026-07-12T00:50:44Z,T-Mobile,4.34,d_001413,exact_duplicate
549886,t_05110926398338d7,u_00040,2026-06-21T02:14:07Z,Nike,10.26,d_000059,exact_duplicate
550009,t_568fcda05325afd1,u_00008,2026-07-24T11:47:01Z,7-Eleven Store 242,7.03,d_000014,exact_duplicate
550897,t_6419d93edda124a3,u_00573,2026-06-10T16:01:42Z,Planet Fitness,4.47,d_000801,exact_duplicate
551324,t_3b0466b0eb4d4999,u_01778,2026-05-07T09:02:21Z,DoorDash,23.65,d_002493,exact_duplicate
551458,t_14f89a8ffbe619f8,u_00843,2026-06-26T16:21:34Z,7-Eleven,10.55,d_001178,exact_duplicate
555234,t_4eeffda30b2077dd,u_00920,2026-05-25T00:36:58Z,Spotify,26.64,d_001287,exact_duplicate
558165,t_6e506feb55bb3de0,u_01861,2026-07-22T09:18:56Z,Shell,11.75,d_002609,exact_duplicate
558493,t_76a789ab66b721ae,u_00698,2026-06-08T18:48:43Z,PREPAID DEPOT,164.15,d_772146,exact_duplicate
559422,t_4512a9963cdd0ea2,u_01665,2026-06-15T09:15:45Z,T-MOBILE ONLINE,13.85,d_002324,exact_duplicate
560953,t_4fff34a6eb507ff2,u_00588,2026-06-12T07:05:02Z,Lululemon,10.19,d_000822,exact_duplicate
561112,t_795cb84ccf163b0e,u_01963,2026-07-27T02:17:01Z,SQ *SHELL,34.73,d_002752,exact_duplicate
561384,t_063e9ffcbad58908,u_00698,2026-05-06T17:32:30Z,SQ *PLANET FITNESS,18.19,d_000983,exact_duplicate
562531,t_3ab6099df22efd66,u_00673,2026-05-29T09:49:46Z,PG&E #2191,31.57,d_000949,exact_duplicate
563133,t_6edc360e14a204a9,u_01775,2026-05-27T22:56:32Z,Nike,2.46,d_002489,exact_duplicate
563320,t_3d0397b2f1c7e23c,u_01164,2026-05-08T23:58:21Z,SHELL #705,21.34,d_001634,exact_duplicate
564462,t_5de3ea7c916df9db,u_01781,2026-06-25T23:24:56Z,SUBWAY,14.2,d_002497,exact_duplicate
564492,t_46ea0ad405e11f7d,u_00242,2026-05-15T12:55:29Z,SEPHORA #3392,6.74,d_000337,exact_duplicate
564601,t_0a28ac7b46d01e67,u_01563,2026-06-03T23:14:21Z,T-Mobile,22.16,d_002184,exact_duplicate
565051,t_6e228700fdc7cf00,u_01862,2026-07-02T19:12:47Z,AIRBNB,19.69,d_002610,exact_duplicate
566019,t_1558d0dbc3c78867,u_01844,2026-07-29T22:35:30Z,GOOGLE PLAY #756,90.53,d_002584,exact_duplicate
566028,t_702b360f60a5d221,u_01610,2026-06-22T15:51:15Z,NORDSTROM #4799,14.01,d_002248,exact_duplicate
567243,t_17af8d0032dbbe7a,u_01664,2026-06-27T09:32:13Z,PLAYSTATION,28.66,d_002322,exact_duplicate
568396,t_120e9a5c51e9d95b,u_00662,2026-05-30T23:31:52Z,Peets Coffee,56.4,d_000934,exact_duplicate
568432,t_03eabe76509b38eb,u_01701,2026-06-04T09:41:45Z,McDonalds,31.63,d_002381,exact_duplicate
569755,t_44e16b54c4c58c04,u_01317,2026-07-14T18:51:56Z,SAFEWAY #7258,19.47,d_001839,exact_duplicate
570066,t_70a737b65c8ddcc0,u_01722,2026-06-27T01:36:50Z,Temu,40.97,d_002413,exact_duplicate
570190,t_3eee80030b20549c,u_00815,2026-06-02T12:50:28Z,DOORDASH #3563,15.92,d_001138,exact_duplicate
572243,t_4e47178cdd25771a,u_01117,2026-07-12T19:12:08Z,PlayStation,10.83,d_001566,exact_duplicate
574215,t_4b14c2a5e4de6f9d,u_01290,2026-07-26T17:46:58Z,Chevron,70.57,d_001803,exact_duplicate
575316,t_5afc3b11fb53a04e,u_00170,2026-07-07T10:57:44Z,SQ *SAFEWAY,4.24,d_000235,exact_duplicate
575847,t_0fb42ba18a1b8e1d,u_01042,2026-06-28T11:24:02Z,Google Play,24.9,d_001456,exact_duplicate
575867,t_598c2cc019a8332e,u_00170,2026-06-17T09:43:26Z,Nike,10.84,d_000235,exact_duplicate
577430,t_1b68ad7337b0bf52,u_00889,2026-06-07T13:08:29Z,Delta Air Lines,24.95,d_001245,exact_duplicate
582245,t_0bad5657839ce9a9,u_00845,2026-07-22T00:02:27Z,Shell Store 151,8.92,d_001181,exact_duplicate
582474,t_646989b61c8de557,u_00339,2026-06-11T00:13:40Z,Trader Joes,85.65,d_000470,exact_duplicate
583657,t_3a27d648722120b0,u_00004,2026-06-06T17:26:26Z,SQ *WHOLE FOODS,63.5,d_000007,exact_duplicate
586179,t_02bbc8759e5e5eaf,u_00445,2026-06-23T04:52:30Z,Chipotle,8.07,d_000626,exact_duplicate
587574,t_12a4ff33536823f1,u_01394,2026-06-27T02:52:56Z,Subway,32.66,d_001947,exact_duplicate
588106,t_2aa674fe0a5d1e5b,u_01345,2026-07-15T13:33:10Z,Philz Coffee,2.06,d_001879,exact_duplicate
589049,t_5778de2243f2eb25,u_00635,2026-06-15T11:42:33Z,Philz Coffee,6.96,d_000893,exact_duplicate
589058,t_054e521435e12be5,u_00227,2026-05-16T14:15:33Z,In-N-Out Store 224,151.05,d_000315,exact_duplicate
589066,t_5e1ca57d10dc220a,u_01363,2026-06-06T09:16:28Z,ETSY #1074,22.97,d_001903,exact_duplicate
591926,t_70e5b512b70e40ef,u_01927,2026-06-29T09:54:20Z,Temu,34.47,d_002697,exact_duplicate
593190,t_4d64a6c85640cf1d,u_01004,2026-07-30T01:29:32Z,Amazon,20.94,d_001402,exact_duplicate
594319,t_1fa6d2b3b6fc177b,u_00073,2026-06-05T20:45:23Z,Ulta,19.83,d_000105,exact_duplicate
595013,t_661ef7b82907b1ee,u_01844,2026-06-20T14:38:05Z,HOME DEPOT ONLINE,9.82,d_002584,exact_duplicate
595233,t_0ab987e6e83dec35,u_01166,2026-05-27T14:10:46Z,Geico,35.43,d_001637,exact_duplicate
596288,t_1045f9b96a575ceb,u_00180,2026-05-30T10:28:41Z,EBAY,37.86,d_000249,exact_duplicate
597251,t_2ca441bb68fb868b,u_00728,2026-05-30T03:34:14Z,PlayStation,12.8,d_001024,exact_duplicate
597433,t_56df8a3ca6b162ce,u_00229,2026-05-29T23:19:15Z,In-N-Out,34.04,d_000318,exact_duplicate
598463,t_19cc6e4809e4fb61,u_00226,2026-05-25T06:05:30Z,Zelle Transfer,2.96,d_000314,exact_duplicate
599234,t_1254e2543d06d4b6,u_01974,2026-06-27T08:37:37Z,Etsy,48.53,d_002825,exact_duplicate
601001,t_2b8b823c470e1994,u_01662,2026-05-28T22:01:49Z,Google Play,40.03,d_002320,exact_duplicate
601061,t_1c7f90c954af3bfa,u_01290,2026-05-20T09:16:55Z,Home Depot,80.18,d_001803,exact_duplicate
601283,t_1b44f992843ba4cb,u_01298,2026-07-14T00:58:58Z,Apple,10.22,d_001812,exact_duplicate
601425,t_0aaf3998f8972298,u_01248,2026-07-20T04:31:08Z,SHELL,18.63,d_001747,exact_duplicate
602794,t_6d95e17e2c17f8e2,u_00944,2026-06-02T00:10:20Z,Home Depot,13.76,d_001320,exact_duplicate
603090,t_1ea5cfea8019eea6,u_01245,2026-06-15T18:50:29Z,Walmart,28.37,d_001742,exact_duplicate
603210,t_7fd6a792815dd9bc,u_01844,2026-07-08T04:54:58Z,Geico,10.36,d_002584,exact_duplicate
604833,t_18ac382ff492ffb7,u_00275,not_a_timestamp,Lululemon,13.58,d_000380,unparseable_timestamp
605120,t_3bba93e9fc6f9d58,u_00188,2026-05-07T18:29:32Z,Amazon,34.88,d_000262,exact_duplicate
605642,t_09920d1e2b65b334,u_00903,2026-06-24T11:54:01Z,Shein,8.9,d_001262,exact_duplicate
605717,t_4e249416681575ca,u_00031,2026-05-12T05:45:59Z,GOOGLE PLAY #9575,6.97,d_000048,exact_duplicate
606318,t_56957c50aad12c4e,u_01559,2026-05-08T02:57:06Z,Netflix,19.47,d_002176,exact_duplicate
606940,t_2d87e77bec0322f9,u_00511,2026-07-18T03:02:40Z,Steam,16.84,d_000717,exact_duplicate
606984,t_566b3f6a0f99c33c,u_00369,2026-05-05T03:47:31Z,Home Depot,6.6,d_000513,exact_duplicate
607019,t_770ade68efae360c,u_01464,2026-06-02T06:49:26Z,Peets Coffee,24.98,d_002045,exact_duplicate
608403,t_6d2e471e733e1acf,u_00755,2026-07-29T16:59:02Z,Apple,25.96,d_001056,exact_duplicate
611720,t_2c91317bebb8d52f,u_00730,2026-07-11T15:58:56Z,Chipotle,21.71,d_001026,exact_duplicate
614215,t_1c8afb8c35ca9efa,u_00102,2026-06-19T03:40:03Z,Verizon,45.59,d_000144,exact_duplicate
615509,t_358bb518618dffc1,u_00397,2026-05-20T18:11:17Z,HOME DEPOT #7853,50.29,d_000553,exact_duplicate
616234,t_10a4ec484f2ff7eb,u_00345,2026-06-23T12:53:18Z,Philz Coffee,4.39,d_000480,exact_duplicate
617794,t_595fb05b4137f78b,u_01502,2026-07-31T20:13:48Z,Planet Fitness,29.44,d_002099,exact_duplicate
618012,t_607a95d3d87d92ab,u_00154,2026-07-24T23:39:38Z,Chipotle,15.31,d_000211,exact_duplicate
618792,t_19b6fe4766683ed8,u_00908,2026-07-01T08:30:54Z,Chipotle,102.12,d_001269,exact_duplicate
620182,t_718084f49a5f9127,u_00850,2026-05-17T13:42:48Z,SQ *SHELL,24.61,d_001188,exact_duplicate
621556,t_1de175dc5cfe5220,u_01915,2026-05-09T15:56:22Z,Amazon,20.76,d_002682,exact_duplicate
622241,t_46fde2c3248e3276,u_00944,2026-06-12T21:27:11Z,Chevron,8.77,d_001320,exact_duplicate
627244,t_6faac035ce44265d,u_00133,2026-06-10T13:52:06Z,Lululemon,16.48,d_000185,exact_duplicate
627284,t_0c5b1fa6fe62bff7,u_01546,2026-06-29T23:23:58Z,PHILZ COFFEE,10.27,d_002158,exact_duplicate
627756,t_42dc5a248ddbe468,u_00857,2026-05-11T17:39:41Z,Planet Fitness,2.14,d_001199,exact_duplicate
629521,t_0bb503dc42020779,u_01917,2026-05-17T00:51:00Z,Shell,12.42,d_002685,exact_duplicate
631899,t_1a3422b367ffb86b,u_01152,2026-06-23T18:24:29Z,HOME DEPOT,69.05,d_001619,exact_duplicate
632634,t_02dc963a0d6330a0,u_00226,2026-07-03T04:49:36Z,Best Buy,4.92,d_000314,exact_duplicate
633027,t_7313a59e930f7785,u_00555,2026-07-03T01:44:35Z,Grubhub,32.69,d_000777,exact_duplicate
633094,t_1a6c4ab1a364b139,u_01183,2026-07-21T12:30:21Z,Venmo Store 481,28.01,d_001660,exact_duplicate
633540,t_29b61349bda3a671,u_00375,2026-05-29T07:32:48Z,Peets Coffee,20.91,d_000520,exact_duplicate
634239,t_4ad79f8ede03bc68,u_01386,2026-05-11T02:34:16Z,SEPHORA,9.12,d_001935,exact_duplicate
636027,t_10675cc7c24c33f0,u_00656,2026-05-20T23:09:13Z,Planet Fitness Store 259,40.09,d_000927,exact_duplicate
636547,t_48e971847bc2cd4e,u_01392,2026-05-04T11:23:24Z,Temu,32.93,d_001944,exact_duplicate
637307,t_01e41c9998258018,u_00522,2026-06-07T00:48:33Z,Shell,88.8,d_000731,exact_duplicate
637443,t_5f6cd2dd4ecdee43,u_00223,2026-06-01T09:50:19Z,Uber,11.18,d_000309,exact_duplicate
637723,t_619e63cc6a9a0a02,u_01844,2026-07-06T16:50:16Z,TRADER JOES #2602,30.69,d_002584,exact_duplicate
637905,t_4d228e81cd9b5c38,u_00429,2026-06-16T09:22:57Z,NETFLIX,28.47,d_000601,exact_duplicate
638167,t_087f64131fcd2f37,u_01695,2026-07-19T03:21:15Z,Nordstrom Store 251,7.85,d_002370,exact_duplicate
638402,t_4250208f57ef58bb,u_01211,2026-05-20T08:42:51Z,GEICO,40.52,d_001700,exact_duplicate
639839,t_11bddb2d8c0df072,u_00917,2026-05-30T06:11:00Z,Marriott,40.56,d_001284,exact_duplicate
640278,t_3dcd9a2294265a68,u_00108,2026-06-05T22:24:50Z,SQ *SPOTIFY,71.81,d_000153,exact_duplicate
640531,t_7e2a319df7e2fcc2,u_00931,2026-06-25T17:45:43Z,Trader Joes,60.0,d_001302,exact_duplicate
640546,t_13171934772fc3b5,u_00102,2026-07-20T16:30:54Z,Walgreens,28.19,d_000144,exact_duplicate
640881,t_71715b1338768786,u_00334,2026-06-09T20:09:56Z,PG&E,26.17,d_000462,exact_duplicate
641591,t_2a905c647debaca4,u_00843,2026-07-21T00:33:47Z,AMC Theatres,38.36,d_001178,exact_duplicate
643826,t_2f86c0742e3de29d,u_00544,2026-06-05T01:18:34Z,Hilton,98.56,d_000764,exact_duplicate
644228,t_49a5971ea8ee4fbc,u_01260,2026-07-17T10:05:52Z,Panda Express,15.13,d_001765,exact_duplicate
644613,t_535d06249474ee70,u_01012,2026-05-25T15:37:16Z,Ulta,3.5,d_001413,exact_duplicate
645263,t_637fa4f9d04ea346,u_01730,2026-07-14T09:05:12Z,TARGET,46.89,d_002422,exact_duplicate
645299,t_4e09a24be054635b,u_00229,2026-05-10T17:11:43Z,SQ *EBAY,39.99,d_000318,exact_duplicate
645656,t_66aa5a1f4d4fa7cc,u_01597,2026-07-01T10:14:51Z,PANDA EXPRESS SAN JOSE CA,41.83,d_002230,exact_duplicate
646143,t_29c91c4bd4d22822,u_01529,2026-07-23T09:21:38Z,eBay,19.52,d_002136,exact_duplicate
646209,t_1dd65cb2d0dc0e3b,u_01328,2026-06-19T21:40:06Z,Philz Coffee,102.77,d_001854,exact_duplicate
648658,t_6fc01a5b3b46a552,u_00140,2026-05-05T11:02:48Z,Apple,32.87,d_000194,exact_duplicate
649271,t_390d36e97cb1a6aa,u_01248,2026-06-20T03:27:57Z,MCDONALDS,17.48,d_001747,exact_duplicate
649511,t_148a76f7536c16c2,u_01975,2026-06-24T03:01:55Z,Target,101.56,d_002769,exact_duplicate
650921,t_40c3c8416d19873c,u_01549,2026-06-16T03:50:05Z,Steam,31.96,d_002162,exact_duplicate
652620,t_1dabe5b81b54db1c,u_00455,2026-07-30T07:41:09Z,Trader Joes,27.77,d_000641,exact_duplicate
654729,t_32beea1b23420abf,u_01577,2026-06-22T08:59:08Z,CHEVRON #2494,25.21,d_002202,exact_duplicate
656981,t_677f0cd2c52fb586,u_01449,2026-05-30T17:13:24Z,Zelle Transfer,45.02,d_002023,exact_duplicate
657496,t_438ba54dd971466a,u_00324,2026-06-06T19:53:15Z,NORDSTROM HTTPSWWW,163.34,d_000446,exact_duplicate
658322,t_64544bb8de980af9,u_01780,2026-07-07T15:09:22Z,UBER,38.12,d_002495,exact_duplicate
658768,t_3e11bd53fae0a16f,u_01755,2026-07-26T12:21:42Z,HOME DEPOT #5433,5.34,d_002460,exact_duplicate
659997,t_601f022bed744698,u_01264,2026-07-12T19:47:45Z,Nordstrom,23.68,d_002822,exact_duplicate
660032,t_193a2f55782c8698,u_00448,2026-05-18T16:38:21Z,Spotify,35.6,d_000631,exact_duplicate
660084,t_77bee57d2b41adf8,u_00176,2026-06-16T20:20:42Z,STARBUCKS HTTPSWWW,9.07,d_000242,exact_duplicate
660418,t_0e50d013252aa3be,u_01638,2026-06-24T16:09:00Z,BEST BUY,40.28,d_002287,exact_duplicate
661088,t_30bafc39048e0a52,u_00486,2026-05-30T20:20:32Z,Hilton,14.72,d_000681,exact_duplicate
661680,t_4b63a4bedb24298f,u_00845,2026-07-21T09:39:31Z,Philz Coffee,8.63,d_001180,exact_duplicate
662247,t_22e0edfa840b1ff1,u_00712,2026-06-18T04:46:33Z,Airbnb,36.29,d_001003,exact_duplicate
662883,t_6893e8f6039b82fd,u_01933,2026-07-26T15:28:59Z,Delta Air Lines,5.72,d_002708,exact_duplicate
663030,t_2b05910b3808a195,u_00998,2026-06-13T05:08:13Z,Marriott,45.04,d_001395,exact_duplicate
663400,t_58177dd66bd64b17,u_01231,2026-06-10T08:14:47Z,Apple,5.75,d_001726,exact_duplicate
664540,t_50a8c2ecc30d9243,u_00355,2026-06-27T19:06:36Z,Philz Coffee,9.33,d_000492,exact_duplicate
664575,t_2f5268aaf9a991b7,u_00410,2026-07-27T13:04:20Z,Whole Foods,11.39,d_000573,exact_duplicate
665264,t_2bf00cc567a7f9ac,u_00800,2026-07-03T07:54:00Z,PlayStation Store 529,13.56,d_001119,exact_duplicate
665686,t_1757dc939e917396,u_01399,2026-06-12T20:23:11Z,SEPHORA,26.05,d_001953,exact_duplicate
665831,t_4f1482f1a85d1266,u_00736,2026-07-02T05:22:27Z,Ulta,119.48,d_001033,exact_duplicate
666726,t_0ef1adc515158b4b,u_00624,2026-05-27T17:03:44Z,NORDSTROM #7450,62.53,d_000878,exact_duplicate
667479,t_23a7361ae5549a94,u_00919,2026-07-08T20:58:41Z,MARRIOTT,10.22,d_001286,exact_duplicate
667551,t_78ee8eeefd0475ce,u_01624,2026-05-19T08:04:29Z,Walmart,21.91,d_002267,exact_duplicate
669017,t_5e69f5808deae46e,u_00800,2026-06-22T06:58:16Z,SQ *PLANET FITNESS,29.91,d_001118,exact_duplicate
669023,t_26dc9342df2c008f,u_00380,2026-07-13T03:19:28Z,Panda Express Store 612,68.14,d_000527,exact_duplicate
669401,t_6971f3dec0233c03,u_00913,2026-05-04T14:03:10Z,Safeway Store 973,167.34,d_001277,exact_duplicate
670295,t_31a973b9f96921b3,u_00522,2026-05-26T00:39:37Z,Shein,18.67,d_000731,exact_duplicate
671468,t_7755ae84134aedbc,u_00335,2026-06-30T13:30:20Z,Nike,20.03,d_000463,exact_duplicate
671573,t_62e780b8252cc4f8,u_01669,2026-05-15T13:39:52Z,Safeway Store 313,46.47,d_002330,exact_duplicate
671995,t_1204282f431cb99d,u_00776,2026-05-28T03:24:32Z,Philz Coffee,19.39,d_001083,exact_duplicate
672566,t_004b0ee9ddabf166,u_01370,2026-06-05T02:53:54Z,Subway,21.51,d_002812,exact_duplicate
673347,t_4016e982bb7205b2,u_01869,2026-06-04T08:56:25Z,HILTON #7948,6.96,d_002621,exact_duplicate
673907,t_5fdfd689a6ebce78,u_01872,2026-06-16T05:09:39Z,CHIPOTLE #1340,37.74,d_002625,exact_duplicate
674705,t_025c6a3fa9e6a93d,u_01052,2026-06-13T06:36:31Z,7-Eleven,8.59,d_001471,exact_duplicate
675109,t_3de2b1d8702b214d,u_00972,2026-07-17T11:06:45Z,United Airlines,6.9,d_001356,exact_duplicate
676068,t_08687fe7f54389c9,u_00335,2026-05-22T04:14:52Z,CVS #7580,46.44,d_000464,exact_duplicate
677133,t_1e6a09e782c7967f,u_01955,2026-07-12T12:51:20Z,Whole Foods,26.05,d_002741,exact_duplicate
677291,t_4ac45714accd2fe7,u_01464,2026-06-01T23:07:22Z,eBay,9.03,d_002045,exact_duplicate
679353,t_6524a458d617c352,u_00698,2026-05-28T13:02:44Z,Nike,13.54,d_000983,exact_duplicate
680317,t_1ac74d7bdfdf2e9d,u_00754,2026-07-17T22:57:31Z,TRADER JOES #9797,11.37,d_001055,exact_duplicate
680400,t_6af6890f7c4f7c18,u_01290,2026-05-08T00:23:46Z,CVS,95.19,d_001803,exact_duplicate
680413,t_679d3d9947ef961e,u_00877,2026-06-30T04:54:47Z,REI,33.74,d_001229,exact_duplicate
681936,t_69d7050441f38306,u_01958,2026-06-30T07:48:14Z,Steam,5.44,d_002745,exact_duplicate
682405,t_6dd9e4e8705196e9,u_01110,2026-05-05T05:38:06Z,Shell,35.82,d_001556,exact_duplicate
682419,t_33de760c4029eb5d,u_01793,2026-06-21T04:46:54Z,Chipotle Store 42,4.64,d_002513,exact_duplicate
683432,t_5dac5d730567faba,u_01939,2026-07-09T00:22:43Z,Panda Express,13.62,d_002716,exact_duplicate
683628,t_3d4001499d7922a2,u_01181,2026-06-24T22:05:43Z,Subway,8.58,d_001658,exact_duplicate
683959,t_4a9007ce4bf1e361,u_00759,2026-05-07T07:21:53Z,PG&E,5.07,d_001061,exact_duplicate
684271,t_52154699d56985d3,u_00845,2026-07-17T22:44:55Z,Panda Express,27.79,d_001181,exact_duplicate
684542,t_125928c28b25bb17,u_00536,2026-06-14T01:05:07Z,Whole Foods,18.27,d_000752,exact_duplicate
684715,t_6853eae4dd87f19a,u_00387,2026-05-23T20:30:19Z,NORDSTROM SAN JOSE CA,48.07,d_000538,exact_duplicate
685121,t_33a67e626f717d53,u_00091,2026-05-06T09:58:41Z,SQ *UBER,11.28,d_000128,exact_duplicate
685324,t_22b24047316c20c9,u_01471,2026-05-12T05:15:44Z,DELTA AIR LINES #8604,8.07,d_002055,exact_duplicate
687520,t_195a012c06702ebf,u_00445,2026-07-06T19:27:16Z,McDonalds Store 67,6.47,d_000625,exact_duplicate
687619,t_31082b69e6c1e492,u_01224,2026-06-23T02:27:29Z,7-ELEVEN #8759,55.12,d_001717,exact_duplicate
688115,t_08fe22c5b93c4964,u_00151,2026-06-08T12:45:32Z,Etsy,4.03,d_000208,exact_duplicate
688360,t_5d61e610f9e7b8fb,u_00845,2026-07-08T10:17:27Z,McDonalds,16.86,d_001181,exact_duplicate
689405,t_094b1f52fe43c178,u_00536,2026-07-14T23:11:19Z,Shein,37.42,d_000752,exact_duplicate
690840,t_0430bf7f052841e6,u_00216,2026-06-12T21:04:38Z,Delta Air Lines,19.35,d_002849,exact_duplicate
693395,t_78f2fbe80c079b84,u_01854,2026-05-19T07:33:24Z,TEMU,17.09,d_002855,exact_duplicate
694744,t_5a6d4d660e05c61f,u_01793,2026-06-01T12:47:23Z,PLANET FITNESS,18.35,d_002513,exact_duplicate
695235,t_50e81adb61b2abd5,u_01871,2026-07-05T14:22:43Z,SQ *AMC THEATRES,18.63,d_002624,exact_duplicate
696886,t_50c22bd348d43bcb,u_01594,2026-05-10T02:30:33Z,Zelle Transfer,13.02,d_002225,exact_duplicate
697111,t_39269e775552fd9e,u_01110,2026-07-17T21:12:39Z,CHIPOTLE HTTPSWWW,33.96,d_001556,exact_duplicate
697474,t_035b769bb3bc8a4c,u_00734,2026-06-03T23:15:51Z,7-Eleven,53.07,d_001030,exact_duplicate
697516,t_07d587f42011640e,u_01781,2026-07-21T01:34:52Z,CHIPOTLE,43.1,d_002497,exact_duplicate
698671,t_05f6708998227c22,u_00877,not_a_timestamp,Apple,16.94,d_001229,unparseable_timestamp
699216,t_75d7f0503206d70e,u_00250,2026-07-20T01:26:58Z,McDonalds,11.06,d_000348,exact_duplicate
700310,t_64d5392a05261b36,u_01169,2026-07-11T20:03:26Z,SHELL ONLINE,11.04,d_001642,exact_duplicate
700442,t_0cef9fa32fc5a989,u_00397,2026-07-15T13:08:38Z,PG&E,25.82,d_000553,exact_duplicate
701625,t_4a567cbf3ddeffc8,u_00588,2026-05-04T03:42:51Z,Walmart,3.88,d_000822,exact_duplicate
702564,t_286a25a854947d57,u_00275,2026-07-07T10:06:01Z,SEPHORA SUNNYVALE CA,40.0,d_000380,exact_duplicate
702671,t_4ee491c0427ae08f,u_01960,2026-07-25T17:05:02Z,GEICO #2772,50.29,d_002823,exact_duplicate
703270,t_51b7499b23ad89a4,u_00893,2026-06-13T01:10:40Z,ALIEXPRESS,336.47,d_001250,exact_duplicate
704328,t_7e46d66aadcb5e14,u_01584,2026-06-26T09:14:19Z,DoorDash,71.09,d_002212,exact_duplicate
705187,t_059b072c9183a06c,u_00817,2026-07-11T04:12:14Z,Google Play,29.88,d_001142,exact_duplicate
705809,t_564ca8d0ba388838,u_00582,2026-06-19T22:37:24Z,SQ *STARBUCKS,10.87,d_000814,exact_duplicate
706777,t_6887de94089d6b58,u_00461,not_a_timestamp,Safeway,26.4,d_000650,unparseable_timestamp
707049,t_0d5ebdedcd38face,u_01964,2026-05-24T04:47:19Z,Uber,3.79,d_002754,exact_duplicate
707414,t_6245f073b49db195,u_01766,2026-07-10T06:22:15Z,IN-N-OUT SAN JOSE CA,22.15,d_002475,exact_duplicate
707644,t_0d3c9b914d9e792c,u_01602,2026-05-16T00:21:27Z,Home Depot,35.12,d_002237,exact_duplicate
708413,t_12cff03109b03aff,u_01548,2026-06-02T08:08:24Z,Philz Coffee,484.28,d_002161,exact_duplicate
708691,t_3586485d73b7f95b,u_00461,2026-06-04T14:05:15Z,Zelle Transfer,12.46,d_000650,exact_duplicate
709660,t_00d7dd07a601027f,u_01163,2026-07-12T17:16:27Z,Nordstrom,44.09,d_001633,exact_duplicate
710279,t_0460ce008f8a12e4,u_01916,2026-07-10T00:00:50Z,Amazon,16.34,d_002684,exact_duplicate
710964,t_1d45a83fd8fd93c0,u_01833,2026-06-12T05:51:31Z,WALMART,31.12,d_002570,exact_duplicate
711326,t_60b37fa252195dd6,u_01577,2026-07-15T04:48:36Z,Steam Store 803,10.87,d_002201,exact_duplicate
711747,t_3d21f1d982296d94,u_00255,2026-05-23T08:31:36Z,SQ *PLANET FITNESS,37.71,d_000355,exact_duplicate
711996,t_6d2190275b8dd932,u_00374,2026-07-04T23:16:45Z,Delta Air Lines,29.53,d_000519,exact_duplicate
712013,t_2b4dbf8e76567b07,u_00226,2026-06-26T09:03:48Z,VENMO CA,13.73,d_000314,exact_duplicate
712260,t_3b45e3df10ad4e79,u_01660,2026-07-05T18:13:51Z,AMC Theatres,98.21,d_002316,exact_duplicate
712476,t_1dff5f46dd3d96e2,u_01490,2026-07-18T19:12:16Z,TARGET,103.34,d_002078,exact_duplicate
713869,t_1c561b40d116d667,u_01913,2026-05-09T04:14:58Z,Marriott,33.65,d_002680,exact_duplicate
714847,t_6a6fbeedf9227bf7,u_01733,2026-05-09T02:48:08Z,Google Play,75.15,d_002427,exact_duplicate
715027,t_47b30b63cdb9f41b,u_01608,2026-07-22T14:24:25Z,AMAZON,7.01,d_002246,exact_duplicate
715314,t_0a7b500482ee4df1,u_01710,2026-06-23T20:13:05Z,SQ *GEICO,20.51,d_002834,exact_duplicate
715517,t_0a367b737d24439f,u_01643,2026-05-20T13:34:43Z,DoorDash,21.31,d_002294,exact_duplicate
717123,t_60b7c9045997e8c1,u_00588,2026-07-01T08:33:23Z,INSTACART #7861,17.4,d_000822,exact_duplicate
718394,t_2ab6850790d845ee,u_00262,2026-06-24T16:37:36Z,LULULEMON,21.39,d_000365,exact_duplicate
718813,t_1bb33b190ed6f5ab,u_01965,2026-05-16T21:32:26Z,Subway,37.12,d_002755,exact_duplicate
718878,t_065c499f09c1153d,u_01731,2026-06-04T16:40:37Z,BEST BUY,30.74,d_002424,exact_duplicate
719323,t_390707cd482e6be4,u_01129,2026-07-03T12:32:32Z,Grubhub,6.81,d_001584,exact_duplicate
719801,t_2463503da825a1bc,u_01290,2026-06-08T10:34:19Z,Walmart,51.19,d_001803,exact_duplicate
720154,t_5a1cbc440a6c5d83,u_00679,2026-05-31T15:58:54Z,MCDONALDS,6.82,d_000957,exact_duplicate
721236,t_0d48ff3db45d3d46,u_00736,2026-05-09T15:32:10Z,Subway,17.59,d_001033,exact_duplicate
721953,t_1e6cf5444167fe97,u_01860,2026-06-01T05:42:05Z,Apple,10.87,d_002607,exact_duplicate
722323,t_5be13c9a6fb7ffaf,u_01226,2026-07-30T09:35:22Z,TRADER JOES #3263,26.94,d_001720,exact_duplicate
722412,t_6c62880d93b63927,u_00523,2026-05-19T12:50:37Z,CHEVRON,12.26,d_000732,exact_duplicate
722494,t_70556298621c2db9,u_00401,2026-06-11T21:53:36Z,Uber,24.35,d_000557,exact_duplicate
723282,t_0e65aa0477c37dfb,u_01075,2026-06-17T10:19:39Z,SUBWAY,12.49,d_001506,exact_duplicate
724306,t_3fd5f2b9a7d38777,u_01749,2026-05-17T13:02:01Z,SQ *LULULEMON,45.73,d_002451,exact_duplicate
725083,t_1573c850ed89adb5,u_00769,2026-05-21T14:49:53Z,Shell,14.31,d_001073,exact_duplicate
725900,t_69868feabc91945d,u_01717,2026-07-13T04:15:13Z,Lululemon,96.97,d_002405,exact_duplicate
726603,t_0e0f260cd04fce80,u_01290,2026-05-19T04:52:46Z,HOME DEPOT #7391,85.61,d_001803,exact_duplicate
727381,t_2e18959a40297fd8,u_00414,2026-06-11T18:46:47Z,T-MOBILE,9.1,d_000579,exact_duplicate
727434,t_133fd5148603f3f5,u_01314,2026-05-07T18:33:18Z,Chevron,25.8,d_001835,exact_duplicate
727992,t_6ab7e02eb0915a14,u_01323,not_a_timestamp,Chevron,164.27,d_001848,unparseable_timestamp
728409,t_4115b4189c67d6e1,u_00893,2026-06-28T10:13:12Z,Airbnb Store 863,22.9,d_001250,exact_duplicate
730523,t_039656d8ef161d42,u_00255,2026-07-31T11:04:10Z,Nordstrom,77.16,d_000356,exact_duplicate
733180,t_448e9506cd6f9093,u_00877,2026-07-16T04:53:53Z,Spotify,59.42,d_001229,exact_duplicate
733426,t_7fe21a13e6ab30a6,u_01542,2026-05-12T10:57:28Z,Temu,2.1,d_002154,exact_duplicate
733907,t_48e01a0d0504209d,u_01364,2026-06-04T20:16:45Z,SQ *LULULEMON,60.63,d_001904,exact_duplicate
734886,t_20ca94f924db3019,u_00199,2026-07-23T20:53:16Z,Shell,19.77,d_000276,exact_duplicate
735184,t_0df2055d50a3fdab,u_01616,2026-06-06T10:37:13Z,TARGET #3570,28.05,d_002257,exact_duplicate
735548,t_7b0ec2593d870922,u_00662,2026-05-11T19:24:20Z,Amazon,134.91,d_000934,exact_duplicate
735605,t_490c3ad4f8432794,u_00104,2026-05-29T08:51:41Z,Walgreens,27.14,d_000147,exact_duplicate
736540,t_08bd6b86d4a3b38b,u_00258,2026-05-08T13:23:42Z,Instacart,8.81,d_000360,exact_duplicate
737170,t_778709130cf1faad,u_01781,2026-07-15T02:53:58Z,AIRBNB #1844,10.94,d_002496,exact_duplicate
737251,t_5996c50ed1bcd4cb,u_01879,2026-05-16T23:16:21Z,Venmo,471.07,d_002636,exact_duplicate
737253,t_5dc5658f5c596eca,u_01990,2026-06-25T21:54:53Z,T-MOBILE SUNNYVALE CA,9.94,d_002792,exact_duplicate
737451,t_788df35f0726d0eb,u_01245,2026-05-05T22:05:08Z,PG&E,22.59,d_001742,exact_duplicate
738492,t_65f6564fcfb1c816,u_01781,2026-06-07T10:28:00Z,Zelle Transfer,14.61,d_002496,exact_duplicate
738636,t_12ef13ef56baa9e9,u_00725,2026-06-06T13:46:08Z,LYFT HTTPSWWW,20.66,d_001021,exact_duplicate
738680,t_4277fab18de4dab6,u_01781,2026-05-28T07:18:54Z,ZELLE TRANSFER,4.59,d_002497,exact_duplicate
739728,t_24372446351034f1,u_01660,2026-06-19T21:28:56Z,Home Depot,132.8,d_002316,exact_duplicate
740321,t_6e7dc70f6c96e17c,u_01713,2026-07-05T16:17:40Z,Costco,208.31,d_002398,exact_duplicate
740804,t_08e8fb4ecd9980f5,u_01322,2026-07-22T12:17:56Z,MARRIOTT #7912,11.42,d_001846,exact_duplicate
741089,t_50c069bdc0f0434e,u_01610,2026-07-25T20:13:06Z,PlayStation Store 492,15.32,d_002248,exact_duplicate
741852,t_73b8187e9cd01e99,u_01616,2026-07-19T08:24:08Z,Zelle Transfer,57.95,d_002257,exact_duplicate
741919,t_576af91d1c5c6ba2,u_00467,2026-07-20T03:54:09Z,Venmo,215.77,d_000659,exact_duplicate
742434,t_59314daefcbd95d0,u_01869,2026-06-05T01:39:23Z,Costco Store 915,22.49,d_002622,exact_duplicate
742811,t_027d268c2fedd769,u_00478,2026-06-28T00:00:12Z,SQ *INSTACART,91.64,d_000673,exact_duplicate
744172,t_7b478b9a82f9a95f,u_01830,2026-05-14T21:50:37Z,Hilton Store 798,30.87,d_002566,exact_duplicate
744174,t_5787498d90e28049,u_00689,2026-06-24T22:13:19Z,Whole Foods,64.75,d_002818,exact_duplicate
745133,t_1718fac33403ee27,u_00753,2026-06-24T12:04:37Z,Instacart Store 358,14.3,d_001053,exact_duplicate
745969,t_7512962640dece68,u_00845,2026-06-01T18:12:56Z,Zelle Transfer,20.16,d_001181,exact_duplicate
746236,t_7f57a395f0a372dd,u_00015,2026-06-11T15:45:12Z,GEICO HTTPSWWW,88.2,d_000024,exact_duplicate
746605,t_7f90408fbe213c03,u_00981,2026-07-22T01:51:43Z,T-MOBILE,15.94,d_001369,exact_duplicate
746724,t_424f6bea3a56c18d,u_00244,2026-06-01T11:21:33Z,PG&E,17.98,d_000339,exact_duplicate
749242,t_6d750eaf0d10e87d,u_01328,2026-07-28T12:54:43Z,Zelle Transfer,164.26,d_001854,exact_duplicate
753056,t_31f68239ee70e560,u_01966,2026-07-30T13:23:58Z,Geico,51.95,d_002756,exact_duplicate
754828,t_04990232f78d2fb3,u_00481,2026-05-05T16:29:45Z,Grubhub,21.17,d_000676,exact_duplicate
755371,t_0ecd08e03868c756,u_00179,2026-05-25T07:32:09Z,SHEIN #8264,54.82,d_000247,exact_duplicate
756809,t_4be2b5e2f2755f6b,u_00944,2026-06-23T07:08:39Z,SQ *ULTA,22.82,d_001320,exact_duplicate
756970,t_2c2595905aab0a0f,u_00327,2026-07-01T01:16:43Z,Safeway,24.07,d_000451,exact_duplicate
758396,t_3d1a1e5dee01b887,u_01055,2026-07-15T02:47:40Z,Spotify,90.67,d_001475,exact_duplicate
758421,t_25edd40f4962bfa4,u_01484,2026-06-22T13:19:49Z,Temu,15.37,d_002069,exact_duplicate
758467,t_604f8f4306a9598e,u_01730,2026-05-22T18:30:06Z,7-Eleven,14.18,d_002422,exact_duplicate
759125,t_4b096f548127ee56,u_00588,2026-06-10T00:26:57Z,Home Depot,20.31,d_000822,exact_duplicate
759182,t_782e7425eaf725ab,u_00135,2026-06-26T11:46:03Z,Trader Joes,60.53,d_002853,exact_duplicate
759385,t_309ae41ab6f80f9f,u_01701,2026-05-20T17:34:20Z,PEETS COFFEE #6541,18.27,d_002381,exact_duplicate
759691,t_32349f057373cc72,u_00000,2026-05-29T01:58:14Z,Geico Store 51,86.92,d_000000,exact_duplicate
759725,t_3567178dbae32554,u_01318,2026-05-18T13:01:11Z,CHIPOTLE #8711,13.97,d_001840,exact_duplicate
759864,t_2860abe5ccdfc223,u_00092,2026-06-28T02:52:29Z,Ulta,20.22,d_000130,exact_duplicate
760335,t_36cc50b66e8aa19d,u_00164,2026-05-29T15:28:11Z,Panda Express,15.63,d_000226,exact_duplicate
761514,t_4aeab56c95c5fd4d,u_00836,2026-07-09T23:37:06Z,Best Buy,33.74,d_001169,exact_duplicate
761781,t_0b1391ec987e4d65,u_01157,2026-07-15T03:25:04Z,Uber,55.7,d_001624,exact_duplicate
764237,t_74bf34b5ee07c458,u_00718,2026-05-24T04:32:24Z,Google Play,23.26,d_001011,exact_duplicate
764884,t_6fcf0b113a51980b,u_00851,2026-05-30T03:30:21Z,Zelle Transfer,9.92,d_001189,exact_duplicate
765601,t_55fcdd92eaf73df4,u_00085,2026-05-05T21:28:16Z,DoorDash,8.7,d_000121,exact_duplicate
765693,t_031c34b83c41f27c,u_01290,2026-05-05T18:32:14Z,eBay,,d_001803,missing_or_invalid_amount
766020,t_71df866b9c346ec3,u_00227,2026-05-26T08:43:20Z,REI,16.53,d_000315,exact_duplicate
767090,t_4532d32b302bf275,u_01460,2026-07-01T20:54:59Z,UBER #4236,146.39,d_002039,exact_duplicate
767452,t_36270e59cc15f154,u_00628,2026-06-16T06:10:04Z,Walgreens,71.81,d_000883,exact_duplicate
768045,t_5d5edbd4538823c9,u_00445,2026-06-28T20:53:44Z,Google Play,5.69,d_000625,exact_duplicate
769006,t_14d25cff0d5077c4,u_00308,2026-06-11T03:14:59Z,Apple,8.82,d_000426,exact_duplicate
770144,t_0ba3774d0ca0fb58,u_01012,2026-05-16T13:26:21Z,Ulta,18.12,d_001413,exact_duplicate
771648,t_118c1463a84c4338,u_00583,2026-05-26T07:29:00Z,Walmart Store 238,28.99,d_000815,exact_duplicate
771728,t_4237daa3b80816d0,u_00736,2026-06-22T07:05:48Z,SHELL,27.4,d_001033,exact_duplicate
772674,t_7f1edd2e05a26287,u_00308,2026-05-10T03:36:05Z,Steam Store 539,5.91,d_000426,exact_duplicate
773695,t_0be546fda3103fa7,u_01943,2026-06-05T08:01:15Z,Best Buy,12.71,d_002720,exact_duplicate
775238,t_2abc54d228d0824b,u_01950,2026-05-12T12:00:00Z,7-Eleven,105.79,d_002732,exact_duplicate
776349,t_189cd664f30e1ce6,u_00308,2026-06-26T01:22:43Z,Target,31.19,d_000426,exact_duplicate
776470,t_7b73a2e6f2b6e722,u_00285,2026-07-27T09:47:43Z,T-Mobile,4.02,d_000392,exact_duplicate
776743,t_041316ac42f22cc7,u_01621,2026-05-17T19:23:23Z,WALGREENS #1187,48.94,d_002263,exact_duplicate
776778,t_2e62a9c61ce9749b,u_01276,2026-05-11T07:25:46Z,SQ *WALGREENS,23.82,d_001785,exact_duplicate
777812,t_116e2d6067e77651,u_01793,2026-06-25T08:54:50Z,7-Eleven,14.87,d_002514,exact_duplicate
777949,t_7f15f452875cfd2d,u_00585,2026-05-24T20:16:57Z,DoorDash,4.42,d_000819,exact_duplicate
778127,t_49adfb62888f5db4,u_01083,2026-06-23T13:16:21Z,SQ *PANDA EXPRESS,21.06,d_001517,exact_duplicate
778155,t_3dd900ef4fed260e,u_01256,2026-07-15T23:58:14Z,AMC Theatres,13.13,d_001758,exact_duplicate
780005,t_477e4eb876e3ac79,u_01893,2026-05-25T13:46:27Z,Uber,8.73,d_002654,exact_duplicate
780114,t_16f2ffe9dadf7bcf,u_00776,2026-06-05T00:15:11Z,Starbucks,51.79,d_001084,exact_duplicate
780175,t_6015e20bdfb8f2ac,u_01280,2026-06-29T17:00:59Z,Shein,14.68,d_001790,exact_duplicate
780504,t_220a4284dd3e8e3e,u_00188,2026-06-28T20:51:56Z,Starbucks,13.0,d_002855,exact_duplicate
780856,t_36ae23ef681ea6b1,u_01537,2026-05-28T07:21:46Z,Nordstrom,44.53,d_002146,exact_duplicate
781002,t_4f783de781d2a928,u_00367,2026-07-06T03:56:13Z,Uber Store 866,11.88,d_000509,exact_duplicate
781031,t_5946b349f27d6395,u_01634,2026-05-27T08:12:41Z,CVS,18.14,d_002282,exact_duplicate
781133,t_6aeaca01b26159f9,u_01136,2026-06-17T14:19:54Z,Grubhub Store 357,9.5,d_001595,exact_duplicate
782268,t_6cd0f602b461bc59,u_00093,2026-06-26T14:49:26Z,PEETS COFFEE,42.6,d_000131,exact_duplicate
782865,t_153090f3cccdc7d7,u_01661,2026-06-14T01:35:40Z,Safeway,53.24,d_002318,exact_duplicate
785312,t_162ec4ebac8d1189,u_01152,2026-05-30T14:40:56Z,SQ *IN-N-OUT,315.91,d_001619,exact_duplicate
785898,t_4dbff9a0c614709f,u_00188,2026-06-26T00:36:51Z,WALMART,9.39,d_002855,exact_duplicate
785935,t_6838ab139c2f3f88,u_01100,2026-07-31T04:26:31Z,Lululemon Store 943,16.93,d_001542,exact_duplicate
786265,t_12fc18d0a2ef1a70,u_01602,2026-07-28T07:33:56Z,AliExpress,81.21,d_002237,exact_duplicate
787047,t_7bc72d94492e4276,u_01796,2026-05-26T08:29:07Z,Shein,7.93,d_002518,exact_duplicate
787409,t_2fae182b3befeaf3,u_01494,2026-05-11T08:31:02Z,CVS,29.17,d_002085,exact_duplicate
788442,t_0dea12215a46c1d1,u_01875,2026-05-08T15:25:47Z,PG&E,46.87,d_002631,exact_duplicate
788457,t_3d699abed6a9078c,u_01662,2026-07-22T01:52:35Z,Panda Express,61.66,d_002319,exact_duplicate
788535,t_695f756ab737eb92,u_00910,2026-06-06T18:18:47Z,Subway,13.25,d_001271,exact_duplicate
789345,t_1134cc3459c1eaae,u_00133,2026-07-13T07:07:19Z,Geico,26.81,d_000185,exact_duplicate
789442,t_4eca79d86981398d,u_01861,2026-06-14T21:35:47Z,TRADER JOES,10.54,d_002608,exact_duplicate
789499,t_2a1324c98331f280,u_00192,2026-07-05T02:00:52Z,CVS,9.01,d_000267,exact_duplicate
793015,t_0ac5efcb25ad0686,u_01293,2026-05-23T18:40:53Z,PEETS COFFEE,2.32,d_001807,exact_duplicate
793648,t_0250a7a2957f5744,u_00285,2026-06-01T10:15:27Z,AMC Theatres,6.44,d_000392,exact_duplicate
794241,t_2a6a416c433d3c5d,u_01581,2026-07-06T21:43:27Z,Planet Fitness,34.09,d_002209,exact_duplicate
795220,t_48b61c9303d40dc2,u_01730,2026-05-21T04:04:32Z,SQ *COSTCO,49.11,d_002422,exact_duplicate
795301,t_2c24fb8c6c51171b,u_00759,2026-06-18T01:26:21Z,Spotify,19.39,d_001061,exact_duplicate
795797,t_41162f6e77b15f7b,u_00445,2026-07-23T05:22:47Z,MARRIOTT #3277,24.68,d_000625,exact_duplicate
796086,t_0b52462d45bceade,u_01731,2026-06-03T07:13:49Z,PG&E,148.24,d_002424,exact_duplicate
796427,t_595d5245d92fcfa3,u_00930,2026-05-05T11:59:04Z,Philz Coffee,30.49,d_001301,exact_duplicate
796520,t_312de34b96c401e6,u_01135,2026-07-01T19:11:19Z,COSTCO,52.96,d_001594,exact_duplicate
796613,t_0a3dc4117e245c4b,u_00501,2026-07-10T20:22:09Z,SHELL #6330,13.46,d_000702,exact_duplicate
796632,t_5119553b2edb6a7c,u_00091,2026-05-20T17:30:32Z,Target,33.5,d_000129,exact_duplicate
796919,t_4a72401ba8518234,u_00903,2026-07-07T20:44:56Z,AMC THEATRES SAN JOSE CA,20.6,d_001262,exact_duplicate
797113,t_58ed02863c0b2720,u_00188,2026-07-18T13:39:23Z,Netflix,24.71,d_002855,exact_duplicate
797266,t_1969bee668fa11a5,u_00365,2026-05-25T14:29:11Z,GRUBHUB #1505,22.16,d_000506,exact_duplicate
797369,t_3a91d2efb0f2a6f8,u_01888,2026-06-09T19:08:59Z,Sephora,9.89,d_002647,exact_duplicate
797418,t_1ec0818dcba7babb,u_01446,2026-05-06T11:48:01Z,Temu Store 466,4.24,d_002019,exact_duplicate
798445,t_58c3802e476d75bd,u_00434,2026-05-19T18:37:57Z,Lululemon,33.26,d_000610,exact_duplicate
799288,t_320ff1027e038fbe,u_01419,2026-05-30T09:19:35Z,Zelle Transfer Store 936,15.61,d_001984,exact_duplicate
799616,t_3b449f59314827a1,u_01447,2026-07-13T12:39:06Z,Amazon,16.49,d_002020,exact_duplicate
800431,t_73f1eb0e62a8b1dd,u_00838,2026-07-17T10:28:09Z,Google Play,37.09,d_001172,exact_duplicate
801172,t_1233c2423a3b22b1,u_01926,2026-06-01T15:11:04Z,HOME DEPOT SUNNYVALE CA,9.63,d_002696,exact_duplicate
801925,t_0950963e97787ab8,u_01530,2026-05-20T01:00:11Z,REI,17.11,d_002137,exact_duplicate
802177,t_5ca5c5c1536fbe84,u_01577,2026-07-14T12:26:24Z,Venmo,11.13,d_002201,exact_duplicate
802755,t_6eeb17c51bc67495,u_01642,2026-06-02T04:52:06Z,Shein,71.77,d_002293,exact_duplicate
802826,t_74bfb8a939c95958,u_01844,2026-05-31T14:17:57Z,SQ *SUBWAY,12.45,d_002584,exact_duplicate
802866,t_294de8bff758e06c,u_01844,2026-05-16T20:38:17Z,SQ *WALMART,14.81,d_002584,exact_duplicate
804327,t_4a4827dfdfeec201,u_01591,2026-06-15T18:21:41Z,Hilton Store 731,12.21,d_002221,exact_duplicate
804953,t_4a796e6db7670717,u_01660,2026-05-24T13:17:15Z,Best Buy,58.86,d_002316,exact_duplicate
805285,t_70eb45a561ec2dfb,u_00064,2026-06-09T18:13:41Z,Delta Air Lines Store 193,18.86,d_000094,exact_duplicate
805431,t_0511f27d6dc594b5,u_01755,2026-07-09T20:27:22Z,PG&E #3707,11.59,d_002460,exact_duplicate
805640,t_4b129e119fcf06dc,u_00223,2026-07-23T14:24:17Z,HILTON #769,8.94,d_000309,exact_duplicate
806122,t_0e40a638ad17a518,u_00097,2026-06-18T06:26:44Z,United Airlines,149.34,d_000136,exact_duplicate
807097,t_399df83f7837a38c,u_00143,2026-06-28T20:55:18Z,Zelle Transfer Store 861,67.04,d_000198,exact_duplicate
807276,t_4236255837aa5ab7,u_00674,2026-05-19T08:49:22Z,INSTACART #5773,11.18,d_000951,exact_duplicate
807348,t_063405ab971d32e9,u_00788,2026-06-08T05:36:16Z,T-Mobile Store 234,10.14,d_001103,exact_duplicate
807476,t_628db34fb79acb3f,u_00267,2026-07-30T15:40:15Z,Uber,2.8,d_000371,exact_duplicate
807610,t_59f4e18621f78030,u_01508,2026-07-12T02:24:58Z,SEPHORA,18.12,d_002107,exact_duplicate
807803,t_35557c1c77c25ead,u_00666,2026-06-27T12:13:26Z,Whole Foods,51.39,d_000939,exact_duplicate
807984,t_7421027aa01be926,u_00161,2026-06-03T15:40:12Z,CVS,32.39,d_000222,exact_duplicate
808305,t_093b1f1f66ac834c,u_00609,2026-07-21T22:49:30Z,Marriott,13.68,d_000855,exact_duplicate
808760,t_7c075495c75f4b33,u_00903,2026-05-08T17:13:32Z,Delta Air Lines,11.99,d_001262,exact_duplicate
809509,t_2a657dafdb873ea7,u_01333,2026-07-04T10:52:37Z,SAFEWAY #8936,21.05,d_001860,exact_duplicate
810833,t_2c3fdac8a69be022,u_00803,2026-07-05T10:16:33Z,AMC THEATRES HTTPSWWW,19.13,d_001123,exact_duplicate
812183,t_356d463007eb5ccf,u_01141,2026-06-19T14:35:07Z,Steam,36.26,d_001601,exact_duplicate
812481,t_55447e0ba22cef89,u_01008,2026-06-25T03:14:29Z,McDonalds,35.08,d_002852,exact_duplicate
812939,t_4dfdf38505a0f714,u_00903,2026-07-18T12:36:31Z,STEAM #9523,3.3,d_001262,exact_duplicate
813195,t_268342c6c392265f,u_01099,2026-07-05T18:15:29Z,Amazon,50.59,d_001541,exact_duplicate
815201,t_46d498e84fafe847,u_00225,2026-05-13T01:17:26Z,DoorDash,11.35,d_000313,exact_duplicate
815387,t_55b115f64c232a12,u_01509,2026-05-30T00:33:14Z,GRUBHUB,9.75,d_002108,exact_duplicate
816556,t_75883f9f525e0150,u_01304,2026-06-14T04:37:50Z,AMC Theatres,20.46,d_001820,exact_duplicate
816569,t_0261d7c6efa67721,u_01957,2026-05-22T15:11:27Z,Starbucks,30.04,d_002743,exact_duplicate
816736,t_6a6bbd4359c05406,u_00944,2026-07-02T18:59:52Z,WALMART #7166,,d_001320,missing_or_invalid_amount
816888,t_314420f9c5123611,u_01194,2026-05-04T13:59:57Z,eBay,35.1,d_001677,exact_duplicate
817031,t_082536925d016bc4,u_00291,2026-07-10T17:10:32Z,Best Buy,4.52,d_000399,exact_duplicate
817265,t_7cc5ed099b0726e9,u_01099,2026-05-25T21:53:42Z,AMC THEATRES #7654,64.63,d_001541,exact_duplicate
819166,t_653a967a74a0a72f,u_01793,2026-07-26T08:59:24Z,T-Mobile Store 127,73.14,d_002513,exact_duplicate
819749,t_2a362919273aff24,u_01681,2026-05-05T08:45:00Z,Subway,17.39,d_002350,exact_duplicate
820763,t_756730d82976dedc,u_00662,2026-05-19T04:26:09Z,DELTA AIR LINES #1168,56.52,d_000934,exact_duplicate
820800,t_4df3c6468f0899fd,u_00939,2026-07-27T18:34:19Z,Verizon Store 270,112.74,d_001314,exact_duplicate
821033,t_2045daf2595699ae,u_00755,2026-06-29T10:07:04Z,Uber,21.33,d_001056,exact_duplicate
821051,t_39684e9dd961e95d,u_00800,2026-07-11T03:33:05Z,REI,14.05,d_001118,exact_duplicate
821385,t_21686e2763052b34,u_01820,2026-05-29T09:31:11Z,AMAZON,185.76,d_002553,exact_duplicate
826042,t_2c68313ab9e83d57,u_01602,2026-07-30T02:19:00Z,SQ *CHIPOTLE,54.51,d_002238,exact_duplicate
826060,t_29f0a2530e50759c,u_00877,2026-05-18T00:50:13Z,Venmo,7.9,d_001229,exact_duplicate
827175,t_35199a893edf0495,u_01712,2026-05-23T22:31:19Z,SAFEWAY,20.28,d_002397,exact_duplicate
827504,t_55e8037c4d7524b3,u_01269,2026-07-16T09:30:06Z,WALGREENS HTTPSWWW,32.67,d_001777,exact_duplicate
827674,t_60ff27b3ab8f8546,u_00902,2026-05-03T04:45:00Z,Venmo Store 633,163.68,d_001261,exact_duplicate
827884,t_0f07772e63b0d70b,u_01245,2026-07-18T10:25:57Z,NIKE #1671,21.71,d_001742,exact_duplicate
827995,t_4e6da791258d5bd9,u_01056,2026-06-18T02:24:42Z,Peets Coffee,53.59,d_001476,exact_duplicate
828909,t_352420a693d44edb,u_01889,2026-05-25T05:31:59Z,Starbucks,29.97,d_002649,exact_duplicate
829178,t_777c9de33811502a,u_01166,2026-06-15T17:37:06Z,APPLE SUNNYVALE CA,10.06,d_001638,exact_duplicate
829519,t_5823c5e868021ebd,u_00378,2026-07-05T19:44:54Z,Shein,90.99,d_000524,exact_duplicate
829691,t_1460fb25f5844f52,u_01287,2026-06-08T11:38:40Z,GEICO,3.76,d_001800,exact_duplicate
829888,t_4a45ae708a0f4bd0,u_00229,2026-07-12T16:23:10Z,ULTA #8210,18.57,d_000318,exact_duplicate
829931,t_63c76e45e7a8b69f,u_01250,2026-05-12T15:01:04Z,SQ *NORDSTROM,3.29,d_001750,exact_duplicate
829948,t_2f8cc617d0ba58ce,u_01119,2026-07-19T15:11:32Z,Venmo,29.56,d_001570,exact_duplicate
830604,t_36194097fa4ca568,u_00271,2026-06-28T07:50:18Z,Nike,33.0,d_000375,exact_duplicate
832069,t_123f6d5d6af47678,u_01863,2026-05-10T05:31:46Z,UNITED AIRLINES #1498,8.34,d_002612,exact_duplicate
832424,t_74f8716d94546c6e,u_01526,2026-06-13T15:34:59Z,PANDA EXPRESS SAN JOSE CA,49.85,d_002821,exact_duplicate
832796,t_7c74b56c3eaac664,u_00522,2026-07-29T15:49:55Z,Ulta Store 752,13.02,d_000731,exact_duplicate
833234,t_5d61b017cdc36bd6,u_01426,2026-05-12T10:56:03Z,Airbnb,23.07,d_001992,exact_duplicate
833908,t_176f408ac7bc6554,u_00662,2026-06-26T16:03:15Z,ZELLE TRANSFER #2701,126.74,d_000934,exact_duplicate
833998,t_49d7f917d687a65e,u_01776,2026-05-30T10:13:46Z,MCDONALDS,139.98,d_002490,exact_duplicate
834427,t_33754b98fbe2cb92,u_01878,2026-05-14T17:22:02Z,Marriott,6.87,d_002635,exact_duplicate
834489,t_7a7750f664daa56c,u_00271,2026-06-30T05:58:08Z,AMC Theatres,8.01,d_000375,exact_duplicate
835011,t_305493e3b796e1eb,u_01710,2026-05-26T19:32:13Z,SHELL #1898,14.11,d_002393,exact_duplicate
835544,t_46e414f708913e0c,u_00770,2026-05-24T06:19:40Z,Lululemon,12.0,d_001075,exact_duplicate
835941,t_0a9fec365ba5b003,u_00262,2026-05-22T02:29:35Z,CHIPOTLE,24.31,d_000365,exact_duplicate
837102,t_28dcad97422a10aa,u_00356,2026-06-07T05:54:13Z,Shell,9.83,d_000493,exact_duplicate
837583,t_27a234dd872f793d,u_01328,2026-07-25T02:59:27Z,AMC Theatres Store 790,85.35,d_001854,exact_duplicate
837920,t_36f016bef34827a7,u_01375,2026-06-13T10:29:34Z,Shein,32.7,d_001918,exact_duplicate
838158,t_711a43510a05d49a,u_01793,2026-07-26T01:22:20Z,Apple,33.15,d_002513,exact_duplicate
838892,t_350b145dcd63bec8,u_01527,2026-06-20T00:59:57Z,PLAYSTATION #3081,1.32,d_002134,exact_duplicate
838954,t_493290f0dbcfd83c,u_01983,2026-06-08T02:10:49Z,Nike,25.67,d_002847,exact_duplicate
839229,t_2efb3a2c973ea62e,u_01113,2026-05-05T17:13:42Z,Lululemon,59.96,d_001561,exact_duplicate
839710,t_1e3e9d14db6353b0,u_01117,2026-07-21T02:07:17Z,Chipotle,14.69,d_001566,exact_duplicate
840787,t_6f3a60eb5d678681,u_01061,2026-06-02T01:59:36Z,McDonalds,19.79,d_001485,exact_duplicate
840961,t_77ad40e16d6c3fe5,u_01023,2026-05-15T02:11:20Z,Nike,8.73,d_001430,exact_duplicate
841736,t_6bce8fa6b191df8b,u_01601,2026-05-07T18:48:51Z,CHEVRON HTTPSWWW,12.39,d_002236,exact_duplicate
841912,t_5c3da1a1a609f03d,u_00709,2026-06-01T19:09:43Z,Trader Joes,30.99,d_000997,exact_duplicate
841969,t_482e6de5d39ee70f,u_00646,not_a_timestamp,AMC THEATRES SAN JOSE CA,8.78,d_000912,unparseable_timestamp
842478,t_4154e3bb71884f0a,u_01076,2026-05-19T08:33:49Z,Home Depot,11.77,d_001507,exact_duplicate
842578,t_78f29f39fdd04707,u_00088,2026-06-05T13:37:57Z,CHEVRON HTTPSWWW,23.04,d_000125,exact_duplicate
843158,t_74c0216d7ae15ba9,u_00476,2026-07-13T05:27:15Z,HOME DEPOT,129.39,d_000669,exact_duplicate
846562,t_73bb9dd483a1263e,u_01248,2026-05-17T16:39:45Z,Subway Store 627,9.98,d_001747,exact_duplicate
846597,t_4caf86f53ae51d3b,u_00863,2026-07-14T11:52:46Z,Instacart,100.87,d_001208,exact_duplicate
846699,t_6c3ea0c7f305a058,u_01659,2026-05-23T10:26:14Z,Safeway,18.5,d_002315,exact_duplicate
846906,t_073d680d66733c03,u_01126,2026-07-23T01:42:47Z,SPOTIFY,157.16,d_001579,exact_duplicate
847037,t_13f96b5f6e49d153,u_00192,2026-05-21T15:20:09Z,Hilton,57.74,d_000267,exact_duplicate
847754,t_4f197315fab0c081,u_00691,2026-06-03T22:47:26Z,WHOLE FOODS,31.76,d_000973,exact_duplicate
849453,t_21f4aedfbde4b54d,u_01159,2026-05-26T00:51:50Z,Lyft,38.72,d_001626,exact_duplicate
851020,t_31f88f8f2e2441c6,u_01345,2026-06-03T09:58:26Z,DoorDash,9.64,d_001878,exact_duplicate
851117,t_0d3365386f653a1e,u_01746,2026-06-27T01:40:38Z,DELTA AIR LINES SAN JOSE CA,19.61,d_002448,exact_duplicate
851309,t_19ed71e4d1d08e82,u_00877,2026-07-09T11:00:01Z,AMC Theatres,21.24,d_001229,exact_duplicate
851510,t_3d59d5379f663dbf,u_01954,2026-05-14T02:15:24Z,7-Eleven,23.14,d_002738,exact_duplicate
851987,t_20807311276eb2ab,u_00912,2026-05-19T22:10:36Z,Netflix,99.71,d_001276,exact_duplicate
852101,t_07a738b5d6c37466,u_00319,2026-05-24T17:14:39Z,AMAZON #8475,29.96,d_000438,exact_duplicate
852309,t_7d7359f8a0227646,u_01465,2026-07-11T17:55:56Z,DELTA AIR LINES #2040,39.09,d_002046,exact_duplicate
853964,t_2a05a13fb47934b7,u_01361,2026-05-06T02:32:45Z,Trader Joes,47.99,d_001900,exact_duplicate
854696,t_5f6cf3ca4221e069,u_00655,2026-06-05T16:01:35Z,Target,10.54,d_000925,exact_duplicate
855232,t_0e0c6010547f1e83,u_00736,2026-05-12T04:43:13Z,Uber Store 988,37.72,d_001033,exact_duplicate
855690,t_0b6fbd646c1d2d82,u_00812,2026-06-16T20:44:52Z,CVS Store 198,41.5,d_001134,exact_duplicate
857532,t_0a544940a1e18fe8,u_01348,2026-06-01T12:57:51Z,Lululemon,46.46,d_001882,exact_duplicate
857610,t_1024cdca422add50,u_00205,2026-05-25T20:42:41Z,Costco,57.51,d_002826,exact_duplicate
858426,t_5fbf0ccbf4e085be,u_01844,2026-06-10T04:06:27Z,Costco,27.45,d_002584,exact_duplicate
858720,t_204f801510f89349,u_01781,2026-06-07T07:43:42Z,TEMU,5.82,d_002496,exact_duplicate
859914,t_0be529f58e0954b1,u_01684,2026-05-11T12:01:21Z,AMC THEATRES,11.61,d_002355,exact_duplicate
861087,t_315903cdcee0d849,u_01861,2026-06-16T18:15:40Z,T-MOBILE #6724,28.92,d_002608,exact_duplicate
865257,t_02413db03804a614,u_01578,2026-06-22T02:53:31Z,SEPHORA SAN JOSE CA,14.58,d_002204,exact_duplicate
865662,t_044d13d0b2d2a94b,u_01166,2026-07-02T08:01:28Z,Uber,25.8,d_001638,exact_duplicate
866391,t_5407bf3ec025ea25,u_01697,2026-06-30T15:26:56Z,Subway,61.86,d_002373,exact_duplicate
866980,t_04e73f4a16c1c63b,u_00522,2026-06-08T03:18:25Z,Hilton,126.94,d_000731,exact_duplicate
867549,t_4377cf2238b0a506,u_00960,2026-06-22T00:15:40Z,McDonalds,62.25,d_001342,exact_duplicate
867767,t_08ac661d6911f9e2,u_01410,2026-07-10T20:44:59Z,Shein,31.35,d_001968,exact_duplicate
867935,t_21c65be1f9860433,u_00495,2026-05-15T06:56:53Z,Google Play,16.14,d_000694,exact_duplicate
867991,t_630f75fe9f1388ca,u_01266,2026-07-17T23:00:56Z,T-MOBILE ONLINE,14.14,d_001773,exact_duplicate
868269,t_5d3366ec39944f58,u_00571,2026-06-13T04:11:12Z,In-N-Out,25.21,d_000798,exact_duplicate
872754,t_1cbd9f1bf6914760,u_00919,2026-07-30T00:11:38Z,SQ *VERIZON,12.95,d_001286,exact_duplicate
872799,t_4a69fed8652447db,u_01340,2026-07-04T15:04:06Z,In-N-Out,18.83,d_001871,exact_duplicate
872922,t_699c72c87d302a6a,u_01389,2026-07-05T09:30:28Z,Panda Express,32.76,d_001939,exact_duplicate
872942,t_7fe6e2a7adc301f2,u_01426,2026-07-16T07:13:21Z,Netflix,64.08,d_001992,exact_duplicate
873650,t_74c4a1d2234dae33,u_01660,2026-07-01T23:47:38Z,REI,62.95,d_002316,exact_duplicate
874306,t_5a80d9b772ef0ea9,u_00433,2026-06-23T12:27:57Z,Walgreens,59.3,d_000608,exact_duplicate
874484,t_019dfd504730074a,u_00845,2026-07-29T10:10:52Z,Lyft Store 927,9.69,d_001180,exact_duplicate
874776,t_07159ef2e35b2f26,u_00227,2026-06-13T04:42:27Z,TRADER JOES #8624,49.82,d_000315,exact_duplicate
874939,t_030312a1c0087a9c,u_01710,2026-05-18T10:35:35Z,Apple,10.4,d_002394,exact_duplicate
875595,t_0cf034fd414ac733,u_01445,2026-06-25T14:36:38Z,Apple,5.83,d_002017,exact_duplicate
876381,t_11335553d58f36ca,u_00489,2026-06-15T23:22:43Z,Panda Express,37.8,d_000684,exact_duplicate
876748,t_64dac1fd652c7176,u_01861,2026-05-15T06:18:52Z,SQ *WALGREENS,11.67,d_002608,exact_duplicate
877598,t_558f70599f20ac75,u_00092,2026-05-05T16:20:15Z,Amazon,10.49,d_000130,exact_duplicate
877617,t_0d9b77d775e33cb1,u_01543,2026-05-25T11:09:35Z,Target,131.56,d_002155,exact_duplicate
878155,t_21eb4c9d38b72e1e,u_00346,2026-07-28T22:16:25Z,SQ *STARBUCKS,18.27,d_000482,exact_duplicate
878454,t_77d71b130b4d74b5,u_01468,2026-05-30T16:06:59Z,SQ *TRADER JOES,39.21,d_002050,exact_duplicate
879040,t_111338edc5acb551,u_01523,2026-05-12T22:55:56Z,HILTON,173.69,d_002128,exact_duplicate
879267,t_70ca73925ea65bac,u_01781,2026-07-14T16:04:07Z,NORDSTROM,12.57,d_002497,exact_duplicate
880735,t_37536dac26985449,u_00776,not_a_timestamp,NORDSTROM #8926,48.78,d_001083,unparseable_timestamp
881267,t_221b5a778f75ff20,u_00812,2026-06-10T11:20:23Z,Planet Fitness,29.39,d_001134,exact_duplicate
881841,t_5055432772bfb8ba,u_00841,2026-07-13T18:18:08Z,In-N-Out,62.01,d_001175,exact_duplicate
882797,t_424caa47db876c45,u_01797,2026-06-01T14:41:27Z,Philz Coffee,7.23,d_002519,exact_duplicate
883203,t_297c5d6ad7f3fbed,u_00343,2026-07-05T18:12:26Z,PANDA EXPRESS #8387,31.97,d_000476,exact_duplicate
883245,t_1b43bf45b9cbd39c,u_00440,2026-06-01T00:54:04Z,Venmo,29.1,d_000619,exact_duplicate
883271,t_66b028b8a335efcd,u_01656,2026-07-13T00:56:49Z,SQ *TEMU,180.56,d_002311,exact_duplicate
884997,t_3ac07ede6418bba0,u_00851,2026-05-03T21:41:59Z,IN-N-OUT,27.14,d_001189,exact_duplicate
885811,t_462adda91f5b0fbb,u_00590,2026-05-04T05:35:59Z,Best Buy,73.13,d_000825,exact_duplicate
885986,t_0709f5aafb5e1d7b,u_00731,2026-07-17T14:17:41Z,Google Play,127.69,d_001027,exact_duplicate
887855,t_7fd8996ad9efa826,u_01946,2026-05-20T22:54:53Z,Costco,59.01,d_002725,exact_duplicate
888454,t_25ddbbea4fe8b252,u_01676,2026-07-02T07:26:39Z,Chevron Store 85,20.96,d_002343,exact_duplicate
888778,t_5787d2dbbabd0d37,u_00174,2026-06-23T12:55:27Z,AMC Theatres,8.23,d_000240,exact_duplicate
889087,t_3aec5416c8ce7ae6,u_00674,2026-05-25T17:09:31Z,Delta Air Lines,8.17,d_000951,exact_duplicate
889535,t_7fa0085a26b29e58,u_01255,2026-06-12T13:42:00Z,Airbnb Store 387,34.27,d_001757,exact_duplicate
890046,t_57fbcf9a631bbcda,u_00692,2026-07-25T03:36:47Z,Grubhub,17.91,d_000974,exact_duplicate
892113,t_43aba61fdb078a01,u_00617,2026-07-10T01:49:00Z,Steam,3.19,d_000868,exact_duplicate
893645,t_59d6775f0e1e462f,u_00392,2026-07-15T18:08:05Z,Costco,8.83,d_000546,exact_duplicate
893790,t_7bb0409fa92da181,u_00026,2026-05-28T09:23:07Z,Costco,122.33,d_000041,exact_duplicate
893791,t_11d791973e1cf25e,u_01530,2026-06-19T23:00:43Z,Walmart Store 679,18.01,d_002137,exact_duplicate
894027,t_29cbac249da46d11,u_01315,2026-07-13T03:52:14Z,SQ *SEPHORA,20.12,d_001836,exact_duplicate
894497,t_103bfb022b178f13,u_00429,2026-07-22T17:08:52Z,Philz Coffee,,d_000600,missing_or_invalid_amount
895775,t_49a9b375d2616ca8,u_01208,2026-06-15T04:37:05Z,Delta Air Lines,13.98,d_001696,exact_duplicate
896809,t_14f6ad3a9da5803c,u_00060,2026-05-03T20:02:41Z,TRADER JOES SAN JOSE CA,35.42,d_000088,exact_duplicate
897104,t_5c76fcef708b9daf,u_00217,2026-06-13T13:13:48Z,ALIEXPRESS,42.53,d_002814,exact_duplicate
897187,t_381541f06ca754c7,u_00304,2026-05-05T21:52:13Z,Home Depot,21.91,d_000420,exact_duplicate
897605,t_43ff322c3295170e,u_00776,2026-07-23T14:57:12Z,PANDA EXPRESS #4705,33.03,d_001084,exact_duplicate
897705,t_465efe174f3c8c74,u_00048,2026-06-21T20:23:53Z,Spotify,30.85,d_000071,exact_duplicate
898143,t_71a51e5bea8e67a5,u_01063,2026-05-23T07:35:12Z,SQ *PG&E,20.49,d_002848,exact_duplicate
899614,t_04337928ea79d59a,u_01290,2026-07-25T04:27:06Z,TRADER JOES #9047,8.98,d_001803,exact_duplicate
899762,t_48e41f4ff49cc23c,u_00513,2026-05-04T00:00:23Z,Peets Coffee,14.24,d_000719,exact_duplicate
900507,t_39e18baa83bcf718,u_00648,2026-05-03T14:38:13Z,AliExpress Store 554,8.21,d_000915,exact_duplicate
900649,t_07701b6635db655f,u_00092,2026-07-27T00:12:16Z,United Airlines,44.36,d_000130,exact_duplicate
900897,t_09bebd87e01cb68e,u_01129,2026-06-20T17:43:37Z,Shein,17.86,d_001585,exact_duplicate
901613,t_4e97345c8a21c3cb,u_00251,2026-05-20T06:18:16Z,SQ *GRUBHUB,3.99,d_000351,exact_duplicate
901796,t_40740e715a06b0ff,u_00884,2026-06-05T06:03:28Z,WALGREENS,75.37,d_001239,exact_duplicate
902830,t_239fee1dd063563e,u_00699,2026-07-12T23:48:56Z,PEETS COFFEE SAN JOSE CA,39.64,d_000984,exact_duplicate
902967,t_6adef69ea56f43e2,u_01164,2026-07-03T22:01:19Z,Panda Express,34.23,d_001634,exact_duplicate
903418,t_6555af3ff67a8e0b,u_00434,2026-05-09T16:09:25Z,Delta Air Lines,33.52,d_000610,exact_duplicate
903737,t_135b2bc8e6e7128b,u_00517,not_a_timestamp,Grubhub,38.29,d_002832,unparseable_timestamp
903792,t_5efdbe9cc7e4e6d1,u_01056,2026-07-18T16:34:24Z,Whole Foods,33.64,d_001477,exact_duplicate
903814,t_62bbbefd2f1e74e7,u_01577,2026-07-15T16:23:19Z,NORDSTROM #8808,89.08,d_002201,exact_duplicate
903974,t_72f183614d7688f8,u_00285,2026-06-11T00:45:28Z,WHOLE FOODS,13.51,d_000392,exact_duplicate
904024,t_7b97dd95f08fc957,u_01881,2026-06-01T17:37:23Z,WALMART #770,8.07,d_002639,exact_duplicate
904081,t_11232b7ccec9ca73,u_00434,2026-07-24T10:40:43Z,HILTON #5066,64.91,d_000610,exact_duplicate
904230,t_5ecf5e43858d569d,u_00119,2026-07-29T13:22:06Z,Target,24.57,d_000169,exact_duplicate
905118,t_147bc49630f589b4,u_00170,2026-05-26T19:50:38Z,PEETS COFFEE #3471,5.13,d_000235,exact_duplicate
905357,t_3cfa7ed2d60c3a47,u_01641,2026-07-19T12:50:32Z,REI SAN JOSE CA,11.71,d_002292,exact_duplicate
906170,t_7cea5ada0e411740,u_00111,2026-05-05T18:07:49Z,Trader Joes,42.56,d_000157,exact_duplicate
906918,t_1c019458b2c8083e,u_01450,2026-06-17T06:56:21Z,Spotify,13.57,d_002024,exact_duplicate
907561,t_495efe86b0b98156,u_01718,2026-06-25T23:09:07Z,SQ *SEPHORA,21.6,d_002406,exact_duplicate
908730,t_414806e6190f7dff,u_00283,2026-05-10T22:54:04Z,Target Store 382,36.65,d_002808,exact_duplicate
908761,t_6341fcd5025c4358,u_00688,2026-06-09T19:17:20Z,Subway,17.7,d_000968,exact_duplicate
909238,t_38088911388e3be2,u_01111,2026-07-09T07:10:13Z,STARBUCKS ONLINE,4.72,d_001557,exact_duplicate
909516,t_05e10d1686d2edbd,u_01155,2026-06-20T00:25:46Z,Airbnb,8.74,d_001622,exact_duplicate
910124,t_7cea6a0a0dc76490,u_00133,2026-05-05T23:49:43Z,SEPHORA,15.08,d_000185,exact_duplicate
910283,t_33caad991870da19,u_00148,2026-05-24T13:04:55Z,Home Depot,2.78,d_000203,exact_duplicate
911563,t_62594756cffbdad3,u_01681,2026-06-17T01:12:45Z,Costco,16.92,d_002350,exact_duplicate
911800,t_05c59e12b6c78b01,u_00736,2026-07-18T13:06:27Z,LYFT #2733,74.87,d_001033,exact_duplicate
912012,t_53b61dfbc141cde6,u_01660,2026-05-16T17:30:28Z,Trader Joes,68.42,d_002316,exact_duplicate
912032,t_3e43d493e3d84d3c,u_00884,2026-05-31T20:07:13Z,McDonalds,87.93,d_001239,exact_duplicate
912277,t_6946a50b23b5eab2,u_01936,2026-05-05T18:28:45Z,Shein,34.88,d_002712,exact_duplicate
913204,t_2942c57ea5f39a5b,u_01111,2026-06-10T00:18:30Z,Delta Air Lines,5.27,d_001557,exact_duplicate
915199,t_7c372c0c3bdca2ac,u_01021,2026-07-20T21:40:15Z,Uber,31.59,d_001427,exact_duplicate
915772,t_70451ca35b202e42,u_01967,2026-05-04T20:30:09Z,Starbucks,54.33,d_002759,exact_duplicate
916294,t_5919cfc9c4519615,u_00886,2026-05-18T16:08:24Z,Zelle Transfer,493.7,d_001241,exact_duplicate
918495,t_502ec2ccb4b429b3,u_00201,2026-06-07T17:30:13Z,Walmart Store 939,63.12,d_000279,exact_duplicate
918937,t_587d49bfa4501646,u_00199,2026-07-24T06:41:38Z,Target,23.03,d_000276,exact_duplicate
919098,t_792b8174d7cb2a8a,u_01111,2026-07-13T06:03:01Z,Netflix,9.53,d_001557,exact_duplicate
919254,t_75afd61014aef016,u_01737,2026-06-12T02:45:46Z,NIKE,98.54,d_002434,exact_duplicate
919944,t_3d37f7307066c207,u_00736,2026-05-24T14:54:15Z,NIKE,89.97,d_001033,exact_duplicate
920469,t_38f7fbcd4ca8bdd3,u_00065,2026-06-09T23:23:38Z,Costco Store 981,20.36,d_002850,exact_duplicate
921434,t_22677d0f8e9fc141,u_01012,2026-05-03T19:33:35Z,Nike,23.38,d_001413,exact_duplicate
921521,t_6271cf4a98566c03,u_01075,2026-05-18T06:04:18Z,DoorDash Store 725,,d_001506,missing_or_invalid_amount
922160,t_2fa9ef8fb1cede4b,u_01929,2026-06-11T03:18:26Z,PG&E,10.55,d_002700,exact_duplicate
923249,t_1a05f7a7d9346646,u_00486,2026-06-23T07:04:39Z,Philz Coffee,166.85,d_000681,exact_duplicate
923902,t_0a9cc7a01d34c992,u_00845,2026-06-30T00:19:57Z,Walmart,5.92,d_001180,exact_duplicate
924882,t_24ff01bc9c472b59,u_01484,2026-07-23T22:54:07Z,STEAM,16.69,d_002069,exact_duplicate
925169,t_58a167ea107ccf4c,u_01304,2026-07-07T06:21:09Z,Uber,27.41,d_001821,exact_duplicate
926234,t_2e493beb6bc77c68,u_00884,2026-06-17T08:18:06Z,Netflix,32.82,d_001239,exact_duplicate
927068,t_45db5f0840aef785,u_01661,2026-05-29T20:13:12Z,STEAM,28.83,d_002317,exact_duplicate
927306,t_3be702c5b40bf9e2,u_01426,2026-05-31T04:45:21Z,Venmo,26.73,d_001992,exact_duplicate
927648,t_01fd473369940e14,u_00689,2026-06-13T23:26:26Z,SQ *GOOGLE PLAY,87.33,d_002818,exact_duplicate
927907,t_47ff5a0794ffd97c,u_00775,2026-06-19T10:12:20Z,Walgreens,118.99,d_001081,exact_duplicate
928525,t_078f742e3a38117b,u_01994,2026-06-23T09:09:38Z,Amazon Store 661,12.41,d_002797,exact_duplicate
929025,t_5ab6678cdeb78ba7,u_00944,2026-07-07T10:31:29Z,SQ *ZELLE TRANSFER,214.02,d_001320,exact_duplicate
929074,t_6d151ef66aee92dd,u_01825,2026-06-15T15:11:22Z,Panda Express,24.85,d_002560,exact_duplicate
929644,t_24088f3e014053f1,u_01956,2026-06-09T05:36:52Z,PG&E,50.83,d_002742,exact_duplicate
930287,t_7415ac186d861a0c,u_00192,2026-06-10T15:08:13Z,SQ *WALGREENS,21.17,d_000267,exact_duplicate
931181,t_17471f389d9b36e0,u_00574,2026-06-05T19:13:46Z,Nike,37.41,d_000803,exact_duplicate
931363,t_24cd44efd2d49f44,u_00633,2026-05-10T14:28:02Z,Sephora,64.13,d_000891,exact_duplicate
931414,t_5db98fb0702ad96a,u_00847,2026-06-08T10:11:06Z,Steam,11.45,d_001184,exact_duplicate
931947,t_73b3d0c7220d1efa,u_01939,2026-06-11T05:18:19Z,McDonalds,9.3,d_002716,exact_duplicate
932516,t_39f3b5bdaa6e17d1,u_01290,2026-06-09T03:13:15Z,TEMU #386,79.13,d_001803,exact_duplicate
933389,t_2e33c768aac2a0b0,u_01577,2026-06-22T21:13:12Z,Hilton,19.08,d_002202,exact_duplicate
934122,t_5b3d87d77dc13c55,u_01126,2026-05-15T05:35:40Z,DoorDash,705.28,d_001579,exact_duplicate
934250,t_0e9fe989070e61e6,u_00180,2026-05-25T22:42:16Z,Nike,55.86,d_000250,exact_duplicate
934779,t_306e070c3827c031,u_00091,2026-05-13T15:09:31Z,SQ *NETFLIX,25.65,d_000129,exact_duplicate
935546,t_496bc35a97f39e33,u_01563,2026-07-01T15:27:02Z,Safeway,6.65,d_002183,exact_duplicate
935689,t_323fa58d25b56048,u_00337,2026-07-23T18:35:07Z,Marriott,5.14,d_000467,exact_duplicate
935935,t_293aa47d52e41675,u_01587,2026-06-10T08:30:29Z,PEETS COFFEE #628,23.15,d_002217,exact_duplicate
936030,t_5e73e35ed6700809,u_01031,2026-05-04T08:19:00Z,Spotify,75.81,d_001441,exact_duplicate
936251,t_743a969e7e160c4d,u_01840,2026-07-21T07:37:25Z,Lyft,16.21,d_002579,exact_duplicate
936645,t_63e89946bcf9ff93,u_00843,2026-07-30T17:38:24Z,Marriott Store 231,26.12,d_001178,exact_duplicate
937279,t_12f0e3e71eb12672,u_01891,2026-07-15T11:42:37Z,Instacart,19.46,d_002651,exact_duplicate
937729,t_74c53ef84f492342,u_01234,2026-07-01T00:57:14Z,In-N-Out,4.78,d_001730,exact_duplicate
938068,t_477983d5869c4334,u_01746,2026-06-02T00:28:18Z,SQ *AIRBNB,17.76,d_002448,exact_duplicate
938875,t_0b314843610ad89f,u_01746,2026-07-04T23:08:07Z,SAFEWAY CA,39.08,d_002448,exact_duplicate
938956,t_73de91d0591929fd,u_00906,2026-07-31T06:06:46Z,TARGET ONLINE,7.24,d_001267,exact_duplicate
941716,t_039682bbe00e561a,u_00944,2026-07-26T14:13:41Z,SQ *STARBUCKS,20.61,d_001320,exact_duplicate
942149,t_4cdc98deaeea3091,u_01730,2026-07-11T21:29:06Z,Chevron,41.44,d_002423,exact_duplicate
942576,t_1f85f2dd8cec46cd,u_01772,2026-07-08T17:03:04Z,WALGREENS #8377,9.01,d_002483,exact_duplicate
943276,t_63038073567f8841,u_00955,2026-07-28T01:29:35Z,IN-N-OUT,18.91,d_001335,exact_duplicate
943924,t_50bf07d1be73e9db,u_00192,2026-06-08T02:58:30Z,PlayStation,3.36,d_000267,exact_duplicate
944315,t_04b847b6b135e4a1,u_01083,2026-07-28T05:14:35Z,Whole Foods,6.98,d_001517,exact_duplicate
944320,t_093c9aac255f5938,u_01218,2026-06-24T02:34:49Z,McDonalds,52.17,d_001708,exact_duplicate
945064,t_5b2b783a91cf71c9,u_01941,2026-07-23T04:38:01Z,Airbnb,15.52,d_002718,exact_duplicate
945265,t_16c70d9959bc3de5,u_00304,2026-07-05T05:32:36Z,Costco,39.71,d_000421,exact_duplicate
946571,t_7cb8fc11c1c5109a,u_01063,2026-07-10T02:59:09Z,Geico Store 691,17.25,d_001487,exact_duplicate
946607,t_453736393e5ffc80,u_01577,2026-06-14T00:30:01Z,Costco,30.96,d_002201,exact_duplicate
947514,t_626fae3da43154f0,u_01685,2026-07-19T23:29:04Z,Nike Store 893,25.64,d_002356,exact_duplicate
947524,t_7a5b24c60a11f860,u_01581,2026-06-09T22:48:45Z,Chevron,39.93,d_002209,exact_duplicate
947611,t_6b6edfdf3514943e,u_01345,2026-05-24T03:23:25Z,Chipotle,44.83,d_001879,exact_duplicate
947716,t_4f34cafb1950db5c,u_01521,2026-06-07T05:39:07Z,ALIEXPRESS #8929,54.36,d_002125,exact_duplicate
948106,t_6643eeb99bb4d53e,u_00692,2026-07-04T06:51:49Z,Delta Air Lines Store 845,37.94,d_000974,exact_duplicate
951374,t_767c71164adb6938,u_01845,2026-06-24T19:32:33Z,HOME DEPOT #4501,4.51,d_002585,exact_duplicate
951579,t_1f75175d70344add,u_01126,2026-06-06T06:42:49Z,Trader Joes,122.55,d_001579,exact_duplicate
951618,t_30e1d34c8d1d2ccf,u_01730,2026-06-16T23:43:32Z,Peets Coffee,22.72,d_002423,exact_duplicate
952123,t_519347b223862a0c,u_00519,2026-06-25T11:35:33Z,AliExpress,4.02,d_000726,exact_duplicate
952129,t_13949364244f4a2e,u_00397,2026-07-30T18:44:00Z,CHIPOTLE #9710,34.64,d_000553,exact_duplicate
952404,t_31d9ebb18e4a9347,u_01038,2026-07-06T07:32:21Z,PEETS COFFEE,24.35,d_001451,exact_duplicate
954327,t_393e8dce96b0296f,u_01893,2026-05-15T02:27:52Z,T-Mobile Store 937,35.98,d_002654,exact_duplicate
954877,t_09ede8853b3dbe3b,u_00375,2026-06-18T22:59:32Z,SEPHORA,171.24,d_000520,exact_duplicate
955059,t_46321b068be12d83,u_00104,2026-07-02T01:19:07Z,PG&E Store 87,13.13,d_000148,exact_duplicate
955867,t_1984805ce5b750df,u_00260,2026-05-26T14:21:31Z,Etsy Store 683,70.18,d_000362,exact_duplicate
956186,t_36fb8557f99d38a5,u_00081,2026-05-28T22:37:07Z,GOOGLE PLAY #455,11.42,d_000116,exact_duplicate
956576,t_4621f986ed084d90,u_01938,2026-05-05T10:40:15Z,Netflix,3.32,d_002715,exact_duplicate
957017,t_6009628ec69c921c,u_00391,2026-06-14T13:50:42Z,Ulta,13.04,d_000545,exact_duplicate
957215,t_57d59af2a7542915,u_00843,2026-06-30T13:46:49Z,Lululemon,119.59,d_001178,exact_duplicate
957294,t_3c70fb1d9556005b,u_00092,2026-07-14T01:22:07Z,Shell,69.62,d_000130,exact_duplicate
957763,t_08f934dc680c84ca,u_00776,2026-07-17T06:17:22Z,Venmo,23.88,d_001083,exact_duplicate
959313,t_0c659c8357e4bee5,u_01265,2026-06-12T13:29:40Z,Apple,13.93,d_001771,exact_duplicate
960662,t_30290be9e0e79314,u_01358,not_a_timestamp,Lyft Store 583,8.11,d_001895,unparseable_timestamp
961024,t_78704f0b066564fc,u_01979,2026-05-17T08:45:50Z,Amazon,35.69,d_002775,exact_duplicate
961033,t_365739f11fb655e5,u_00920,2026-07-08T08:41:01Z,VERIZON #4810,36.75,d_001287,exact_duplicate
961225,t_420720da536a7286,u_01380,2026-06-01T07:43:10Z,T-Mobile,31.27,d_001926,exact_duplicate
962487,t_7b6c946a99d8845c,u_00977,2026-06-03T23:43:33Z,United Airlines,19.11,d_001363,exact_duplicate
962562,t_177304bfd2f8702c,u_01448,2026-07-17T06:07:03Z,PLANET FITNESS SAN JOSE CA,11.79,d_002022,exact_duplicate
962773,t_01551c3f462c1180,u_01762,2026-07-06T08:16:02Z,Marriott,21.83,d_002470,exact_duplicate
962785,t_7574ad8c8bcf1690,u_01932,2026-06-12T07:09:37Z,DELTA AIR LINES,24.45,d_002706,exact_duplicate
962889,t_66584e51d9259e93,u_01471,2026-05-31T14:08:23Z,Etsy Store 25,12.95,d_002055,exact_duplicate
963223,t_0a8a2af0b1da180a,u_01496,2026-05-07T15:55:33Z,Grubhub,141.99,d_002088,exact_duplicate
964269,t_47a02c522bb6c14e,u_00946,2026-05-10T11:53:17Z,ALIEXPRESS HTTPSWWW,14.02,d_001322,exact_duplicate
964471,t_7ed301030cca45ea,u_01787,2026-07-11T10:55:47Z,UBER,14.62,d_002505,exact_duplicate
964658,t_3bd3faed68948128,u_01428,2026-07-25T04:52:03Z,WHOLE FOODS ONLINE,31.11,d_002838,exact_duplicate
964751,t_6b37e6044793a734,u_00848,2026-05-13T18:34:50Z,Sephora,8.75,d_001185,exact_duplicate
965942,t_348b6f5161ddf61e,u_01505,2026-06-30T01:16:46Z,Amazon Store 393,22.5,d_002103,exact_duplicate
966567,t_32b3ebbdbb36d3fa,u_00713,2026-05-12T08:52:22Z,SQ *APPLE,70.13,d_001004,exact_duplicate
966667,t_125bd6bc6738e876,u_00125,2026-05-09T03:55:18Z,Shell Store 335,32.25,d_000176,exact_duplicate
966877,t_59a7dcb94adc4dcf,u_01731,2026-07-07T07:51:27Z,PG&E Store 521,46.42,d_002424,exact_duplicate
967320,t_141819ecf4d6fb3e,u_00709,2026-07-29T03:02:41Z,Trader Joes,29.54,d_000997,exact_duplicate
967623,t_4eaa52c8621137c3,u_01698,2026-05-16T16:33:56Z,AliExpress,13.87,d_002374,exact_duplicate
968239,t_56c1a0a8a021abec,u_01844,2026-06-15T15:33:37Z,Target,48.47,d_002584,exact_duplicate
968580,t_13d204fa1ee816d9,u_00157,2026-07-12T15:28:44Z,Chevron,28.16,d_000216,exact_duplicate
968745,t_4a9520e45aceb132,u_00200,2026-07-31T14:46:02Z,ZELLE TRANSFER,21.88,d_000278,exact_duplicate
970442,t_148ae854e87c23ec,u_00470,2026-05-18T05:37:52Z,AMC Theatres,85.25,d_000663,exact_duplicate
970604,t_0226b885416e65b8,u_00050,2026-07-24T23:48:33Z,PLAYSTATION SUNNYVALE CA,38.77,d_000074,exact_duplicate
971081,t_4faed7d6fd95f943,u_00577,2026-07-24T01:35:00Z,7-Eleven,22.92,d_000808,exact_duplicate
971451,t_4358911278c8dd3f,u_00682,2026-06-23T08:19:26Z,CVS,24.75,d_000960,exact_duplicate
972380,t_7a9d4652bedb80e8,u_00685,2026-07-23T03:08:48Z,Grubhub Store 372,56.51,d_000964,exact_duplicate
972929,t_7a33886ad569c77f,u_00334,2026-05-15T11:39:09Z,Netflix,20.49,d_000462,exact_duplicate
974334,t_3e9a390865748322,u_00254,2026-07-07T18:41:01Z,CVS,126.72,d_000354,exact_duplicate
974340,t_1e9c6993d8c668b5,u_00603,2026-06-20T22:05:54Z,Spotify,236.19,d_000844,exact_duplicate
975687,t_7937b4ed79df18de,u_00343,2026-06-26T02:14:44Z,Zelle Transfer,26.87,d_000476,exact_duplicate
976308,t_082bc7d41d2d9f61,u_01218,2026-07-19T14:56:15Z,Safeway,75.07,d_001708,exact_duplicate
976609,t_7a604c3912870756,u_01691,2026-05-14T04:10:28Z,eBay Store 897,4.25,d_002364,exact_duplicate
978112,t_62f8786977a4e493,u_00976,2026-06-10T20:48:25Z,Best Buy,17.59,d_001362,exact_duplicate
978477,t_043359c9e553d613,u_00448,2026-07-23T04:13:47Z,Starbucks,8.94,d_000631,exact_duplicate
979106,t_2165fff6b24dd3b5,u_01034,2026-06-24T01:45:18Z,COSTCO,279.0,d_001446,exact_duplicate
980071,t_38ea5b7aa869fc41,u_00204,2026-07-16T19:33:52Z,SQ *PG&E,37.98,d_000283,exact_duplicate
980095,t_5a94020f83f5a814,u_00229,2026-06-05T22:05:53Z,Safeway Store 107,11.87,d_000318,exact_duplicate
980243,t_73269627fb7e6d4c,u_01172,2026-05-23T04:24:09Z,PANDA EXPRESS SAN JOSE CA,23.2,d_001646,exact_duplicate
980352,t_77011a6ed23228ad,u_00092,2026-06-14T22:43:06Z,PANDA EXPRESS #177,146.97,d_000130,exact_duplicate
980654,t_708ece59cbb7d2cd,u_00845,2026-06-17T02:02:58Z,Temu Store 909,23.12,d_001181,exact_duplicate
980727,t_15bbb39bf7ee7de2,u_01907,2026-07-14T12:42:11Z,Planet Fitness,11.35,d_002671,exact_duplicate
981294,t_027673ff86201b7b,u_01086,2026-05-23T13:01:47Z,Lululemon,10.7,d_001523,exact_duplicate
981546,t_3f60e0546a178eaf,u_01285,2026-06-21T05:36:06Z,Amazon Store 95,4.55,d_001798,exact_duplicate
982463,t_17319c22063e9ebb,u_01110,2026-05-14T01:18:30Z,Steam,23.26,d_001556,exact_duplicate
982706,t_3be480d51cd495d3,u_00919,2026-06-10T11:49:36Z,Airbnb,8.19,d_001286,exact_duplicate
984028,t_50a3458262a16eb3,u_01776,2026-07-27T04:33:14Z,Walmart,24.54,d_002490,exact_duplicate
984521,t_5ef0124a5a818feb,u_01304,2026-06-06T09:20:48Z,ALIEXPRESS CA,18.95,d_001820,exact_duplicate
986463,t_1687cfd6e5cc4eea,u_01767,2026-07-07T20:20:11Z,Etsy,48.12,d_002476,exact_duplicate
986718,t_432d7eec51d15a82,u_01084,2026-06-03T00:48:33Z,McDonalds,6.11,d_001519,exact_duplicate
987074,t_11025683be349cb7,u_00912,2026-07-09T04:08:39Z,Chevron,25.74,d_002815,exact_duplicate
987384,t_6b4806850daf1bfd,u_00864,2026-06-05T11:50:18Z,7-Eleven,36.44,d_001209,exact_duplicate
987819,t_092710a8ffafa59f,u_01459,2026-05-03T02:59:58Z,7-Eleven,19.68,d_002038,exact_duplicate
988940,t_419c75cb905e35c4,u_00188,2026-05-17T09:37:44Z,PANDA EXPRESS #2328,10.26,d_000261,exact_duplicate
988953,t_3323854b60188264,u_01240,2026-06-19T02:43:08Z,SHEIN #5375,24.86,d_001737,exact_duplicate
990044,t_3bf0a4b71f8b1e7c,u_00257,2026-07-30T14:12:30Z,Trader Joes,45.05,d_000359,exact_duplicate
990060,t_0a0eea5fbd4b36a8,u_00227,2026-07-22T04:58:57Z,Spotify,9.55,d_000315,exact_duplicate
990244,t_5d8cb5c906a4e8c5,u_01761,2026-06-26T19:41:40Z,SAFEWAY #8224,43.69,d_002469,exact_duplicate
990367,t_01a79f495498792b,u_01671,2026-06-28T16:05:20Z,AMC Theatres,17.72,d_002334,exact_duplicate
990767,t_6adadf4cdb68c3b7,u_01844,2026-06-11T05:23:51Z,SUBWAY SUNNYVALE CA,23.42,d_002584,exact_duplicate
990830,t_50c3d5e9e1661cc9,u_01245,2026-07-04T04:14:40Z,STARBUCKS #7578,60.54,d_001742,exact_duplicate
990841,t_3c168d8d6d650f41,u_01354,2026-06-19T04:59:29Z,Walmart,74.74,d_001891,exact_duplicate
990886,t_2cca774940d9e8e0,u_00588,2026-05-05T00:43:35Z,EBAY,18.79,d_000822,exact_duplicate
991025,t_2af03b6c3b5a0644,u_01321,2026-06-04T04:09:57Z,AliExpress,20.6,d_001845,exact_duplicate
991469,t_244684f1dabc43fa,u_00092,2026-05-18T04:06:26Z,Verizon,13.16,d_000130,exact_duplicate
991831,t_775c011c506652a9,u_00634,2026-06-10T03:46:55Z,SQ *SPOTIFY,32.06,d_000892,exact_duplicate
992224,t_750bfbf42b503dcb,u_01645,2026-07-07T13:59:03Z,CVS HTTPSWWW,3.03,d_002296,exact_duplicate
992562,t_51fefc72b990667e,u_00188,2026-05-17T15:36:23Z,7-Eleven,18.05,d_002855,exact_duplicate
992935,t_264490aae60da9fe,u_00192,2026-07-14T09:57:38Z,SQ *VENMO,12.98,d_000267,exact_duplicate
993670,t_14b736527f6c6553,u_01494,2026-07-10T03:01:22Z,Planet Fitness,50.52,d_002085,exact_duplicate
993678,t_681ac6fbd5b94f6c,u_01893,2026-05-15T13:48:30Z,Lululemon,59.38,d_002654,exact_duplicate
994136,t_1738817d8e3055da,u_01861,2026-07-30T02:40:39Z,eBay,22.74,d_002608,exact_duplicate
994192,t_2e308ca9cee90fb2,u_01966,2026-06-19T23:27:00Z,Nike,30.52,d_002756,exact_duplicate
995507,t_275afbcca99bdcc1,u_01993,2026-06-01T03:37:08Z,Best Buy,63.17,d_002796,exact_duplicate
995862,t_47ebfa1f32faae53,u_00014,2026-07-21T00:18:51Z,Instacart,28.92,d_000023,exact_duplicate
996815,t_7af8bbb81d65f7d5,u_00192,2026-06-24T09:33:13Z,Philz Coffee,9.59,d_000267,exact_duplicate
997774,t_0648aea72c9ded3a,u_00450,2026-05-31T15:45:28Z,SQ *PHILZ COFFEE,4.47,d_000634,exact_duplicate
998328,t_2e38ba4bd479881f,u_00392,2026-05-19T04:53:06Z,Walmart,4.34,d_000546,exact_duplicate
998972,t_6929d2d6ce816893,u_01850,2026-07-27T10:15:00Z,AliExpress,7.33,d_002593,exact_duplicate
999510,t_58f52d16abd51a8c,u_01214,2026-07-09T23:23:16Z,WHOLE FOODS #7745,37.63,d_001704,exact_duplicate
1000537,t_6e644095b5ffa14b,u_01733,2026-05-07T02:43:51Z,Whole Foods,48.87,d_002427,exact_duplicate
1000712,t_4d15d41130c4eb5d,u_00132,2026-07-06T17:18:53Z,Grubhub,20.87,d_000184,exact_duplicate
